timestamp,battery_voltage,battery_current,battery_temperature,solar_panel_current,bus_voltage,attitude_error,eclipse,anomaly
2026-01-01 00:00:00,28.254849074355796,1.8787908544634409,24.283148705340974,5.022692712001087,27.94930005370272,0.006794302986390478,0,0
2026-01-01 00:01:00,28.01908477028316,1.8057447290240891,24.555987964926196,5.352857959103633,28.11634591767219,0.02414684588575691,0,0
2026-01-01 00:02:00,28.347637380519103,2.1511258544620033,23.659113944119408,4.565923079948498,27.948081980247633,0.0007654168463277489,0,0
2026-01-01 00:03:00,28.388116772338595,2.08512570388032,23.570031707746747,4.609091395214888,28.042596394300404,0.012123593413259148,0,0
2026-01-01 00:04:00,27.87386482421512,0.8514351875974766,24.682877197634337,4.726896631944586,27.984951467051857,0.020604555676040463,0,0
2026-01-01 00:05:00,27.996864360744826,2.110541821713944,24.03862317436177,4.901925572460911,28.00533360746309,0.017406063629541245,0,0
2026-01-01 00:06:00,28.260435376917307,1.5911400317501008,23.566101284175883,4.833956218667999,28.011164417273317,0.03808433684265864,0,0
2026-01-01 00:07:00,28.186622274586096,1.4667099874680174,25.272375220825662,5.011507795788481,27.94651518918022,0.011719102886700033,0,0
2026-01-01 00:08:00,28.246590515696287,1.9195060488508744,24.16814161528737,4.4061847102247,27.852445418454465,0.019459662403465104,0,0
2026-01-01 00:09:00,28.102075152024245,2.1495647264628697,25.42901014606658,4.938898791253792,26.185869271357188,0.005343912367967534,0,1
2026-01-01 00:10:00,28.419855261273927,1.4507185497899004,24.657796110697333,4.540224616921021,28.191225615063047,0.024679273560978553,0,0
2026-01-01 00:11:00,28.407431735192073,2.289732175630792,24.857900523191812,4.749833134280547,28.199105849196883,0.014437541139878378,0,0
2026-01-01 00:12:00,28.285098121314665,2.327269285553148,24.517198325765037,5.397804769539672,27.933607610671842,0.0027399088247542537,0,0
2026-01-01 00:13:00,28.481810223676277,2.092245432467177,22.820287310532386,4.310615016931897,27.91201950904352,0.060252123923608465,0,0
2026-01-01 00:14:00,28.36865656290683,1.7864948798147977,23.89677482113521,4.70218638604622,27.93348610625976,0.039917502184954386,0,0
2026-01-01 00:15:00,28.135327356681017,1.7603265898583014,24.61812282424119,4.353873979691281,27.978899511742746,0.023948311117421423,0,0
2026-01-01 00:16:00,28.361760608696823,2.473654162257788,24.97499137467074,4.85357379109312,27.993704684304845,0.029199350364985638,0,0
2026-01-01 00:17:00,28.128055854475516,1.5955864088248088,23.480436005242574,5.1668815203865055,27.880248585009124,0.020227461801874288,0,0
2026-01-01 00:18:00,28.463922399647952,2.5054344419900163,24.709176641541998,4.859379291595494,27.82243169841455,0.0024313255954855686,0,0
2026-01-01 00:19:00,28.301832401581095,2.081783798500946,23.974564035676273,4.759149451332518,28.00599307678089,0.043552965155034706,0,0
2026-01-01 00:20:00,28.28242654430543,2.111140638679273,24.9377929914441,5.264940815168218,27.576350907892415,0.30630227972175206,0,1
2026-01-01 00:21:00,28.197876191151884,1.550251966484232,24.773345106929007,4.91567585217025,27.987921181682104,0.010592008095296208,0,0
2026-01-01 00:22:00,28.545095947643947,2.0984359689116783,34.61808606139567,5.086848119709133,27.886630286990673,0.029075785038083585,0,1
2026-01-01 00:23:00,28.301665857288572,2.3645417200606653,25.560297239848236,5.050340085395797,28.09361854319354,0.031062980060396126,0,0
2026-01-01 00:24:00,25.72265262671595,1.6803391326307024,25.148038669226562,3.7933158585451334,28.125716185252617,0.019208837880593035,0,1
2026-01-01 00:25:00,28.274503960673535,2.319205267092419,25.442194206091845,4.773165918032668,28.12854949122975,0.0627507760953658,0,0
2026-01-01 00:26:00,28.43765758904881,2.170757792984257,24.607798237641244,4.422673935891527,27.958426374245125,0.06079740399266999,0,0
2026-01-01 00:27:00,28.411402990573023,1.9075553158619962,26.842283686862288,4.509739087045098,27.86378271856439,0.018204856625544347,0,0
2026-01-01 00:28:00,28.423518633147186,2.423649929370332,24.025933847945552,5.316105137563852,27.902248921976007,0.020989254211106294,0,0
2026-01-01 00:29:00,28.430196437849574,1.3437880470622137,24.522624022048053,4.6688180591370925,28.034513281981766,0.018875132234634495,0,0
2026-01-01 00:30:00,28.74138114083788,2.2244471533848515,25.53588801587597,5.4623988685321025,27.802496262995056,0.013996017285148677,0,0
2026-01-01 00:31:00,28.285775863765373,2.656965455719917,25.444661918476676,4.3073090529052,28.167225938735683,0.008426310773911962,0,0
2026-01-01 00:32:00,28.269579237100974,2.579783862447584,25.271683346920565,4.420715226902921,27.96032439618432,0.03412342801045465,0,0
2026-01-01 00:33:00,28.21795909129105,2.196533041105571,25.415920139880203,5.06682273133319,28.060020840693152,0.060305945861060105,0,0
2026-01-01 00:34:00,28.477769389885612,1.9375421580148529,23.497323130868384,4.680519968084522,26.833891895428494,0.05290147401811564,0,1
2026-01-01 00:35:00,28.572359684431223,1.802444768598618,26.080866306898063,4.907564567810367,27.888882156909,0.03920518590832548,0,0
2026-01-01 00:36:00,28.35067963055525,1.899700810435391,24.838103672109394,4.760692610770588,27.771318502521236,0.018328014523435535,0,0
2026-01-01 00:37:00,28.221798939415642,2.1758042792528887,25.865347465288632,4.750098316711897,28.12254273925614,0.008561890701061295,0,0
2026-01-01 00:38:00,28.226246611905253,1.6817797150642662,23.582069241406067,4.693517375943773,27.980775431214997,0.04415493951691432,0,0
2026-01-01 00:39:00,28.49317326994053,2.2074561613941635,25.197372277818697,4.862822676142708,28.06855659441235,0.05414872206271877,0,0
2026-01-01 00:40:00,28.511051146358817,2.666313231465147,24.635477446110496,5.0245734006347655,28.007609641879608,0.034967223232409986,0,0
2026-01-01 00:41:00,28.476016020668418,1.8748139422413617,25.442484181810034,5.365047752840367,28.056217006469485,0.019499554329095368,0,0
2026-01-01 00:42:00,28.259222193854324,1.402230910637059,25.27593483852753,4.729120612630013,27.959506976750976,0.04934141816912786,0,0
2026-01-01 00:43:00,28.42135056719878,1.3780499241252786,25.322116945409082,4.662226596527443,27.97557452926313,0.0385646878938204,0,0
2026-01-01 00:44:00,28.400893794508768,2.0962127089094955,24.33643291119538,4.617138455239304,27.98899210974289,0.045474015053200506,0,0
2026-01-01 00:45:00,28.41936394741122,1.7790888373638447,25.049531089903866,5.314424349261374,28.04867579859127,0.008418243930708086,0,0
2026-01-01 00:46:00,28.53674752889411,2.082476047811975,24.97491684785716,5.041613713989836,28.051854210546164,0.031180118416570902,0,0
2026-01-01 00:47:00,28.41980872782621,1.5645174274582048,25.45928020733221,4.13533830074664,28.337372426080883,0.05694228064840047,0,0
2026-01-01 00:48:00,28.50121838251923,2.0179491498527256,25.816503740842858,4.119907754021266,28.201792255285554,0.03449407174839457,0,0
2026-01-01 00:49:00,28.39041248488148,1.6481222147566466,25.240663119170524,4.50947974217567,27.786548945693244,0.04206840516920785,0,0
2026-01-01 00:50:00,24.95257164078845,1.4239165304726338,24.2532431756497,4.880550905419031,27.98282734264873,0.02565471238909594,0,1
2026-01-01 00:51:00,28.489698448783024,1.5172927073426357,25.233000648060006,4.788285451273458,27.95129249916814,0.02690935220127683,0,0
2026-01-01 00:52:00,28.112365183155656,1.2167159286268054,26.996476687350548,4.980172493145288,28.1536156576972,0.050245495762728756,0,0
2026-01-01 00:53:00,28.31548628632458,2.310804103021942,26.331849303290817,4.738594795235852,27.962110244487853,0.012943809726875626,0,0
2026-01-01 00:54:00,28.286523095160423,1.560541526952164,23.108380803489382,5.28909656998263,28.0557146652936,0.01118249587132387,0,0
2026-01-01 00:55:00,27.45414665905766,-1.7993957323515204,27.245506596309948,0.2702389825709055,26.515277693647576,0.01639214755411497,1,1
2026-01-01 00:56:00,25.265089703526556,-2.2310346261654286,27.86424522540513,0.027151812490490115,27.818367902632808,0.02542203524445302,1,1
2026-01-01 00:57:00,27.83352761839786,-2.428275426610026,27.094615422530666,0.40086880068693675,28.251075181492297,0.003981600404025346,1,0
2026-01-01 00:58:00,27.405933327509064,-2.15766194258363,26.910549410076957,0.0,28.00602932778499,0.038159060746834145,1,0
2026-01-01 00:59:00,27.73322067054107,-1.704745763711545,27.055991138374686,0.0,27.880184797183716,0.022043556050700516,1,0
2026-01-01 01:00:00,27.25296801379035,-2.2853650183139527,27.639534456325812,0.04812930714479483,28.029144504546704,0.04036640668199636,1,0
2026-01-01 01:01:00,27.492369351910714,-2.4192641066600036,26.45908965433158,0.2107127749833783,27.8736329255857,0.013143258677491249,1,0
2026-01-01 01:02:00,27.578522314778805,-2.0701018635691755,28.104997022905295,0.0,27.96599517497252,0.040435414476729076,1,0
2026-01-01 01:03:00,27.651143078632156,-1.9582118704520932,27.243494150741565,0.0,27.825685847290718,0.04906410899115632,1,0
2026-01-01 01:04:00,27.669862720011924,-1.5646066450979847,26.637822935498615,0.14016127872287604,27.905353453864787,0.032893861012031116,1,0
2026-01-01 01:05:00,27.680690502097402,-2.0208700461238998,28.08891060314264,0.16700674423906753,27.950039597264965,0.025540341787022355,1,0
2026-01-01 01:06:00,27.47099555558121,-1.9226852258929636,26.229672795515842,0.4151454445089704,28.134483917720406,0.040573659388063316,1,0
2026-01-01 01:07:00,27.446257841381335,-1.8980404565345708,26.931888192065493,0.2665268663423607,28.05568552092198,0.047885708657336476,1,0
2026-01-01 01:08:00,27.679474165308907,-2.5533421731331045,26.929503973110098,0.0,28.07662288431305,0.03441267822118149,1,0
2026-01-01 01:09:00,27.4860087306659,-2.485248888043236,28.839446118877888,0.23624081213206413,27.996907041836323,0.03575754125762781,1,0
2026-01-01 01:10:00,27.28607823154275,-2.5240464149162505,26.868050029005758,0.0,28.09874189180435,0.05482495373499327,1,0
2026-01-01 01:11:00,27.30682736703799,-2.605854518688675,25.847832877373655,0.051370883466998474,27.89517768767881,0.03870082574164201,1,0
2026-01-01 01:12:00,27.340299933932354,-1.8544588244986624,26.95764669465488,0.2781808225515769,27.9120752866022,0.010595335611031013,1,0
2026-01-01 01:13:00,27.59014365655441,-2.022996817016061,27.692274681695963,0.0,28.048910928574827,0.047799554234336655,1,0
2026-01-01 01:14:00,27.521022100054676,-2.086754294122701,27.93058286596649,0.12669638783614312,27.966502313196738,0.02277301678288878,1,0
2026-01-01 01:15:00,27.614287363732196,-3.0105596717153476,28.983496479222385,0.3364580692609544,27.99833849819646,0.025599094154850063,1,0
2026-01-01 01:16:00,27.40759940496088,-1.3707462498777483,28.38280147547902,0.2492577012586685,27.98030376665025,0.026923847693625252,1,0
2026-01-01 01:17:00,27.50744395081584,-2.388798965216097,27.537431673131874,0.43171514955847934,28.150414049747376,0.042439621617805706,1,0
2026-01-01 01:18:00,27.585818866667765,-1.341966224338453,26.78966466181305,0.8149569042835186,28.156666351921466,0.056479352337812254,1,0
2026-01-01 01:19:00,27.411746809665217,-2.5503649478886095,28.55810004598951,0.24602472067493014,27.92486010873235,0.025439585958028296,1,0
2026-01-01 01:20:00,27.543783168558953,-2.3093160688850767,27.170766232823855,0.0,27.788815678373112,0.05616271798202473,1,0
2026-01-01 01:21:00,27.33647638959549,-2.776722122180736,26.975383864623936,0.17913806673693022,27.914620371893484,0.027962589629870402,1,0
2026-01-01 01:22:00,27.384265031665347,-1.8587280009016778,27.151327660305167,0.16408644577164605,27.892364782411846,0.05023902298701354,1,0
2026-01-01 01:23:00,27.37483312028824,-2.349754934258993,26.57371399168435,0.21472874272863354,28.09980980089589,0.028571795287614162,1,0
2026-01-01 01:24:00,27.222172968141166,-2.317907879010954,27.131688066316798,0.5232556865330801,28.110459697212935,0.016136374183767285,1,0
2026-01-01 01:25:00,27.518911718521448,-2.400087026175023,27.30076151706336,0.0,27.876271098035442,0.05959778321980155,1,0
2026-01-01 01:26:00,27.34055873693632,-1.6243988025776979,27.98197997314693,0.5298432969654069,27.909459428973417,0.01441807362195289,1,0
2026-01-01 01:27:00,27.421064064759157,-1.6237568137375746,27.205288259124185,0.6476459038203395,27.822518669529387,0.013213436592961371,1,0
2026-01-01 01:28:00,27.499090563877004,-1.2144987234584481,26.59600409727943,0.1988247321445751,28.016125422822732,0.002391274680202199,1,0
2026-01-01 01:29:00,27.48665752109184,-2.0644120831859842,26.36670526804332,0.20724727842809654,27.99461002870991,0.04781081534564249,1,0
2026-01-01 01:30:00,28.3197693196151,1.8765867798663802,25.642008580978803,4.715424317459175,28.09469461809267,0.05206205138979984,0,0
2026-01-01 01:31:00,28.175990703381853,1.3731474467197609,25.551954665181952,4.802213396435847,28.059655755347134,0.03171633714436168,0,0
2026-01-01 01:32:00,28.11125013855811,1.7314469273786612,25.118746392033792,5.044283255701853,28.07322435652674,0.007290283551315353,0,0
2026-01-01 01:33:00,28.16683559864867,1.6911732321378032,25.18503550975801,5.021743337469613,27.81495975522571,0.024877981856771366,0,0
2026-01-01 01:34:00,27.871228643714744,2.0590305596593472,25.789525780477323,5.052248405501185,27.92484087560893,0.019552851681854118,0,0
2026-01-01 01:35:00,27.908263082983797,2.275664682410351,26.496136512059618,5.019334000061149,28.113867676569186,0.006451565252487995,0,0
2026-01-01 01:36:00,27.92448996542901,2.289231166867555,24.98166062780148,5.11443649094983,27.93537086578448,0.0161999518626504,0,0
2026-01-01 01:37:00,27.976949629823793,1.6693307516988978,25.594839228770063,5.075327034494976,27.804692095063714,0.03410324172334665,0,0
2026-01-01 01:38:00,28.222344636763157,2.3349355090996715,26.208078872285878,4.441477967158954,28.096958749584598,0.014106961110696573,0,0
2026-01-01 01:39:00,27.9813907110477,1.9902950403146367,32.13892361433665,5.091293815227758,27.93072820059827,0.030251209896719616,0,1
2026-01-01 01:40:00,28.07036711447429,1.9113667498263336,25.535219687730358,5.450505315745679,26.58345160537144,0.00697379959534402,0,1
2026-01-01 01:41:00,28.366431906786627,1.7951514092740275,25.52375407705994,4.790680636815609,27.997790233499163,0.055225259040342964,0,0
2026-01-01 01:42:00,28.062659889455297,1.8641231608905444,34.07841655972055,5.324817981793867,27.96673366685187,0.01795459158651139,0,1
2026-01-01 01:43:00,28.25384599590204,2.685613609931034,25.67617959508063,4.478946645030943,28.163582906934803,0.040664479911532214,0,0
2026-01-01 01:44:00,27.94744393629676,2.1977569186671726,25.584001077739703,4.789583083136348,27.84368132570354,0.02839633038585957,0,0
2026-01-01 01:45:00,28.073021239583827,2.1642230379499754,25.954000451958734,4.575594646866549,28.17210654155573,0.032244966115963045,0,0
2026-01-01 01:46:00,27.93361056255412,2.022791515716777,24.73797437394364,5.28272743834833,27.92327728053449,0.004624280917418209,0,0
2026-01-01 01:47:00,28.03831932371316,2.9806068631016855,25.578958829748093,5.374166794043098,28.01948438323792,0.011309938284639219,0,0
2026-01-01 01:48:00,28.245454119329686,2.5896234517995524,26.542208780484078,4.765281357969353,28.02061842345107,0.011718638547247221,0,0
2026-01-01 01:49:00,27.778263258266758,1.8872317640170215,37.51459226488371,5.209871532931648,27.9487456211725,0.02545625366873396,0,1
2026-01-01 01:50:00,28.162494486094676,2.0489174444076546,26.476606464081684,5.377719319766166,27.908546477190768,0.048870800449078516,0,0
2026-01-01 01:51:00,28.122348899275217,2.073097073199077,24.759070714026958,4.788478399713416,27.95562133732418,0.032798587117684644,0,0
2026-01-01 01:52:00,27.968014501291954,2.2008419818555938,25.90109141605919,4.845413064128944,27.878252477944866,0.008793873301917263,0,0
2026-01-01 01:53:00,27.81022842214912,1.9043576920356815,25.249314316738925,5.056765379369444,28.235435277153762,0.026572011554705247,0,0
2026-01-01 01:54:00,28.079217242802564,2.3016684465554897,25.78823798345726,4.5051117064679005,27.942264283517535,0.02354859097251718,0,0
2026-01-01 01:55:00,27.966803312607098,2.652913559768033,25.05077447740208,4.838534158325096,28.139073670531594,0.018684428183822543,0,0
2026-01-01 01:56:00,28.100039782394635,1.6798336660451416,24.393541032275397,5.549975487170678,28.123260755029158,0.024722502535245258,0,0
2026-01-01 01:57:00,28.05831032720673,1.7380184227210802,25.353284051589547,4.624995267912396,28.043551568674822,0.03874681458411243,0,0
2026-01-01 01:58:00,28.33909343737786,1.9554088547443182,26.1015688576845,5.0988391842472796,27.983718515912045,0.012041324467316138,0,0
2026-01-01 01:59:00,28.0042673297467,1.9616994701669679,25.798474619118345,4.983331556147954,28.023253821649647,0.01877396193401185,0,0
2026-01-01 02:00:00,27.859885878646864,2.80257194748563,25.879892903211147,4.742681931953967,28.0686603720705,0.042678174452070644,0,0
2026-01-01 02:01:00,28.07333904757753,2.440761377399458,25.750055878352182,4.877579282518287,28.012056215271585,0.03344132992040799,0,0
2026-01-01 02:02:00,28.077816474781066,2.4063165870037455,25.882387652296647,0.41643268973465725,27.811990121122765,0.048024012645079286,0,1
2026-01-01 02:03:00,28.28021558116761,1.9675726961873978,25.970310839572324,4.993759001302755,27.781802642049986,0.050845294916739545,0,0
2026-01-01 02:04:00,28.1834269304426,1.9429207372852644,25.407636148355962,5.0484365181414415,28.181078586857414,0.0005102598366031226,0,0
2026-01-01 02:05:00,28.09509211890545,1.5168787685724,25.658023392993734,5.360301803688115,27.683834331614143,0.030189360176987222,0,0
2026-01-01 02:06:00,28.292204347486393,2.2793339181191015,26.82019401103298,4.698706347050641,28.023482218435223,0.015856780704066632,0,0
2026-01-01 02:07:00,27.81299554495299,2.1573408541646963,25.699074328512427,4.433579781556754,27.97180263826079,0.003423056775663822,0,0
2026-01-01 02:08:00,27.910191493375365,2.414414124612461,25.62901286742239,5.418921587056597,26.857805755574628,0.010794519086221126,0,1
2026-01-01 02:09:00,27.85714976241492,1.868567425401872,25.6706298073251,4.8477826239164505,27.863203991051915,0.019586169713989042,0,0
2026-01-01 02:10:00,27.952568839889764,1.8700843489938452,25.445293438449745,5.112760297552154,28.042081298552095,0.019698627666936194,0,0
2026-01-01 02:11:00,27.773948241066382,1.955989009532172,25.292125615682114,4.533184785033224,28.02472197210101,0.014076003611841487,0,0
2026-01-01 02:12:00,28.1353132292603,2.184933243213699,36.44921293462268,4.9359842068361575,28.33132140967357,0.024754454887867518,0,1
2026-01-01 02:13:00,27.980438385475452,1.3341351176019054,25.240445477308022,4.41607352529835,28.01559760558208,0.06903963156200757,0,0
2026-01-01 02:14:00,27.755364518126083,2.0820344126188757,25.49111199093796,4.822308943904832,28.161788212819378,0.00605393471023858,0,0
2026-01-01 02:15:00,27.837195765382642,1.7928265532395096,25.037965876877525,4.573226885187602,27.820157718946234,0.04546918451177904,0,0
2026-01-01 02:16:00,28.076542143677596,1.4050621904057623,25.66511583144034,4.492820982780607,28.122411438165447,0.024669262359797415,0,0
2026-01-01 02:17:00,28.17130125317422,1.021677401235054,25.996453380134923,4.693907065721927,28.027152796354823,0.017118180751169595,0,0
2026-01-01 02:18:00,28.380397619338233,1.679465109056361,25.437014136691012,3.9973132749611278,28.03236864208337,0.011327781369611878,0,0
2026-01-01 02:19:00,28.546246991507836,2.210226469609975,24.177155862159605,4.394034146777863,28.034028225215245,0.038729739626335344,0,0
2026-01-01 02:20:00,28.097328302447483,2.2664325831955043,25.99377605664039,5.073844954691115,28.204760580557156,0.0009374149518676378,0,0
2026-01-01 02:21:00,27.845816570262176,1.7820238486580042,25.661969247554502,4.921683236341704,28.030612535886707,0.03990209027958287,0,0
2026-01-01 02:22:00,27.641578438738687,2.322386935369725,24.87973292091559,4.424034568563087,27.90590535409771,0.056343955641887586,0,0
2026-01-01 02:23:00,28.075160957952992,1.5994988784835174,26.113268729691526,4.991755749312773,27.926087435287428,0.001909532255322581,0,0
2026-01-01 02:24:00,27.882480429911013,1.927931404772608,24.589897265705048,4.49262542474684,28.098055299263766,0.04603049052923322,0,0
2026-01-01 02:25:00,27.156091021426192,-2.182906474507538,28.297226807968624,0.2526873546446965,28.053694654986415,0.02545790856544842,1,0
2026-01-01 02:26:00,27.12292948234721,-2.223240023410101,27.521763168963552,0.0,27.81634316055676,0.01269568337314319,1,0
2026-01-01 02:27:00,27.210219458069382,-2.297228879825311,25.970024885980564,0.0,28.061757018863116,0.00331329661094424,1,0
2026-01-01 02:28:00,27.430093513207925,-2.7969888952558617,27.679204679003377,0.0,27.8701189171832,0.028208079567493743,1,0
2026-01-01 02:29:00,27.269338175425556,-1.6396808594128456,27.266016341557652,0.8958349598329978,28.052590962371692,0.03222129842139331,1,0
2026-01-01 02:30:00,27.215561156651837,-2.3276802450228593,27.156367663648474,0.0,27.90333351537777,0.003452442600782042,1,0
2026-01-01 02:31:00,27.060933667183196,-2.395081489119027,27.025400102474865,0.07929553319323254,27.966222191839073,0.025570691685765486,1,0
2026-01-01 02:32:00,26.94933030689331,-2.537504437662812,27.44823853588024,0.2734790483223298,27.934622985065264,0.039824007286266214,1,0
2026-01-01 02:33:00,27.16684151737931,-2.204395583491003,27.19297516660226,0.0,28.182269557988246,0.042974359349547506,1,0
2026-01-01 02:34:00,27.24847720520349,-1.522381195500689,26.228078666470402,0.0,28.048221730037202,0.017568952589216077,1,0
2026-01-01 02:35:00,27.58033938468296,-1.4118601157663218,28.41320165515112,0.0,28.15133356027688,0.03289243801401835,1,0
2026-01-01 02:36:00,27.289683345279187,-2.7293860699096246,27.34653456834464,0.26581212038810376,28.347425507615547,0.044303836956357305,1,0
2026-01-01 02:37:00,27.44741194792319,-2.2738435880483823,26.999900520987676,0.0,28.005616641031594,0.040344207625936074,1,0
2026-01-01 02:38:00,27.18508828558033,-4.09419247598547,26.716868712101277,0.0,28.180238822356145,0.04104586987592421,1,1
2026-01-01 02:39:00,27.066266612900343,-1.802164453954864,28.04062901497054,0.31876937795222793,27.916065320128865,0.027043119081407545,1,0
2026-01-01 02:40:00,27.110577213054594,-2.044374972001399,26.586407379345054,0.0,28.150585373191525,0.023298680733233476,1,0
2026-01-01 02:41:00,27.158640242824944,-2.3624027687795413,36.52311384498951,0.0,27.903098938308492,0.029898044327588504,1,1
2026-01-01 02:42:00,27.677323206425683,-2.107469202496447,27.07467126525488,0.0,27.997790184215244,0.01125216305796641,1,0
2026-01-01 02:43:00,27.151495675114873,-2.2916108665910735,27.109156331301268,0.11225167125402849,28.06442531882021,0.045017709875374706,1,0
2026-01-01 02:44:00,27.45554258911056,-1.5495917831734949,26.698028677395317,0.08032747609894356,28.083307747606874,0.002547282021825619,1,0
2026-01-01 02:45:00,27.147473107944332,-1.9116730610689405,27.02971374528309,0.27843770435852616,27.84729380294487,0.015922414385456725,1,0
2026-01-01 02:46:00,27.483178261015905,-1.8557249530735114,27.46337080419128,0.0,26.98312355080617,0.02434762929953775,1,1
2026-01-01 02:47:00,27.390384367477022,-3.0092248810738664,27.615034317356415,0.0,28.073374009452507,0.03345423098085737,1,0
2026-01-01 02:48:00,27.298592582667897,-2.083476726507172,26.89336458491493,0.0,27.955874012414426,0.036835513270039574,1,0
2026-01-01 02:49:00,27.325233558480758,-1.3140065939899874,27.37243984826797,0.0,27.832318178936635,0.05180175083132578,1,0
2026-01-01 02:50:00,27.22057458902409,-1.5608304888774494,28.050678819731512,0.5186258264044287,27.991482791859113,0.0263995380484878,1,0
2026-01-01 02:51:00,27.424669937279283,-2.6522061933744716,26.257440854182008,0.0,27.98572341926515,0.012076254703066738,1,0
2026-01-01 02:52:00,27.268488249491597,-2.09517078392088,27.409267207601093,0.0,28.02122979775707,0.022389338832715024,1,0
2026-01-01 02:53:00,27.13584502131395,-2.3848468600466144,26.740337095609746,0.0,28.063508958513676,0.01925084398821951,1,0
2026-01-01 02:54:00,27.13254713227527,-1.343472278949526,26.66109425530733,0.0,28.055878163090004,0.034358802340649953,1,0
2026-01-01 02:55:00,27.39980915320993,-1.8342096513674169,27.572626752911113,0.0,27.90781922865897,0.005794018043062565,1,0
2026-01-01 02:56:00,27.659185267981066,-2.165201520441953,27.000047655290672,0.23484543162338997,27.95070058375446,0.34040702224131963,1,1
2026-01-01 02:57:00,27.40998336705504,-1.8608138115469397,26.521627250148047,0.0,28.11133464319454,0.05420791633345033,1,0
2026-01-01 02:58:00,27.366088936026276,-2.761288520509992,28.29191550979927,0.1093150066242072,27.934817815954833,0.028237338356824095,1,0
2026-01-01 02:59:00,27.445166795722006,-2.2041512220202453,28.000371191756006,0.009009936558900655,27.952588952960912,0.006047209676366658,1,0
2026-01-01 03:00:00,28.43508031350723,1.8127553040392081,23.99495039760195,4.613965112817333,27.81948771036926,0.01888387689323113,0,0
2026-01-01 03:01:00,28.245770759651943,2.1204011447691062,24.306587072511146,4.879572493020222,27.99655834358785,0.01519369899564374,0,0
2026-01-01 03:02:00,28.13858926372387,1.1692506431269536,25.745096468732793,4.471818471728461,28.041432455771268,0.023940518500010607,0,0
2026-01-01 03:03:00,28.417947091198954,1.739364734090365,25.121123576840372,5.094295540289466,27.76294081378637,0.054658264496924736,0,0
2026-01-01 03:04:00,28.302227317095902,2.249863083017537,26.361666680142463,4.555580895499684,27.871569954208827,0.0036411465870085785,0,0
2026-01-01 03:05:00,28.507692750539324,1.4116983866333386,25.73330096914226,4.664771588987589,27.829392671740795,0.0012088436800529144,0,0
2026-01-01 03:06:00,28.27040630304714,2.02257181725099,25.501965794074497,4.6231271481110126,28.09460226844405,0.01324131969849105,0,0
2026-01-01 03:07:00,28.02314151549825,1.9874061230621634,24.56738536065241,5.0413157475427175,27.770517847186394,0.04158369412593122,0,0
2026-01-01 03:08:00,28.00334606818284,2.585504854606433,25.616923173183867,4.990555369728114,27.990557848346477,0.3367310214391613,0,1
2026-01-01 03:09:00,28.552790086789113,1.9251771707132923,24.36998386806876,3.8824045919266696,28.086143458593465,0.033067818711032024,0,0
2026-01-01 03:10:00,28.57182345553961,1.9649154539590143,26.166672989908605,4.8889850276973625,28.02253859789432,0.0018536250200088707,0,0
2026-01-01 03:11:00,28.235115728423995,2.34236634326829,25.538363101245896,4.189392508861046,27.947204960387324,0.02459995229271921,0,0
2026-01-01 03:12:00,28.204238877949166,1.595878655099817,24.655231650447362,4.680537400733793,28.04157620641308,0.05720965867762713,0,0
2026-01-01 03:13:00,28.54196677902563,1.9984946414695521,25.785518531020873,4.762139092388654,28.124436796059737,0.0194037873660674,0,0
2026-01-01 03:14:00,28.08523665853363,1.930659396600086,26.780828980121825,4.676779619663857,27.9870866067335,0.027528505093157855,0,0
2026-01-01 03:15:00,28.128949136587952,2.0544897568777682,25.04883441885694,4.975286727734621,27.731327532047924,0.029330072871983106,0,0
2026-01-01 03:16:00,28.411184290606002,2.4115201733417013,25.575749730203675,5.052026798127836,28.13772793505748,0.002825533265005814,0,0
2026-01-01 03:17:00,28.229625800510007,2.318470868877136,24.87736505061567,4.5292869725132485,28.048031758607237,0.04296304082716406,0,0
2026-01-01 03:18:00,28.304879409403032,1.8708309727182675,25.228469879796908,4.516571049125938,27.99603083619891,0.04036771149093627,0,0
2026-01-01 03:19:00,28.281399343824205,2.1874482253611234,24.102631289341257,4.787410656221619,27.76235537821168,0.010883727161352726,0,0
2026-01-01 03:20:00,28.376465188527384,2.6663372784894563,25.146193118067615,4.259693771801845,27.964202967619954,0.0010482708693598346,0,0
2026-01-01 03:21:00,28.573790244181062,1.8571046687998392,25.165834104645924,4.633057708684312,27.894942732393194,0.007545397747559548,0,0
2026-01-01 03:22:00,28.341343789924935,2.200595162595638,26.383294287830754,5.271827241685575,27.854046488444265,0.03847028643265975,0,0
2026-01-01 03:23:00,28.44539014685079,2.082180552528164,23.85606099924466,4.272794802176249,27.983626068315974,0.011479982736897088,0,0
2026-01-01 03:24:00,27.964735090400346,2.1260309078360238,34.48596755579865,4.680958924240307,27.935683973740282,0.032224319786600786,0,1
2026-01-01 03:25:00,28.329118687413995,1.5739525457669827,25.99109152695862,4.592694715474459,27.943588143682604,0.021728050083987205,0,0
2026-01-01 03:26:00,28.190060486996494,2.6333705032058705,24.908452045898297,5.501843758485715,28.088755163991532,0.026281091553696533,0,0
2026-01-01 03:27:00,28.126236708111236,1.86184661539244,24.94594441407016,4.6117485776656215,28.03066865681432,0.03392683773247578,0,0
2026-01-01 03:28:00,28.19115933701273,2.483639538652112,24.470704204381814,4.632066190124526,27.940538221226028,0.029902014185218845,0,0
2026-01-01 03:29:00,28.29250643798201,1.8970961033880798,24.38917630951919,4.4392322752693945,27.925314253498026,0.02465850623979103,0,0
2026-01-01 03:30:00,28.52074703030528,1.8841822631610374,23.751831405428682,4.803262631248538,26.446681431890248,0.030887447727415973,0,1
2026-01-01 03:31:00,28.120179877521483,2.514756288057178,24.577323652030955,4.894558469258291,27.97030669238788,0.028905497389390925,0,0
2026-01-01 03:32:00,28.367296597000845,2.4236633749796264,24.312989308105152,4.489963053333142,28.0700860221251,0.021225994516693717,0,0
2026-01-01 03:33:00,28.277287684375626,2.133133753554482,25.075848721258986,5.146052980252688,27.87489278444482,0.017237762708086996,0,0
2026-01-01 03:34:00,28.30791193683687,2.309533122092861,24.429459601619413,4.894872254500978,28.175012706100674,0.05884797072451534,0,0
2026-01-01 03:35:00,28.54964108029629,1.9239821903005494,24.632643531187625,5.098164744067813,28.07017263893532,0.017031311946473005,0,0
2026-01-01 03:36:00,28.46805095159383,2.0027961686007543,24.63926936395225,4.685152565256028,27.671448641095125,0.0496059098984867,0,0
2026-01-01 03:37:00,28.61375876460859,1.7539032051192855,24.909481451681767,4.885114515811966,28.010241908131427,0.012667675359971223,0,0
2026-01-01 03:38:00,28.346842208464697,2.2807377792301535,24.560545454037534,4.725416226794072,28.124888397205094,0.039583141269543425,0,0
2026-01-01 03:39:00,28.250796898031357,1.6996631591679565,24.174506742117988,5.310188542321902,28.046644708979297,0.05710764813961558,0,0
2026-01-01 03:40:00,28.336970808503708,2.4395117708922327,24.964973518716633,4.840692448079872,27.95051908483382,0.018924883236204806,0,0
2026-01-01 03:41:00,28.421897674802302,1.785931115624011,38.15942182406073,4.80306388191025,27.992668986442606,0.012986941196616643,0,1
2026-01-01 03:42:00,28.410797145687958,1.879947089191933,24.96903355254551,4.63961530034268,28.021398393780522,0.01727386682778257,0,0
2026-01-01 03:43:00,28.184371676044762,2.11426539256504,24.43922719220825,4.6194127293347425,28.092350590554798,0.0246513825762486,0,0
2026-01-01 03:44:00,28.396178509556453,1.8327673132267976,24.766835487222394,4.8832027261883395,27.830188618225154,0.030793684091655296,0,0
2026-01-01 03:45:00,28.421081099425002,1.6957320900001416,23.404475754562867,5.08685561078045,27.927397797611615,0.024280050586653112,0,0
2026-01-01 03:46:00,28.83303567561954,1.7650770274565917,24.729163815057536,4.560404665731469,28.196629375368097,0.017440277927174768,0,0
2026-01-01 03:47:00,28.71739355907747,2.064125838409132,24.533273130353642,4.844302747011644,28.003953666793713,0.060181753440579494,0,0
2026-01-01 03:48:00,28.2254301380657,1.4952326304659378,24.146824878464496,4.86445932185669,28.18334825642537,0.02139210114185512,0,0
2026-01-01 03:49:00,28.32651924729463,1.6593439729184083,24.26045681028651,4.925427230731463,28.35827116453411,0.013838175211488604,0,0
2026-01-01 03:50:00,28.113845835211535,1.6838933044041329,24.48639472480359,4.202376259348748,27.94095582318303,0.03994920101644999,0,0
2026-01-01 03:51:00,28.269739305618657,1.960246993358149,25.45486968993064,4.476343555101154,27.85632626303672,0.04023584439088514,0,0
2026-01-01 03:52:00,28.431462131375937,1.6007390721699353,25.511140128790384,4.321954417957334,27.968136314706406,0.0504248087843413,0,0
2026-01-01 03:53:00,28.59008075702878,2.247432940591181,24.083520207823792,1.2680495241770697,28.13187912611785,0.05970154766288799,0,1
2026-01-01 03:54:00,28.239955082139275,1.5394866594973515,24.357026817295473,4.484659320538391,28.148667504613154,0.031232896364294174,0,0
2026-01-01 03:55:00,27.45139831252926,-2.1081649368321362,26.361306475942293,0.0,28.27263729821882,0.019811423580221615,1,0
2026-01-01 03:56:00,27.180381068469064,-2.1029916722268545,27.25920722575789,0.0,27.995583337682046,0.009240267206705226,1,0
2026-01-01 03:57:00,27.535158316677585,-2.5209251889473916,26.780755468556507,0.0,28.058566781866297,0.008118674469735025,1,0
2026-01-01 03:58:00,27.37054833419913,-2.4386581601278925,26.730201051881565,0.0,27.914587641885454,0.028754111829992143,1,0
2026-01-01 03:59:00,27.463631469788712,-2.275896561802947,27.026953149147932,0.2652679547115327,27.699161806074684,0.0037430467617552005,1,0
2026-01-01 04:00:00,27.39804963261103,-1.7055684442270076,26.220377171033082,0.16772978942845224,27.995241676282188,0.0035321915844461656,1,0
2026-01-01 04:01:00,27.535681397542692,-2.126172036981412,27.578862625408668,0.052580248516023484,27.861549489551233,0.026184902109127703,1,0
2026-01-01 04:02:00,27.232835652615712,-2.294139815463873,26.609176626142194,0.0,28.07720286439116,0.03898166594336104,1,0
2026-01-01 04:03:00,27.28155491481711,-1.7035826197409953,25.997497603871476,0.0,27.7742328015353,0.02056339517399465,1,0
2026-01-01 04:04:00,27.9251064158143,-1.5966915076843076,26.42211131542224,0.0,27.911280053113895,0.041142176849085096,1,0
2026-01-01 04:05:00,23.88975197852278,-1.7052988522365564,27.431419398427757,0.0,28.032121504436855,0.03609849335063328,1,0
2026-01-01 04:06:00,27.336344664464093,-2.446664162411201,26.257669254809105,0.08654597604293256,28.044683460089576,0.045686199635775866,1,0
2026-01-01 04:07:00,27.860125599158795,-2.323123806524463,27.20614966026831,0.21689750908153008,27.99430729030287,0.06412189225112065,1,0
2026-01-01 04:08:00,28.047950597145892,-1.5149791648465323,26.089901050047605,0.11362143187258028,28.224081420151734,0.07205247953204372,1,0
2026-01-01 04:09:00,27.30956151595603,-2.063683771178888,25.977858056127573,0.44206340819430584,28.188335636297094,0.03817008009707877,1,0
2026-01-01 04:10:00,27.44941695752173,-2.2383521862679006,26.961718187416004,0.0,27.91788070083209,0.016722696581642153,1,0
2026-01-01 04:11:00,27.57229906472791,-1.8881817177308058,25.874396563676292,0.0,28.19312916013436,0.02611304595738822,1,0
2026-01-01 04:12:00,27.816966921405648,-1.7803151071279644,27.048135070125515,0.3632573801159019,28.21146417385482,0.05331858253229083,1,0
2026-01-01 04:13:00,27.323020448507652,-2.3245216989232684,26.704678998379418,0.058175738088346945,27.98513171511492,0.008921950804733753,1,0
2026-01-01 04:14:00,27.451235455292395,-2.0377739306877323,25.83321549587494,0.0,28.005448374742258,0.051057899739567335,1,0
2026-01-01 04:15:00,27.62992076369111,-1.778812867098583,26.380920507721722,0.6462824007131738,27.993913413624806,0.02194136692147869,1,0
2026-01-01 04:16:00,27.562762774705448,-2.4962636514802132,26.032998510527598,0.2022056915839389,27.922600073421115,0.029088267126625048,1,0
2026-01-01 04:17:00,27.411198713600612,-2.071482853663204,26.647647273462525,0.0,27.934519878449265,0.010461623888315136,1,0
2026-01-01 04:18:00,27.449124462140755,-2.450137067484839,27.711060885132458,0.0,28.15831870868759,0.0011729463533535663,1,0
2026-01-01 04:19:00,27.219947941308266,-2.3873836035850338,26.116364754617976,0.4642794350543541,28.052485137178042,0.01998095186389696,1,0
2026-01-01 04:20:00,27.418692351883177,-2.2220606905083953,26.73577683478022,0.07244895731138418,27.933497254352577,0.04845421049803986,1,0
2026-01-01 04:21:00,27.407673310785874,-1.8387330000445514,26.36553912941416,0.00858092183844946,27.888880471317346,0.012364709914868934,1,0
2026-01-01 04:22:00,27.491405304179786,-2.0981796625049682,26.35159224411139,0.23669674960928153,27.909026752166383,0.054025380880369935,1,0
2026-01-01 04:23:00,27.343587041820516,-2.1912613907140037,26.20545553377356,0.30803074989889095,27.98033737335581,0.014688279137226864,1,0
2026-01-01 04:24:00,27.52230103840532,-1.9243137279127942,25.707282422681107,0.19245449457181385,28.10958038647687,0.005771911185139738,1,0
2026-01-01 04:25:00,27.613545519187614,-2.3211440050572345,26.528478518453422,0.30939145147118036,27.896790259669153,0.029565466874459316,1,0
2026-01-01 04:26:00,27.453028437153133,-1.7463919482940815,26.07819979649058,0.15798102561593869,28.10820430817639,0.037223295780293555,1,0
2026-01-01 04:27:00,27.48213127690003,-1.476783725100808,25.633432120468633,0.1942117042005793,28.023634809798555,0.02838558249736916,1,0
2026-01-01 04:28:00,27.422124127837957,-1.876431999681828,26.96322344652949,0.0,28.017141033103837,0.02771716112065562,1,0
2026-01-01 04:29:00,27.406297100162902,-1.8953419134655167,26.309157839165543,0.6336238585661457,28.12309553777751,0.05385328379694411,1,0
2026-01-01 04:30:00,28.070119553962286,1.9307041236254492,24.066771853978395,4.368213169353254,28.101203046152776,0.026708461854858284,0,0
2026-01-01 04:31:00,28.250687057694744,1.1144504692194026,25.151113973403522,4.908282165074116,27.831457852891415,0.01653267786263968,0,0
2026-01-01 04:32:00,28.16993224701163,2.0365966951452767,22.914495796057846,4.332131529637487,27.869918362502986,0.004606548221506395,0,0
2026-01-01 04:33:00,28.55795517221933,2.958429123096918,25.07745337389339,4.765654941407416,27.972458020158953,0.412871350697118,0,1
2026-01-01 04:34:00,28.458152724272733,1.8535363971457977,23.557122695869907,4.60004722674617,28.042716738763744,0.0173377955843048,0,0
2026-01-01 04:35:00,28.238195707480124,1.8780132883632679,24.308154083778422,4.847514554970394,28.1637490786268,0.01909414621083934,0,0
2026-01-01 04:36:00,28.025225597907745,2.2026202751114186,23.73531740132757,4.919615188475175,28.00780810310349,0.04393382929125113,0,0
2026-01-01 04:37:00,27.95621999383504,2.540181480844349,23.487797772708017,4.465283203951893,28.204443555846982,0.06197466030599162,0,0
2026-01-01 04:38:00,28.364791007508934,2.326710488033569,25.040613352685934,4.789704940766948,27.915198938333692,0.029523974448954597,0,0
2026-01-01 04:39:00,28.191671801538995,1.251262430798123,25.407298530592122,5.2877859778596985,27.935490561486468,0.022534031084836256,0,0
2026-01-01 04:40:00,28.22486218681187,2.22216525657225,23.940205036591102,4.340707215874488,27.963318099456764,0.024898255446884125,0,0
2026-01-01 04:41:00,27.81854533552978,2.943305980495235,24.317075286462025,4.5010811807932765,27.90193269692404,0.016800310874740626,0,0
2026-01-01 04:42:00,28.293726330926827,2.2779550552829,24.109382842642827,5.101264126770367,28.139128537833766,0.01859474741797004,0,0
2026-01-01 04:43:00,28.202888854456553,1.67169309411724,25.26815770686197,4.827144184636246,27.667620290598883,0.018691193847465426,0,0
2026-01-01 04:44:00,27.915617595503935,2.1888035189407793,22.564981547689914,4.852904225438597,27.939571728233965,0.04139310540407793,0,0
2026-01-01 04:45:00,26.49407120337475,1.6548683533551805,24.295629188167574,5.157805822042314,28.13778487362382,0.023412929333786924,0,1
2026-01-01 04:46:00,28.152083629222197,2.5460592074488098,23.51018423678322,4.522075954370598,27.962521782271697,0.049467623426968144,0,0
2026-01-01 04:47:00,28.108789301079387,1.7899554432886018,22.35760364727114,4.618232669465842,28.1287463764375,0.022907011120100004,0,0
2026-01-01 04:48:00,28.041607841142717,2.158855052845512,23.742091085115895,4.5750753467366065,28.263722097399537,0.018393475283033183,0,0
2026-01-01 04:49:00,28.070553046189506,1.8393805034994521,25.275859828255523,1.3015039766486396,28.00964615764429,0.04800175007391767,0,1
2026-01-01 04:50:00,28.038942302179183,1.9534258934124757,23.510836525207832,5.268832729731687,28.14027211227937,0.025387900353274016,0,0
2026-01-01 04:51:00,28.10701774303385,2.6682353894300688,24.511535778892107,4.204621966566421,28.290296502842953,0.022724183192267742,0,0
2026-01-01 04:52:00,28.339830048456147,2.185996797169478,24.78508501614502,4.382023416181474,28.048250884865258,0.02560409157068702,0,0
2026-01-01 04:53:00,27.608520316571408,1.9540659236526818,23.925228751006678,4.322010926447387,27.994232417513402,0.05139969123721009,0,0
2026-01-01 04:54:00,28.023600883802324,1.7472528735685424,24.00662683993048,5.290592882740088,28.108295838091006,0.03050939917217299,0,0
2026-01-01 04:55:00,28.09388423608562,1.4895871933144704,22.709181990944327,4.584960022855083,28.142106010404675,0.047490711800623295,0,0
2026-01-01 04:56:00,28.111436982494467,1.7016552824636586,23.39765151437145,4.68566422387025,27.995342164735163,0.02077676076113897,0,0
2026-01-01 04:57:00,27.98743231637468,2.172055515208836,24.52234215889399,4.234878037727672,27.941938760972707,0.04460927033011626,0,0
2026-01-01 04:58:00,27.734563316093947,2.4675961681513083,23.918479523886518,4.708164887341928,28.20608743819556,0.029278327055613087,0,0
2026-01-01 04:59:00,28.106390529760382,1.9184548938569383,24.12180903524608,5.103282602294688,27.967526265073346,0.040886361915648865,0,0
2026-01-01 05:00:00,28.355038465868354,2.6527991515762084,23.946646528256416,4.888534966895537,28.14324745245787,0.04239963226023935,0,0
2026-01-01 05:01:00,27.76497438040049,1.839038002614385,25.376707279644233,4.762247582045481,28.031544072784342,0.008050848477281655,0,0
2026-01-01 05:02:00,28.193706114131825,1.9924996607543952,31.49237380767449,4.2522900660918905,28.21923581891902,0.026295236914913134,0,1
2026-01-01 05:03:00,27.97642727746221,1.6822488367990505,24.94414145569105,4.68521676944221,27.898114489281348,0.042229563145909414,0,0
2026-01-01 05:04:00,28.022068523928784,2.3898970367593995,23.90299175812494,4.851420167374059,27.89788235175609,0.04509673665526938,0,0
2026-01-01 05:05:00,27.841333596331825,2.7591043783058877,24.984772893483,4.452861300038343,28.1025383682196,0.04756182058226668,0,0
2026-01-01 05:06:00,27.968607716042815,1.3890889019746968,22.930753779792905,5.029211905292258,27.864359283210725,0.02688509905184486,0,0
2026-01-01 05:07:00,28.260980921776916,1.864315018459478,23.90701221401335,5.109773991325774,28.01399541549875,0.05272377174032993,0,0
2026-01-01 05:08:00,28.13022471282811,2.4069879934425735,23.491806197075896,4.614972951971066,28.185809107955183,0.013170281746920054,0,0
2026-01-01 05:09:00,28.335749520841702,1.4359268925775697,23.8547645461619,5.0540412678200966,27.785820143327967,0.2910017028468094,0,1
2026-01-01 05:10:00,28.234668744473787,2.1180464176038645,24.602661567344732,4.761591140880588,28.04825671343303,0.02000300391065902,0,0
2026-01-01 05:11:00,28.10078734983384,2.3239883446086,24.002148087356474,5.201498293552584,28.14540944671891,0.04652516111823621,0,0
2026-01-01 05:12:00,28.334894273543913,1.9001491768111096,24.58135291624012,5.511952731020328,27.99689108019358,0.005448270919748473,0,0
2026-01-01 05:13:00,28.099457239526124,2.04130266016507,23.248155989778024,4.417217081323363,27.888748860356102,0.0014574442317995678,0,0
2026-01-01 05:14:00,28.16914752296003,2.4407306009551077,23.1316759523567,5.069319541241333,27.96848703902872,0.0059691617818019155,0,0
2026-01-01 05:15:00,27.966617228363752,2.4819492939354015,23.709408061032534,5.256737598156954,27.899377625623114,0.03824699711544963,0,0
2026-01-01 05:16:00,28.032087897991218,1.7538967096274878,23.661679046032248,4.460261880876859,28.00829898700197,0.0010568850550568276,0,0
2026-01-01 05:17:00,27.894902182759182,1.5649571674092453,23.549363181856464,4.598707766123469,27.96679533275773,0.03488254586830573,0,0
2026-01-01 05:18:00,28.199111167060785,1.4052378693379906,22.99928127322081,4.5947680156197785,27.938408737304382,0.019094441494476803,0,0
2026-01-01 05:19:00,27.80965709546584,2.0454643781141,24.50036935078373,4.753526566512357,28.055937687395403,0.011129232694338256,0,0
2026-01-01 05:20:00,28.16355766609298,1.2001715046091777,23.398449392503192,4.675272072822782,28.189493874654566,0.007022998142368647,0,0
2026-01-01 05:21:00,27.989616241516984,1.5692412616265499,24.64194615382515,4.730600394180721,28.03933850546134,0.02871323513218502,0,0
2026-01-01 05:22:00,28.23617124609444,1.6716263728590022,23.64400308029256,5.093295914897359,28.16123986845325,0.011425159343544542,0,0
2026-01-01 05:23:00,28.162129312702728,1.4384773780668143,24.080510813057213,4.136465897339845,28.189458987733655,0.024910489425508015,0,0
2026-01-01 05:24:00,28.356526135443296,1.692212254454328,24.008673066716614,4.4591373024255185,27.92960316372182,0.03222531496191786,0,0
2026-01-01 05:25:00,27.362394772663492,-1.1273960019878233,25.03308898794196,0.23447482667345335,28.032983020478945,0.03602790221495635,1,0
2026-01-01 05:26:00,26.950139660160392,-2.0856899362819386,25.85906886929784,0.19347165201730604,27.949006282702165,0.04181776741251414,1,0
2026-01-01 05:27:00,27.223510246502652,-2.2124926585166746,26.943947203735707,0.0,27.82214033905887,0.027965110215168214,1,0
2026-01-01 05:28:00,27.027255776999084,-1.7204376252287032,25.762473088054858,0.19589568260628426,28.04269130424626,0.0060983790584272085,1,0
2026-01-01 05:29:00,27.147779061659463,-3.6220063285583386,26.209612873645415,0.4644034348869215,27.873742045834184,0.03338309202856494,1,1
2026-01-01 05:30:00,27.51613654530861,-1.5993413714005713,26.05652957316231,0.0,28.058116393071867,0.036811665560834865,1,0
2026-01-01 05:31:00,27.362107428653427,-2.0569372492678073,25.778840830881332,0.0,27.813294630023055,0.02173193384988259,1,0
2026-01-01 05:32:00,27.124965759795916,-2.2114624718882374,25.687255780594302,0.30623398970998655,28.02051915993731,0.019817743688538374,1,0
2026-01-01 05:33:00,27.071907815053237,-2.757173491536398,25.93280513247279,0.6030659008398056,27.811512039487248,0.06955319293655242,1,0
2026-01-01 05:34:00,27.264058841068515,-2.706510647030708,26.077095652396448,0.0,28.08086377196463,0.0017250789705373637,1,0
2026-01-01 05:35:00,27.043131173349977,-2.7871772552037584,24.589547812015997,0.013738225882511782,27.952794391169263,0.03388613869497197,1,0
2026-01-01 05:36:00,27.145428681482684,-2.015313955179412,25.70259167328907,0.38155447221045713,27.941224827095738,0.04382856603489668,1,0
2026-01-01 05:37:00,27.326680540818263,-2.626574107410294,25.394195389781977,0.040375550237115206,28.13518058214915,0.0188572256579883,1,0
2026-01-01 05:38:00,27.482917659816582,-1.7103347113849,25.242705642877414,0.0,27.961411579814367,0.02196669846578511,1,0
2026-01-01 05:39:00,27.389133555855803,-2.1374963656793122,26.41782928859699,0.15519620157502942,28.013302312248776,0.017773600646874867,1,0
2026-01-01 05:40:00,26.871866118708763,-2.230148135239857,24.99148786864268,0.0,27.97616605516373,0.02500400163155345,1,0
2026-01-01 05:41:00,27.343966945666825,-2.4349527805181177,24.522545090029503,0.0,28.060887090321177,0.04119086612836982,1,0
2026-01-01 05:42:00,27.30716469776922,-1.9150792188087316,26.050236067887088,0.0,28.12515339067151,0.021432256829768223,1,0
2026-01-01 05:43:00,27.373845528742347,-2.4060885859382193,24.49346926830982,0.4166425526079882,28.100276254826955,0.0809906585031347,1,0
2026-01-01 05:44:00,27.595532275135238,-2.459460217629167,24.1328549179111,0.0,27.94399977165315,0.016850723334229385,1,0
2026-01-01 05:45:00,26.938617110175144,-1.6871864191126815,26.1130332485159,0.11666766308675515,28.1450856362327,0.049795272981981845,1,0
2026-01-01 05:46:00,27.20909650216414,-1.9660457441230066,33.02196083709801,0.20263405070279095,27.890037836425574,0.03479064752270898,1,1
2026-01-01 05:47:00,27.42745633168077,-2.158029063649248,25.79829649573888,0.05663664643531997,27.91090217039464,0.02695251618058075,1,0
2026-01-01 05:48:00,27.042100412344645,-1.8355991442602877,25.153011108172116,0.10379977299089005,27.984663911702548,0.05147369969843676,1,0
2026-01-01 05:49:00,27.59824164183477,-2.0400042740719044,24.489107572379467,0.13336683058982382,28.125616054265056,0.0038013724218223834,1,0
2026-01-01 05:50:00,27.404740564487497,-1.8909210607322005,24.62378678254296,0.0483341903258878,27.859581829666766,0.03265321225239852,1,0
2026-01-01 05:51:00,27.496762058464324,-2.291621604133775,25.259116771176792,0.0,28.10697809729664,0.012105161110093212,1,0
2026-01-01 05:52:00,27.247615416879015,-1.2608322293629046,24.55494403153826,0.0,27.993430348621843,0.01715221716810686,1,0
2026-01-01 05:53:00,27.502931522985975,-2.1671820356617415,25.656706596187263,0.0,27.947951977169662,0.016305958743351875,1,0
2026-01-01 05:54:00,27.55490077573083,-1.397752110644038,25.114359640659305,0.0,28.13173676396175,0.0076511627237966645,1,0
2026-01-01 05:55:00,27.410661371644643,-1.985811147420551,25.564083755914222,0.15026190634930117,27.903679500557445,0.004746443294420231,1,0
2026-01-01 05:56:00,27.417141002512952,-1.6139890840567124,25.539808783552363,0.3855775235078059,28.274281138449993,0.03199811623945653,1,0
2026-01-01 05:57:00,27.429846659682532,-1.6157908671270689,25.698780128031935,0.12036687619932167,27.978802985374926,0.023814342098570612,1,0
2026-01-01 05:58:00,27.232041687072968,-1.4473124710335068,25.774642833177285,0.0,28.017981004507725,0.019589356348596577,1,0
2026-01-01 05:59:00,27.367162928150286,-2.118633063317896,25.181429028831857,0.0,28.18514860192943,0.038665144385435765,1,0
2026-01-01 06:00:00,28.172545944158575,2.1764723904476013,23.548262510842125,4.530871977942237,28.021111561429638,0.0331348267951095,0,0
2026-01-01 06:01:00,28.27529280499008,2.4706687136294474,23.582184921911995,4.329428373465716,28.142664265410087,0.020196943817585043,0,0
2026-01-01 06:02:00,28.392524529717793,1.758168042601372,21.71442224500599,4.54436972917372,27.765620983903723,0.07991662628009316,0,0
2026-01-01 06:03:00,28.028278628632062,1.8849162152859587,23.86505110288994,4.884796946102823,27.946888355179485,0.043323796885730445,0,0
2026-01-01 06:04:00,28.202549532715288,1.7132667496678955,23.51545196908786,4.829536677743536,28.047608053410713,0.27223153167418157,0,1
2026-01-01 06:05:00,28.497918670558665,1.7984543618992,23.803508034224574,5.450362165928373,28.129770315714808,0.01753081136427977,0,0
2026-01-01 06:06:00,28.103578223160934,2.541355804702901,22.506237041614906,4.969078543228765,28.092363586991308,0.029494584178543358,0,0
2026-01-01 06:07:00,28.095540938095684,1.6128329628294906,23.184512658706897,5.4682085491601455,28.081123852951947,0.002711153280928035,0,0
2026-01-01 06:08:00,28.286029838576674,1.6557301548338503,22.640182410346604,5.050298791396474,28.127326941082543,0.019051390334221742,0,0
2026-01-01 06:09:00,28.407612393274846,2.569540166047397,23.924346173062336,0.5817162369469702,28.05700235840895,0.014488733056605104,0,1
2026-01-01 06:10:00,28.26362031579954,2.243567612451215,22.418589019280954,4.6743842049326645,27.742817916785214,0.07891909443982306,0,0
2026-01-01 06:11:00,28.50664209309352,2.785260016825533,22.751331000387758,4.423921750834748,28.173064390301644,0.012535408641296129,0,0
2026-01-01 06:12:00,28.42743551261562,1.9024471656780386,23.774801469885738,4.642864038219692,27.89948020011477,0.020787391297448395,0,0
2026-01-01 06:13:00,28.430434418462244,2.120002161795502,22.959785219194295,4.7958456642627,28.0376350008837,0.00116606552352308,0,0
2026-01-01 06:14:00,28.384245851539795,1.8589262200741334,22.75021339162346,4.580144390598242,28.021720571340065,0.03460702061965959,0,0
2026-01-01 06:15:00,28.708977558062294,2.1532643003512466,24.034703600678128,4.4496001514352015,28.005679314288383,0.008795942618376941,0,0
2026-01-01 06:16:00,28.258456363566086,1.4936440721552025,24.063485080990112,4.945893192347266,27.867275117873795,0.04153382312247404,0,0
2026-01-01 06:17:00,27.940020710052764,2.3642484439276283,23.905797226567067,4.448110991830961,27.767356808339823,0.007189842935860835,0,0
2026-01-01 06:18:00,28.59456713048573,2.246085709925622,23.994878351853558,4.263277818158514,27.879714531208435,0.0228107807782235,0,0
2026-01-01 06:19:00,28.22843316798639,2.1194593723335267,23.239283852476742,4.407269860135841,28.09914861246932,0.008224398207569303,0,0
2026-01-01 06:20:00,28.33512024972532,2.0080551999443905,23.25895551648327,4.717975579107863,27.8264053764923,0.016170766778468813,0,0
2026-01-01 06:21:00,28.556162632419486,1.8349187678000605,22.9494683147398,4.453178312282417,27.89436628359904,0.01983016868769179,0,0
2026-01-01 06:22:00,28.036631789292013,2.40448630866815,23.521663447343695,4.720168533838521,28.050165598455948,0.014217433642176586,0,0
2026-01-01 06:23:00,28.10418466552185,1.7399052944604916,23.03602505219248,5.010155506847723,27.876709039015875,0.01599610721576865,0,0
2026-01-01 06:24:00,28.045536039904537,2.327246232596131,23.103881214279106,5.001055066402173,27.934834217230293,0.04248102884843234,0,0
2026-01-01 06:25:00,28.19494346755684,2.8707407017375832,23.828604132342104,4.568710931818741,28.00981858192841,0.06414017773376934,0,0
2026-01-01 06:26:00,28.420976524732268,2.659536025222103,24.23966990359375,4.343620444536367,28.03391712869562,0.031107529628071968,0,0
2026-01-01 06:27:00,28.439976870693787,1.6060750007685747,23.69126525877736,4.5985317871977776,27.874332886218582,0.009519215361693837,0,0
2026-01-01 06:28:00,28.398956115339047,1.93665602797822,24.670666567041145,5.029475683424242,28.01691314998974,0.0261533939076289,0,0
2026-01-01 06:29:00,28.09835079820753,2.2620856753990766,22.92311833159495,5.1112186801655985,28.047862570343643,0.01862315501064585,0,0
2026-01-01 06:30:00,27.940065954087324,2.078510218619532,22.13290177675196,4.923511472361674,27.847215937116154,0.04100907156276201,0,0
2026-01-01 06:31:00,28.368714212084875,1.6003711489954173,23.922398965090018,5.220502617848397,28.025781157126698,0.03018150208311565,0,0
2026-01-01 06:32:00,28.27686324227895,2.210664346778075,22.884721577222276,5.40522074186678,27.91401001243064,0.0034003090660149893,0,0
2026-01-01 06:33:00,28.447127621284658,2.0565947756263836,23.236435870692013,4.630870225154665,26.637858553225698,0.04476283877903901,0,1
2026-01-01 06:34:00,28.49324474654185,2.7131443226719734,22.19234753670907,5.320297138895271,28.086769480360857,0.042403129711916225,0,0
2026-01-01 06:35:00,28.394028129512026,1.9363456174741827,22.80511134961643,4.70880766772289,27.97884891752592,0.051910516664221695,0,0
2026-01-01 06:36:00,28.50801412830078,2.414526023166672,22.38652100567793,5.156947044041022,28.109609849917486,0.015704063785045276,0,0
2026-01-01 06:37:00,28.414285152609608,1.541990801386131,23.137757276861095,5.048000364035467,28.094897678108843,0.030417527984472024,0,0
2026-01-01 06:38:00,28.47006487773794,1.6045117927112835,23.16943998636282,4.108029553261582,28.10893961143114,0.0036740198477244607,0,0
2026-01-01 06:39:00,28.249225380815506,2.194939511009853,23.512621288862437,4.461820502775623,28.04837319278216,0.02407759345534305,0,0
2026-01-01 06:40:00,28.344935341052533,2.2990128233765654,24.321643907123953,4.372549229291375,28.132092026852728,0.03214573607678282,0,0
2026-01-01 06:41:00,28.413667949771735,1.5613856204099128,23.932026249934253,4.176283538930939,28.04621143642363,0.013550996115486538,0,0
2026-01-01 06:42:00,28.526709066741425,1.8811961840555844,22.327191665170513,5.107760244188479,27.799928756038806,0.03116211966577959,0,0
2026-01-01 06:43:00,28.308688118046344,1.3651578746008468,23.89300356150974,5.524070149292022,27.90495152118883,0.028024001694372996,0,0
2026-01-01 06:44:00,28.47370045489522,1.7609878266035262,23.55046645150675,4.7098146233553315,27.974649152007885,0.016902943779395246,0,0
2026-01-01 06:45:00,28.33214901745523,2.0929229749684457,23.408767363097656,5.098954832878232,27.989533234074052,0.05015448530928219,0,0
2026-01-01 06:46:00,28.358732758744374,1.6233497594919062,23.466525401526038,5.31961886119176,28.042928651109502,0.020780030156182898,0,0
2026-01-01 06:47:00,28.5288749566111,1.6641272675836458,23.63093166755792,4.872916095063966,27.903165774980796,0.027391277044204417,0,0
2026-01-01 06:48:00,28.02026307437654,1.3318025188101674,23.008913956407493,4.7911404272797355,28.24104504454593,0.0014042584861783322,0,0
2026-01-01 06:49:00,28.144883233320023,1.4766014806953267,23.371237831979254,4.714009225290267,27.9877050028626,0.03434543929668049,0,0
2026-01-01 06:50:00,28.110472024002487,2.2956317705110347,24.333447629011662,4.988145608771741,27.99907746447306,0.01641591324862853,0,0
2026-01-01 06:51:00,27.95601566655939,1.6831658870244661,23.017920174179118,5.106142917511403,27.919510107143875,0.042229797450553754,0,0
2026-01-01 06:52:00,28.252565631501746,1.28487723469723,22.795852850111043,4.961631717113713,27.87959478877841,0.0013993677604084882,0,0
2026-01-01 06:53:00,28.50792520721989,1.5043580750470813,23.479854762793405,4.949612076535903,27.98484361953174,0.03275254511786897,0,0
2026-01-01 06:54:00,28.319911040984262,1.035175494289339,22.73808313119211,4.782078984577216,28.00330608690274,0.014277011452616603,0,0
2026-01-01 06:55:00,27.604746886490997,-2.3799315556393625,24.33011446693371,0.0,27.989571508420557,0.03608562577085197,1,0
2026-01-01 06:56:00,27.762952243229964,-1.5670115209943907,25.30167084591115,0.31420073606480886,28.198618713164496,0.02185355246610918,1,0
2026-01-01 06:57:00,27.803421686183853,-2.1099695374524,26.563719560282628,0.0,27.98484287783466,0.03218836316465479,1,0
2026-01-01 06:58:00,27.549338100083144,-1.4140482021269305,25.529697811073156,0.2167849747300375,27.989688487067475,0.014197074646644032,1,0
2026-01-01 06:59:00,27.802576026837095,-2.1235348938678835,25.68891003613959,0.26450782749753404,28.097835457417304,0.007912616222997416,1,0
2026-01-01 07:00:00,27.572467371199338,-2.1157014349915775,24.080135431241995,0.0,27.979472100528497,0.19551415513351994,1,1
2026-01-01 07:01:00,27.401916977019212,-1.8902649607149646,25.885407000662305,0.0,28.064720688247704,0.02845621586023382,1,0
2026-01-01 07:02:00,27.442234699664134,-3.059920002875166,25.651700613801463,0.7425160929864105,27.846514631398797,0.03537827198189499,1,0
2026-01-01 07:03:00,27.279126486725787,-2.0611410174245526,25.128673762981183,0.0,27.847462657468082,0.03046918528203728,1,0
2026-01-01 07:04:00,27.381977841977154,-2.1567487750179315,25.72806215419276,0.0,28.01464702773467,0.008138305626951607,1,0
2026-01-01 07:05:00,27.473444995908018,-1.624569100823971,25.729166438198128,0.28030773389956426,27.972205889731377,0.058078229522728474,1,0
2026-01-01 07:06:00,27.678411372074077,-1.8104448754216298,24.87663476679148,0.0,27.902917026212435,0.030990653312551027,1,0
2026-01-01 07:07:00,27.839219733670834,-2.546578879398064,25.85890817023332,0.0,28.014622208082997,0.013797438845657164,1,0
2026-01-01 07:08:00,27.276245833914754,-1.7150382729370306,26.47307752041873,0.1819193418162634,28.025092011301,0.03263596369299671,1,0
2026-01-01 07:09:00,27.591152453431377,-2.239892747332244,25.484132435444813,0.0,27.91481237473942,0.02960777102209309,1,0
2026-01-01 07:10:00,24.839313460342712,-2.461241342757889,25.045119491240655,0.11241591977785335,27.93774450107149,0.021844001749517308,1,1
2026-01-01 07:11:00,27.596264541481993,-2.0706173663916783,25.5370071890262,0.0,28.025993985933148,0.019729804308433893,1,0
2026-01-01 07:12:00,27.48220574828885,-2.2038390551856404,26.268552717735385,0.24752146799438965,27.877470585841646,0.04272768211731709,1,0
2026-01-01 07:13:00,27.171091673972178,-1.5860514891883923,24.82104155252531,0.06422441361207748,27.927516055907,0.05610125736633011,1,0
2026-01-01 07:14:00,27.662478926044304,-1.9953602062327853,26.093726352054937,0.0,28.06407221686704,0.011648067808810413,1,0
2026-01-01 07:15:00,27.381099871694428,-2.0311282690144514,25.22352438887211,0.1337043892466058,27.99713967640092,0.04714964036769492,1,0
2026-01-01 07:16:00,27.388402838394217,-1.7749366713948616,25.87710422958912,0.0,27.942735658725294,0.025358731421319107,1,0
2026-01-01 07:17:00,27.286351372389888,-1.6932986974299038,25.322278862537893,0.4958511747667818,27.891631681722153,0.029260429788897244,1,0
2026-01-01 07:18:00,27.355441605949885,-1.785838905913033,25.33017316466417,0.138322747155548,27.878414637787312,0.23212893517618396,1,1
2026-01-01 07:19:00,27.544449466139948,-1.5463182141754162,26.803147804970447,0.2646552453135553,27.984189342223544,0.022786560060051447,1,0
2026-01-01 07:20:00,27.427499644430064,-1.811936818870463,24.760637570104997,0.0,28.24309750278838,0.03966620936657874,1,0
2026-01-01 07:21:00,24.96903078373504,-1.9470468256480205,26.096890235348756,0.0,28.06789439708895,0.048084947111219564,1,1
2026-01-01 07:22:00,27.514760657754252,-1.551761520750811,26.979314033467226,0.0,27.84005629085263,0.012604898668297313,1,0
2026-01-01 07:23:00,27.68126503920301,-1.9961286960038114,26.257621017202723,0.0,28.084865940087873,9.11545949645147e-05,1,0
2026-01-01 07:24:00,27.375722597191604,-1.9307215443558985,24.856470528946183,0.4683031682735285,27.908933607052287,0.054518718691245915,1,0
2026-01-01 07:25:00,24.7655951905037,-1.3171551291100654,24.901727255035656,0.0,27.999417114807205,0.006615051244430181,1,1
2026-01-01 07:26:00,27.617151193155767,-1.3287996297516194,25.283401738927747,0.0,27.929336727461948,0.0325356963168368,1,0
2026-01-01 07:27:00,27.35914725241067,-1.8756306242093794,25.930889963664544,0.0,28.24273057754488,0.04341595023504512,1,0
2026-01-01 07:28:00,27.613182805297868,-2.0074536373929885,25.98943655839827,0.33776787961490157,27.86390705059421,0.03213878209449285,1,0
2026-01-01 07:29:00,27.475289789779293,-1.3123040407374698,24.952116930626946,0.0,28.037633470736257,0.03516338661988216,1,0
2026-01-01 07:30:00,28.1763952445634,2.0801464252703243,23.242506001565403,4.722750881217584,27.91776114348985,0.020229647117655944,0,0
2026-01-01 07:31:00,28.25649775152188,1.9348682047795214,23.296632285349492,5.171065649226229,28.08865936952519,0.033328972453883554,0,0
2026-01-01 07:32:00,28.538626095548793,1.7360551367695414,23.749481390280145,4.4798328838970605,28.035214458407545,0.012247565274634336,0,0
2026-01-01 07:33:00,28.555041371841497,1.9888628943363238,25.276723641966747,4.0176882955504345,28.150546317538243,0.01457899983529731,0,0
2026-01-01 07:34:00,28.187437446151087,1.8888751135752524,23.24573527265589,4.501496673775175,28.0861741353587,0.02563982375509547,0,0
2026-01-01 07:35:00,28.197577634817026,1.687188687313435,23.226720042328054,1.3301366334711209,27.916775935735178,0.0027171895727189158,0,0
2026-01-01 07:36:00,28.356299123996752,1.9875226400820616,23.12910970044188,4.712670967881668,28.34994430930401,0.03538672203871336,0,0
2026-01-01 07:37:00,28.004235072893934,2.0572134629489245,24.378997712709907,4.253849632970448,28.06665113603813,0.019653290734334465,0,0
2026-01-01 07:38:00,28.210337943024225,1.8540834690595398,23.91707536075209,5.155620835973043,27.93392056614058,0.03153067837671905,0,0
2026-01-01 07:39:00,28.139721628380816,2.322063829315695,23.33064134057791,4.857223931129557,28.024664847141548,0.033223695115725344,0,0
2026-01-01 07:40:00,28.19493985226374,2.4760670006991345,23.71611404984328,4.936155143149722,28.075700035212314,0.010698633223939663,0,0
2026-01-01 07:41:00,27.982564428114244,2.3825946224400436,23.428168463947745,4.946863590924179,28.071135337472228,0.002788609498163154,0,0
2026-01-01 07:42:00,27.84066525545074,1.9634137540921908,24.201586050148833,4.3455165139525365,28.059523371714015,0.017652945003343055,0,0
2026-01-01 07:43:00,27.747956175099535,2.3403412902282827,25.8858420870584,4.906007620750322,28.115977858470565,0.0365141908374742,0,0
2026-01-01 07:44:00,27.91436597836041,2.117449639505279,24.40477774066854,5.117608824120702,28.104180521152315,0.031222584077023278,0,0
2026-01-01 07:45:00,28.02743844871092,1.67059779882647,23.966550818703265,5.199108580629729,27.89829206005167,0.004992404039979879,0,0
2026-01-01 07:46:00,28.051840046841246,2.35003319867892,23.57870401966582,5.052442163754534,28.25296649248087,0.026902259691603193,0,0
2026-01-01 07:47:00,28.448046886612577,2.175660423433307,23.116422863395577,4.979595380507209,28.236266538106026,0.0297152221877963,0,0
2026-01-01 07:48:00,28.293277461170668,3.0406115814275614,24.583071778461203,4.191902557330355,28.096115787428783,0.028952261442943703,0,0
2026-01-01 07:49:00,27.916004533499887,2.6496483063440945,24.55779091978244,4.7947728715278854,28.004643606106075,0.0072413562954483784,0,0
2026-01-01 07:50:00,28.146885751697596,2.393585268481356,23.76879229436329,4.465198977697243,28.006706305925366,0.02780264914430433,0,0
2026-01-01 07:51:00,28.006282408312348,2.2352923388297588,24.957280721475257,5.248758758681225,27.961148272624644,0.04151941021405495,0,0
2026-01-01 07:52:00,28.023776002470164,2.2070895787269897,24.13566764172759,5.195632822331968,27.97667389300462,0.034665310945151136,0,0
2026-01-01 07:53:00,28.10387745283381,1.7984954981850962,24.676231015801307,0.9258448172267598,27.737585870212236,0.032406638468333915,0,1
2026-01-01 07:54:00,28.17768473246964,1.5394371338589266,24.35429993063518,1.4724148501534946,28.18363161434955,0.054568286218670284,0,1
2026-01-01 07:55:00,28.001045473139463,1.8392870253757252,24.03608619027321,4.886978305227487,28.14129443699546,0.028020240322698085,0,0
2026-01-01 07:56:00,28.249651340242973,2.122902547836948,23.50483503235002,5.115276940121162,27.79879758490811,0.009845636722978715,0,0
2026-01-01 07:57:00,27.84882806030688,1.3959310333301593,24.084603196629157,4.213533612546391,28.106798549784333,0.009902646781667857,0,0
2026-01-01 07:58:00,28.0519142681653,1.9340017218029137,24.789188339157334,4.026632190156828,27.999074247054168,0.028168489184963126,0,0
2026-01-01 07:59:00,28.514932613479093,2.027913354611159,23.857379764751517,4.813351978794287,27.97611446328212,0.0008757806697983067,0,0
2026-01-01 08:00:00,28.08426978099135,2.027709597604644,24.534260101040882,3.914004112168599,28.05914098102769,0.019402308290865082,0,0
2026-01-01 08:01:00,28.299048044474503,1.858559891028414,23.4819359858571,4.8555003434342225,27.790865537279547,0.03335512572933794,0,0
2026-01-01 08:02:00,28.05469070373733,1.9562739287288624,24.79934299824693,5.007272720753959,27.998650098137464,0.046080610049825166,0,0
2026-01-01 08:03:00,28.140101694783695,2.66346352876044,24.485851114628712,5.232627967914721,28.009537741215805,0.0027922474508106157,0,0
2026-01-01 08:04:00,28.022885931187293,2.27488127818236,23.438841490248603,4.5821011120604025,28.009653875747944,0.02678339714143796,0,0
2026-01-01 08:05:00,28.00018196364898,1.8288703914759374,24.137070387490574,4.856413576147305,27.835901272195326,0.02377174995846382,0,0
2026-01-01 08:06:00,27.888502995656296,1.981803112375679,24.959483271650054,5.028028443881113,28.05362991572508,0.02567510261948549,0,0
2026-01-01 08:07:00,28.10442713934346,1.97556207500333,23.43977633982837,4.388497997054975,28.127177799527452,0.027548179100551042,0,0
2026-01-01 08:08:00,27.872070075216882,1.69553064516601,23.585086684929713,5.120371729213059,26.729846746967127,0.02442999405203485,0,1
2026-01-01 08:09:00,28.14373877440433,1.673162248866181,24.299782811896353,4.896019813829677,27.972497450658608,0.050059761109577106,0,0
2026-01-01 08:10:00,28.218086265258066,2.273390457278335,25.8554649543818,4.588093784252966,28.322684872350322,0.04739194089571806,0,0
2026-01-01 08:11:00,28.087727400929218,1.7495485424050647,23.90505331781152,4.849483200278958,27.889051025728968,0.06357920539426759,0,0
2026-01-01 08:12:00,27.969461286793685,1.4896253563254105,24.736293913373512,4.751232930187091,28.09281415605649,0.02480970041023797,0,0
2026-01-01 08:13:00,28.102152275228796,1.8336114649117168,24.585458469115128,5.0730258825867525,28.02919284468168,0.01760758972921957,0,0
2026-01-01 08:14:00,27.964548501138207,1.8657181794056374,24.004476583733393,4.673838968448574,28.241477553960813,0.007580283852586807,0,0
2026-01-01 08:15:00,28.188398482583725,1.109553521532157,24.543723774767166,4.8794816726826005,28.046409977909764,0.01565011195627103,0,0
2026-01-01 08:16:00,27.69045655597784,1.7613240089535396,24.131246986535785,4.5826739336463405,28.072138629399408,0.03786228038958926,0,0
2026-01-01 08:17:00,27.960029144691873,2.0550823916858683,24.208077445981516,4.471755006457894,28.06068603778771,0.0406334515922904,0,0
2026-01-01 08:18:00,27.66263989971139,1.8851611931464272,23.309466563071137,4.860036477168447,27.873001296537073,0.037159265403425464,0,0
2026-01-01 08:19:00,27.75264079818562,2.4839552157822906,24.469071991721886,4.4861313165435,27.895734345595134,0.013039581720175275,0,0
2026-01-01 08:20:00,28.268229805824305,2.1181812686452806,25.129365454635785,5.080203102007088,27.966919854804317,0.013136651665803724,0,0
2026-01-01 08:21:00,28.185066728622818,2.1647690835862696,24.554020686217466,5.007281386261993,28.114885938097505,0.060216352793989576,0,0
2026-01-01 08:22:00,27.89584032727906,2.6157150305949526,25.29099853756337,4.532209940279639,28.027971608642954,0.01002412628004253,0,0
2026-01-01 08:23:00,27.756522272643743,1.8798829491394886,24.94768841309844,4.8748231511556135,27.975191813597213,0.05049744399924702,0,0
2026-01-01 08:24:00,27.495194636255377,1.6513497344740804,24.513589835566595,4.530605034883094,28.16466397613384,0.032282368868054634,0,0
2026-01-01 08:25:00,27.13302613683066,-1.684166560689321,26.129521684377472,0.0,27.762108428702547,0.011813219096131457,1,0
2026-01-01 08:26:00,27.66878160838251,-2.238863181348896,26.24247488532774,0.0,27.844501584380676,0.0036792599186349986,1,0
2026-01-01 08:27:00,27.313840986487786,-2.0224104770938487,25.567278984449832,0.0,27.700408024592434,0.01259945052383621,1,0
2026-01-01 08:28:00,25.185643604254466,-2.302508438839763,26.423442663267508,0.18249305371973673,28.144997260589207,0.03251736905262664,1,1
2026-01-01 08:29:00,27.324783870995446,-1.9508685552472556,26.726341154355737,0.05231797566461864,27.988392862651235,0.00862669610726563,1,0
2026-01-01 08:30:00,26.9631429237798,-2.331277072131491,27.838661325380198,0.31768611525988,28.115955013443134,0.05297938651084058,1,0
2026-01-01 08:31:00,27.19383313740627,-2.355002891156309,27.021393546048316,0.0,27.986889000036115,0.021258511565186006,1,0
2026-01-01 08:32:00,27.268679182082924,-1.9797986965114491,26.05985036193625,0.0,28.122782040223235,0.03760803625138498,1,0
2026-01-01 08:33:00,27.238878823684722,-2.1810687849765027,25.67134308885121,0.5755283456182138,27.984789722059112,0.03615479964948616,1,0
2026-01-01 08:34:00,27.400503166255003,-2.81423590169746,26.547938903829603,0.0,28.049189371011746,0.05419421405137467,1,0
2026-01-01 08:35:00,27.32414814096107,-2.6541276360135044,27.27435455882372,0.0,28.03162161889735,0.01711653372134398,1,0
2026-01-01 08:36:00,27.386532614673506,-2.5496259353904076,26.565249542879776,0.0,28.040524874786556,0.02690948081101765,1,0
2026-01-01 08:37:00,27.1466118251375,-2.4588269565965746,27.112596743418177,0.0,28.20216846642494,0.0002251008834319515,1,0
2026-01-01 08:38:00,27.436568266831276,-2.0047386241391605,26.619910022567787,0.0,27.80506905841112,0.026856667931017018,1,0
2026-01-01 08:39:00,27.572765141427723,-2.0714540669038235,27.262049201027015,0.21075440333152903,27.99179399729527,0.04552020813542673,1,0
2026-01-01 08:40:00,27.10967131671917,-1.7718349334595533,25.655478259987376,0.0894322307933267,28.023758465701363,0.028950490456244114,1,0
2026-01-01 08:41:00,27.12939571641276,-1.8761228661669795,27.909853141021156,0.0,28.005794441683637,0.06662805171294196,1,0
2026-01-01 08:42:00,27.534639835124995,-1.7577037460393738,26.02150871531246,0.0,27.95225377353359,0.03435477847667709,1,0
2026-01-01 08:43:00,27.264903359770152,-1.9115756820876826,27.369133819527818,0.0,27.935834045870774,0.01527257673967619,1,0
2026-01-01 08:44:00,27.557302383010004,-2.0411901580226863,26.636216943466472,0.25878330941365496,28.18360175864931,0.03320376546411108,1,0
2026-01-01 08:45:00,27.230343571859407,-1.718335781523874,26.758839163555614,0.8515346996379742,27.991513469373885,0.0013411064479231238,1,0
2026-01-01 08:46:00,27.577403322427266,-1.7683686732852293,26.684266636608825,0.24597852613439594,28.292553584067687,0.010618343067573335,1,0
2026-01-01 08:47:00,27.344760640602946,-1.944170385118456,27.04502470851133,0.0,28.063392998364982,0.0030938343048545584,1,0
2026-01-01 08:48:00,27.37326859244444,-1.6152255341160378,27.199374395788595,0.0,27.965241332106917,0.025289996004837237,1,0
2026-01-01 08:49:00,27.614220057085717,-2.8641563145368387,27.632906124860725,0.06334166826183316,28.066321460855757,0.023910582789705762,1,0
2026-01-01 08:50:00,27.27331768826143,-2.1266377743394465,27.89050122577131,0.0,28.013071944452527,0.046691973704853826,1,0
2026-01-01 08:51:00,27.174974963746017,-2.112751501280473,27.15003208781767,0.1645902320770903,28.161039912032727,0.023216767212067137,1,0
2026-01-01 08:52:00,27.269643718507833,-1.5820327353630728,28.130083000938736,0.0,27.859873321673142,0.006954643838623053,1,0
2026-01-01 08:53:00,27.437874169907822,-1.4143267980422944,27.00827785926076,0.1936023674647998,27.783857681990252,0.05306771888238388,1,0
2026-01-01 08:54:00,27.08073926266031,-2.4499206046501234,27.71002139266966,0.0,28.043317721258,0.028003534370727237,1,0
2026-01-01 08:55:00,27.483488090497154,-1.4257985392117378,27.26846099175588,0.0,28.100283507767312,0.025692380060431435,1,0
2026-01-01 08:56:00,27.277970004655995,-3.5082373882873092,26.59638410131827,0.513003028659275,28.034308653954152,0.028916934846937713,1,1
2026-01-01 08:57:00,27.587791155543865,-2.272194427732505,27.120085445764925,0.0,28.08069702147629,0.024814824312956098,1,0
2026-01-01 08:58:00,26.95647697984397,-1.9307105811506005,27.357758160940026,0.09545174751134063,28.06305242352643,0.034001653847023236,1,0
2026-01-01 08:59:00,27.2521362510748,-1.9357870310568475,26.99523563340004,0.2778725526522565,27.82235197656044,0.026992423921852568,1,0
2026-01-01 09:00:00,27.89643573277786,1.254553952099093,25.318928604110173,4.859617760400205,28.03374876445678,0.03399387945929792,0,0
2026-01-01 09:01:00,28.05756060546094,2.0518720565328428,25.647754147231947,4.2350326930679385,28.15801367962857,0.014160052676085897,0,0
2026-01-01 09:02:00,28.25713602747355,2.0865014339903327,25.037624322402213,5.272638819555464,28.020612034577358,0.0012629432790316752,0,0
2026-01-01 09:03:00,28.18655433080722,2.2416836504435005,23.00516211908192,4.726026082357775,27.84280501660542,0.024165640866951468,0,0
2026-01-01 09:04:00,28.17944319576217,1.7447637091136978,26.252481199002784,4.61536070247269,27.95993714582862,0.006522555831842188,0,0
2026-01-01 09:05:00,28.202603395131636,1.9058530999236265,24.881095473322667,4.691330991232478,28.066810807565588,0.01188655284902355,0,0
2026-01-01 09:06:00,28.274033987658786,1.9317083173606053,24.52473762682509,4.666248763148046,28.215475633935768,0.04590666233836285,0,0
2026-01-01 09:07:00,28.062009453658177,2.5551134514890235,24.325685971180032,4.383437114537578,27.765238470258726,0.05304396031926569,0,0
2026-01-01 09:08:00,28.376847659408888,0.9934860685599952,24.88848371240588,4.857732705127061,28.043347854292257,0.04556870993014708,0,0
2026-01-01 09:09:00,28.374902933656877,1.670794316156178,24.741406491842607,4.590968447230099,27.888135093204387,0.042232868272713775,0,0
2026-01-01 09:10:00,28.33087045457672,2.026914958367417,24.630657152802435,5.03481089525244,28.06092725156065,0.026079120685501094,0,0
2026-01-01 09:11:00,28.36760520651009,1.6631808474402212,24.680207092472067,4.981158422765313,28.070539751077426,0.04327799152973375,0,0
2026-01-01 09:12:00,28.326567835899205,1.9696885638721962,25.53954330430594,5.368984294117333,27.97202233400447,0.03140114112228922,0,0
2026-01-01 09:13:00,28.645220000913625,2.0316773260328844,26.600899983101538,4.725928399819562,28.075791904274958,0.060054828066241704,0,0
2026-01-01 09:14:00,28.268827930512007,1.859973012316901,25.7648606160302,4.518862587134314,28.136787485978108,0.008474178977225473,0,0
2026-01-01 09:15:00,28.234725020699777,2.1256730154604897,25.986985118051756,4.2855901826965495,27.980251395349175,0.03710695064549014,0,0
2026-01-01 09:16:00,28.159750503097648,2.3344301634199427,24.94757453571367,5.567670185126184,27.839540767940203,0.0022427327923129903,0,0
2026-01-01 09:17:00,28.114847441920723,2.0418210933375254,25.295510087213657,5.031737798780647,28.17106873852933,0.037210277682389964,0,0
2026-01-01 09:18:00,28.081796423644448,1.9742516238142462,25.531150737138876,4.557653027587073,28.099443383084918,0.005943905296347363,0,0
2026-01-01 09:19:00,28.150835549177053,2.0815857833677436,24.781175563383186,5.392604281243497,28.067650771797478,0.003156228942852588,0,0
2026-01-01 09:20:00,28.302979301046204,2.1420799922283162,24.954990767137176,5.274656834360111,27.91708400210575,0.0019127712989220162,0,0
2026-01-01 09:21:00,25.693066899518705,1.5389708155118482,25.86120500722724,4.327052874140702,28.118252304915295,0.029538376019040448,0,1
2026-01-01 09:22:00,28.334244077222007,2.3113306607431308,26.03611989534881,4.536283793720609,28.245091077194612,0.03138145283025296,0,0
2026-01-01 09:23:00,28.191684814123608,1.9919363591503059,25.329876433590893,4.75368630419387,27.985442760370148,0.06910862190522174,0,0
2026-01-01 09:24:00,28.495799290109524,2.589619939562764,24.45572990083159,4.425470216399313,28.01133912397486,0.02335677073976408,0,0
2026-01-01 09:25:00,28.470982280775583,2.351551430029139,36.86787466072505,4.766197187981201,27.872177121556437,0.03890571469855807,0,1
2026-01-01 09:26:00,28.31310524031325,2.5491267456734783,24.30233263493988,5.049186681253926,27.913654959813893,0.0278956610830002,0,0
2026-01-01 09:27:00,28.22809815294784,1.7790184529030864,25.373176946850908,4.319358699587197,27.871051673634042,0.037400165079381646,0,0
2026-01-01 09:28:00,28.44794378880927,1.9945290246827767,25.508458696699705,4.902550191790878,28.015698703587585,0.027585942683928426,0,0
2026-01-01 09:29:00,28.386483903055655,1.679717445594615,25.14918946738615,5.2089742914014465,27.95910652567302,0.0447931037003532,0,0
2026-01-01 09:30:00,28.09522166598649,1.8562919681992889,25.516762422721612,4.940077083744683,28.04473603079952,0.0060518767193940524,0,0
2026-01-01 09:31:00,28.346694120637412,2.5284000489722716,25.648139399082414,4.773534275826968,27.8929718995111,0.019054518902618875,0,0
2026-01-01 09:32:00,28.408949374507237,2.596425466035226,25.544720705385267,4.56616438414831,27.979893214028102,0.03251325619742203,0,0
2026-01-01 09:33:00,28.202493120807873,1.6582540357355275,24.532318233904768,5.090794655234773,27.885575652994945,0.007491392034667824,0,0
2026-01-01 09:34:00,28.40106490453276,1.8827332457495998,25.20443865549908,4.388077960783187,28.022508589323735,0.048611289936375146,0,0
2026-01-01 09:35:00,28.107276624395062,1.9983071781819075,25.676808778598833,4.884977133883293,27.80412108400642,0.015133857080258974,0,0
2026-01-01 09:36:00,28.611703670935317,2.2106868129357893,26.5030714157031,4.80893050656866,28.018189396918576,0.006311737550386276,0,0
2026-01-01 09:37:00,28.597658102579594,1.3695381502438493,25.21553783222418,5.193963859173397,27.96655236654562,0.0736093614152758,0,0
2026-01-01 09:38:00,28.329200110555142,1.4032650184401092,25.79924362942907,4.5960379336258885,28.0217156906707,0.0246678997368782,0,0
2026-01-01 09:39:00,28.441488348943118,2.113726975431871,26.035987182393033,4.625792465837408,27.80172799920905,0.0212180945148541,0,0
2026-01-01 09:40:00,27.94347944169822,1.2375435510427122,25.291121329191427,4.365347295279002,28.07856588087226,0.038463557097580536,0,0
2026-01-01 09:41:00,28.170105673525722,1.7400939823873458,26.2399793532153,4.953049496110143,27.96415085288877,0.03967835420849579,0,0
2026-01-01 09:42:00,28.326133735538907,1.9295012247818124,26.284801003814643,4.651664454938713,28.026053525843423,0.045504280337060665,0,0
2026-01-01 09:43:00,28.186577585189934,1.9941936748126152,26.416585072754952,4.4982741079555515,27.775591088670733,0.001006476999231922,0,0
2026-01-01 09:44:00,28.508481715736956,1.774813432370103,25.778104648426353,4.531614306662951,27.85087200685193,0.03464992207126119,0,0
2026-01-01 09:45:00,28.73951337553464,1.6719851483333636,27.116033422808528,4.987986923762018,27.95318150066659,0.019722651200664652,0,0
2026-01-01 09:46:00,28.168099699366163,2.0711850350903247,25.03982217014341,4.4139638250969275,28.16506001662122,0.008421487404017922,0,0
2026-01-01 09:47:00,28.228818116311434,1.8511114888919922,26.963804404020156,4.4450419122571105,28.063272561811612,0.025866031264038154,0,0
2026-01-01 09:48:00,28.421394647462076,1.5007750905307722,26.021035208627293,5.113726498931084,28.01558500496685,0.0076023596682526645,0,0
2026-01-01 09:49:00,28.668249159103414,1.7167299393028341,26.427616909841714,4.741857798459685,27.88908302008617,0.041612757766526204,0,0
2026-01-01 09:50:00,28.157238019285014,1.814402107765683,25.271283329533425,5.134405780094507,27.867248206048153,0.01976783328630582,0,0
2026-01-01 09:51:00,28.420893070147336,2.2590252094314542,26.09224885982813,4.674225464641792,28.033198622915855,0.016404982791945535,0,0
2026-01-01 09:52:00,28.70248702387604,1.910898236926991,26.505647204448064,4.799605935211178,28.08408271578249,0.022521784041518514,0,0
2026-01-01 09:53:00,28.075710458596628,2.03962315710226,24.75110398149575,4.854704745177676,28.025076892176042,0.021984698357013596,0,0
2026-01-01 09:54:00,28.140597715700878,1.3805625729927644,25.403256530247113,5.285550193501388,28.205146864970526,0.04553227296345925,0,0
2026-01-01 09:55:00,27.49289548257851,-2.208439680579538,26.023877252715245,0.4570554891735945,27.918104593211655,0.00527716198964898,1,0
2026-01-01 09:56:00,27.473187179508045,-2.1255134271451945,27.40292875290786,0.40363296336731735,28.021524392892992,0.018120288558681343,1,0
2026-01-01 09:57:00,27.710706414171323,-2.1103511152404435,26.9614015079972,0.0,27.796819033107653,0.021101979940221897,1,0
2026-01-01 09:58:00,27.605281677901598,-2.4286124989933633,27.384852207905436,0.0,28.02532546248007,0.005827137573131608,1,0
2026-01-01 09:59:00,27.23943739597902,-1.6470863810993779,29.58835848581748,0.2662770120713174,28.176324785602635,0.027867642039434877,1,0
2026-01-01 10:00:00,27.648658445203342,-1.7939358181089764,28.74862462268271,0.4818658958052859,27.875018934086576,0.011970280699793107,1,0
2026-01-01 10:01:00,27.44869165758414,-2.221565167660237,26.542737723530866,0.4069865562415579,28.10105578503545,0.0002770760783135408,1,0
2026-01-01 10:02:00,27.778627262109328,-1.899915621943527,27.943390779038694,0.004567240066697006,28.17292476956386,0.03447209331820489,1,0
2026-01-01 10:03:00,27.432657302428844,-2.054855073651961,28.11748219968616,0.2547329907059524,27.917234467020222,0.05285095143395561,1,0
2026-01-01 10:04:00,27.427251184690807,-1.8876637108706174,27.32539184202339,0.26088567857979517,28.056032763289362,0.025871573632133982,1,0
2026-01-01 10:05:00,27.635291689706232,-2.6151902067882435,27.69025679945248,0.05212997698279164,28.189555809377033,0.023140860992381385,1,0
2026-01-01 10:06:00,27.67109283540658,-2.1990640389979976,27.761982451396637,0.06733076865794985,28.027657019473544,0.0227594399073021,1,0
2026-01-01 10:07:00,27.610139049569472,-2.170100274223712,26.62935159906193,0.03436836788098163,28.094405799701395,0.01571288423095475,1,0
2026-01-01 10:08:00,27.221630989553354,-1.9315120545926059,26.85306438806471,0.0,27.78712607686984,0.046061753583145834,1,0
2026-01-01 10:09:00,27.617289708331676,-2.3680358237926424,27.698448260531364,0.0,28.071656383212687,0.026692895650277867,1,0
2026-01-01 10:10:00,27.329526320442184,-3.0196584669831115,27.650097745388795,0.0,28.06206852886236,0.014215533001738959,1,0
2026-01-01 10:11:00,27.553168765644504,-2.5181984053856215,27.08702686719004,0.0,27.840854552084703,0.04658117118315892,1,0
2026-01-01 10:12:00,27.24952914704081,-2.1542365757021216,27.029291240730963,0.050000974571943496,27.884280561523575,0.04216902848864522,1,0
2026-01-01 10:13:00,27.580992709182485,-2.1021548701722104,27.52467144444186,0.0,28.07248021626378,0.03582881783161795,1,0
2026-01-01 10:14:00,27.35019766478665,-1.5252660732859646,28.20981323535461,0.26668744748929585,27.963674571481963,0.024597324381386038,1,0
2026-01-01 10:15:00,27.259125762953104,-1.8991476370942189,27.537786131783115,0.44125104904268925,28.133432606676315,0.024946930191630322,1,1
2026-01-01 10:16:00,27.61299250586829,-2.061627552663243,28.728884023016963,0.4635030276962852,28.037287231660653,0.04108170367966846,1,0
2026-01-01 10:17:00,27.522402820323848,-2.087140710635856,27.107371735315635,0.496462910408413,28.006774667985074,0.03183098904906706,1,0
2026-01-01 10:18:00,27.36269677150292,-1.6736365051576956,27.73092383107587,0.0,27.97954611601324,0.028692724316358432,1,0
2026-01-01 10:19:00,27.728641379638653,-2.2496690879157515,27.348867989913874,0.0,28.03512185583214,0.04111922831299686,1,0
2026-01-01 10:20:00,27.382246189916064,-2.0740749890994983,28.009402063760277,0.32576025232290146,28.09635188470194,0.027507549301490422,1,0
2026-01-01 10:21:00,27.461402440302255,-2.3869651803507708,27.05149913470898,0.48374670337031517,28.064062083162515,0.04666523892582627,1,0
2026-01-01 10:22:00,27.498019144629207,-1.488854625438266,28.948396847700277,0.5445973565236489,27.94923896075092,0.02791162206907795,1,0
2026-01-01 10:23:00,27.33200607306479,-1.8269404190244969,26.41622392605843,0.16974867339233146,28.148732446304834,0.026479313374313786,1,0
2026-01-01 10:24:00,27.52222863715918,-2.1899909786779124,28.800749316400367,0.0,28.07892330873543,0.04106344639447623,1,0
2026-01-01 10:25:00,27.3352352494904,-1.9597663037753923,27.662991928376183,0.12796331220175738,28.04622806699682,0.017825435236655893,1,0
2026-01-01 10:26:00,27.35095626017389,-1.7180953074137537,27.986610355847034,0.1944043037682935,28.01100366128948,0.00524964126193431,1,0
2026-01-01 10:27:00,27.664090798552778,-1.960520711239013,28.533820040376,0.43822625744050625,28.060005947720615,0.025068424561104728,1,0
2026-01-01 10:28:00,27.2252506758217,-2.035775302935436,28.199581466520897,0.5003700428941318,27.78019852723299,0.035626741442041504,1,0
2026-01-01 10:29:00,26.97198144983914,-2.0534105559049616,27.087591830811476,0.3183716911848671,28.02895711292575,0.43381039243375147,1,1
2026-01-01 10:30:00,28.48996865910214,1.9186366647343895,26.01789208995492,4.59445238559645,28.19682195154793,0.0417561913900132,0,0
2026-01-01 10:31:00,28.652597122062808,1.6990957680867047,26.904106571130907,4.43980893990657,28.026398402404535,0.023764332859703568,0,0
2026-01-01 10:32:00,28.114495366945178,1.6898953781690607,24.974642771544914,4.986886403135707,28.010017278244838,0.021915339002037265,0,0
2026-01-01 10:33:00,27.83255402930019,1.4051474775168238,27.077346076515212,4.522654711351052,27.92849388334331,0.014341912999096438,0,0
2026-01-01 10:34:00,24.700838929672837,1.92364727632046,25.862964181750005,5.3162979873948295,28.059127273626036,0.029497768971646805,0,1
2026-01-01 10:35:00,28.117223197048634,1.8562788465868156,25.288066731101743,4.203404371926827,27.976591071119422,0.004540232112556896,0,0
2026-01-01 10:36:00,28.128389604268797,1.8297809030518426,24.96420499904054,4.998410314338133,28.15711597388687,0.025409666256383304,0,0
2026-01-01 10:37:00,27.956044211246127,2.033884784096112,25.43121596712591,4.911837241159871,27.8963656370383,0.07629425232888094,0,0
2026-01-01 10:38:00,28.254706281598704,2.247272534439186,24.216659706879305,4.7276316663640925,27.945723407887957,0.3810046624616345,0,1
2026-01-01 10:39:00,28.238788268564004,2.251272753481528,25.292349639640975,4.476209303993341,27.927894633171327,0.027823040937237392,0,0
2026-01-01 10:40:00,27.869443362633906,2.218430638705205,25.396466905102628,4.078378294144928,28.22014949064537,0.031801044228321286,0,0
2026-01-01 10:41:00,28.258426224890215,1.9588958321381464,24.82575100324398,4.613999959874561,27.97722812060651,0.03411637077101335,0,0
2026-01-01 10:42:00,28.496270700996615,1.8616512713376525,26.098486572358063,4.620140886568104,27.93423070445543,0.007600425452693436,0,0
2026-01-01 10:43:00,28.152046053416637,1.7104332892994996,25.418843158612663,5.189107830596959,27.749128654545444,0.03428056079924686,0,0
2026-01-01 10:44:00,28.05477658952621,1.882558372825935,25.123738724976043,4.526000526601956,27.890635361735676,0.015378881950366904,0,0
2026-01-01 10:45:00,28.084439421406646,2.1099864246223525,25.337707722693512,4.958469714747327,28.063346193207114,0.0006965022948426172,0,0
2026-01-01 10:46:00,28.215360750492366,1.8393777736263393,25.810495034037697,4.347716068795371,28.06286508899096,0.042135231549937376,0,0
2026-01-01 10:47:00,27.787824388383964,2.158134347789481,25.60948528607159,4.968086867929256,27.921855612105574,0.03696306656886732,0,0
2026-01-01 10:48:00,28.12378898112327,1.7949599434341512,25.063691406257806,4.016804876735366,27.928521292044028,0.007601875792742737,0,0
2026-01-01 10:49:00,28.018897423538075,1.5582563430441412,25.63830843104962,5.533353662275743,28.22318452816776,0.015211645411452082,0,0
2026-01-01 10:50:00,28.41690673258851,2.431474855856951,25.51068899762829,4.750626365620752,28.323565571506617,0.014559776475254388,0,0
2026-01-01 10:51:00,28.048205398770513,1.9820375550008502,24.74418317929005,3.821924746460347,28.13797271081422,0.004584523501500817,0,0
2026-01-01 10:52:00,28.375181263318897,1.8568250108283215,25.335336304027066,4.5487876835540435,28.187113586475363,0.038723735277639115,0,0
2026-01-01 10:53:00,27.87184551033828,1.76694029000258,25.938144032713883,4.493518218419947,28.212571031574253,0.039398531349013666,0,0
2026-01-01 10:54:00,28.17194058143857,2.2961452545345358,25.928258618629826,4.570463653846795,28.265748585988565,0.019013027830534147,0,0
2026-01-01 10:55:00,28.119604047721005,2.6259004125680616,25.3617791017947,4.672375511470404,27.963768656751117,0.024493739891250508,0,0
2026-01-01 10:56:00,27.901729559735127,1.9985276528444487,25.99132588386809,4.568083996336043,27.8946078444712,0.02706456348201687,0,0
2026-01-01 10:57:00,28.08630824164716,2.0574225995714,24.826286184213224,4.514255773026125,28.220018773976587,0.029399053454933943,0,0
2026-01-01 10:58:00,28.26902662756978,2.499585493059551,24.84247380314768,4.394460966800405,27.884284717847002,0.0007444744101356253,0,0
2026-01-01 10:59:00,27.989068835920257,1.4809219196793002,25.32523809344792,5.0876262983765805,27.876568468693453,0.033792002786021236,0,0
2026-01-01 11:00:00,27.73956215046824,2.791512916343988,34.36496190367148,5.220397465332686,27.879323837888624,0.0038408693011288027,0,1
2026-01-01 11:01:00,28.037908124519454,2.9455982562084944,25.603621915299755,4.7108991618672995,27.98423243946817,0.037264753842062154,0,0
2026-01-01 11:02:00,27.875780914603496,1.1285856284653235,25.29046949980035,4.793827172488704,27.76187489542583,0.005832156934567342,0,0
2026-01-01 11:03:00,27.97394044866483,2.0259745587962237,26.557846694539553,4.405784198932597,27.828026869172806,0.0015980425240245955,0,0
2026-01-01 11:04:00,28.018421107634655,1.7914989685063016,25.26966344443597,4.824857244417749,27.92531934474,0.02449530592363995,0,0
2026-01-01 11:05:00,27.723837929375744,1.9323055435736312,27.028250614148448,4.880487316753837,27.856488962340993,0.02409090596409048,0,0
2026-01-01 11:06:00,27.73799132598915,1.8592900639367929,25.099303943601956,4.723210486600161,28.127489417682952,0.026867439567758222,0,1
2026-01-01 11:07:00,28.113744925125697,2.269587426949399,24.74210564843621,4.938626242219307,28.00079778418212,0.24004916220517664,0,1
2026-01-01 11:08:00,27.93125740395978,1.924915579536264,25.326825939416707,4.9080480737178585,28.069242630512335,0.028650718946103222,0,0
2026-01-01 11:09:00,27.56227945034021,1.6235403001065456,25.261734947388252,4.431051213818297,28.056103621515273,0.030345850245227565,0,0
2026-01-01 11:10:00,28.164006531047267,1.859442243710692,24.86335673460772,5.217566629805135,27.975187229228034,0.0459828394982371,0,0
2026-01-01 11:11:00,28.07077830357588,2.0766475574727963,27.242662698757265,4.727323809059649,28.1185757830272,0.028330588993064457,0,0
2026-01-01 11:12:00,27.892488590507142,1.458466627068367,25.636694086579066,5.386450060670945,28.054257746221953,0.014210941219186896,0,0
2026-01-01 11:13:00,27.783409032962748,1.272528794196531,25.730860558961382,4.947147206296729,27.96179196722534,0.0007528802941436166,0,0
2026-01-01 11:14:00,28.170555072473142,2.521874746102809,25.074657688793057,5.4898265956301415,27.797930816666323,0.00254469638914211,0,1
2026-01-01 11:15:00,28.082883112060877,1.5751506621020468,24.985550124490853,5.211344209257256,28.062479007088214,0.030813606356862477,0,0
2026-01-01 11:16:00,28.448978062019695,1.727511688767724,26.099614532360356,4.879516369849301,27.848643594636894,0.03927757966934244,0,0
2026-01-01 11:17:00,28.09607241872372,1.6120610226250265,24.200300197699786,4.546912596683131,28.045633975070903,0.008976031998169081,0,0
2026-01-01 11:18:00,28.09077262426087,1.9190616046425355,24.564912144397024,4.554451383830677,28.009466627040748,0.02959474476522652,0,0
2026-01-01 11:19:00,27.991704720206975,2.324003398545916,25.183192577798437,4.986561999743882,27.836755697915223,0.1661747613988245,0,1
2026-01-01 11:20:00,28.169754260553944,1.883269794441265,26.293297680997387,4.850094129326821,28.031007644924177,0.037928815640118074,0,0
2026-01-01 11:21:00,28.13644876809258,1.126214373284474,25.07652488103396,4.59384081740312,28.022958332431656,0.04058938441180389,0,0
2026-01-01 11:22:00,28.250657270812056,1.1512417535719552,25.620982608901652,5.091570981663514,28.02339370016741,0.015791827579403853,0,0
2026-01-01 11:23:00,27.93313476937639,1.474890586153957,25.339945335538264,4.813569965624611,28.017639630074644,0.04357842456693764,0,0
2026-01-01 11:24:00,27.950436481936958,1.5003935418609917,26.218645318149758,5.093653435355254,27.921713417665224,0.029539545336194004,0,0
2026-01-01 11:25:00,27.14461675749438,-2.6276586077315973,26.192559377414508,0.0,28.070993096092042,0.015435592348469845,1,0
2026-01-01 11:26:00,27.375451215990193,-1.7563611075995955,27.807514169982642,0.3498150838028589,27.9174813046856,0.015937668927188044,1,0
2026-01-01 11:27:00,27.505269216877743,-2.4403128841756057,27.143459994110398,0.17534844927154802,27.87104909031901,0.02557145327515873,1,0
2026-01-01 11:28:00,27.155625782899275,-1.5531482170183373,27.92033390252232,0.4191493825616662,28.080956044519773,0.015932521793813947,1,0
2026-01-01 11:29:00,27.164610162282635,-1.4529417413722605,26.689521162123867,0.3421006752507184,27.169965823680297,0.008133934575074383,1,1
2026-01-01 11:30:00,27.300649327615364,-2.1899976277458157,27.270076965425545,0.0,28.072743771993732,0.012259642244265626,1,0
2026-01-01 11:31:00,27.203114272689522,-1.9609374920583431,27.171111391294247,0.0,27.975136616624507,0.006277084894245721,1,0
2026-01-01 11:32:00,27.42214289450527,-2.555695876827846,26.530908224253388,0.6240608474068297,27.767264115529965,0.049238232038077874,1,0
2026-01-01 11:33:00,26.849057028701083,-1.9145830664356132,26.32595522226538,0.0,26.300437499508746,0.026006286674868102,1,1
2026-01-01 11:34:00,27.109351155905745,-2.313970852398628,26.805473604422186,0.2619517945932454,27.765388307105365,0.06555117565510012,1,0
2026-01-01 11:35:00,27.12127706012552,-2.5252150761101966,27.292118179020058,0.0,28.070327367210265,0.03167937466645024,1,0
2026-01-01 11:36:00,26.84856984918456,-2.24934990926744,26.660621940406624,0.0,28.253228422136694,0.035600348573942994,1,0
2026-01-01 11:37:00,27.09706391595266,-2.312798592398561,26.948594080279893,0.0,28.017935973753172,0.0058911051947626684,1,0
2026-01-01 11:38:00,27.110233392465112,-2.2635925805079973,25.848665179325565,0.14207230970169427,28.034947965351815,0.021072239147159458,1,0
2026-01-01 11:39:00,27.243357653042015,-1.8156946973931702,26.898240537024662,0.24539609486178646,28.04551851395362,0.026308443530515407,1,0
2026-01-01 11:40:00,27.48463209075527,-2.41954037097678,27.863074430159227,0.14322469322705622,28.0237800807592,0.013529524495921631,1,0
2026-01-01 11:41:00,27.245070017227054,-1.5323454542757418,27.628956201943552,0.4010823254877259,28.28207361807286,0.016633581522169327,1,0
2026-01-01 11:42:00,27.108652184938546,-2.596640652192178,27.06315048812043,0.13694105433194512,27.89882021767257,0.032562660982825314,1,0
2026-01-01 11:43:00,27.289093459956828,-1.5591137534858681,27.283120085646924,0.0,27.883752802406427,0.032915676368660066,1,0
2026-01-01 11:44:00,27.493465784297463,-2.470356633872052,26.521251504491786,0.20800576351581734,27.960699871980857,0.0009349850400599963,1,0
2026-01-01 11:45:00,27.134327413099317,-2.103463522712369,28.22651655278088,0.059362786325487076,28.208899791109783,0.03010733622597846,1,0
2026-01-01 11:46:00,27.151591639592677,-2.2617317901115723,28.525125847517156,0.0,27.93077480692257,0.03495427328402122,1,0
2026-01-01 11:47:00,24.30782183003313,-2.1961087988006027,27.18126002865384,0.16538175551340142,28.051635790214895,0.014375016877447758,1,1
2026-01-01 11:48:00,27.28691090341481,-1.779625656192646,28.86746560704238,0.027779558106106085,28.128521024949837,0.012545551587252264,1,0
2026-01-01 11:49:00,27.44911805751284,-1.5181910506305667,26.565872415628384,0.0,28.093478034391012,0.03294644452115742,1,0
2026-01-01 11:50:00,24.941263075867585,-1.6082920166558141,26.15417357346362,0.0,28.122168860987564,0.021315572386145197,1,1
2026-01-01 11:51:00,24.542918552394482,-2.147424554622014,26.521037697515986,0.49474849743974936,28.170158364309295,0.02503752046912766,1,1
2026-01-01 11:52:00,27.164071215425622,-1.9209824146400267,26.851894661131144,0.4833107356243765,28.03698780516303,0.054419702283021426,1,0
2026-01-01 11:53:00,27.35427882165017,-2.2380423027589886,28.61166812354111,0.06585044874468945,27.94515413220139,0.0217344676495198,1,0
2026-01-01 11:54:00,27.324651693067434,-2.289400434477675,26.784015954131853,0.020043505260549977,28.01766626686726,0.03981174760009886,1,0
2026-01-01 11:55:00,27.14988296168121,-2.3209123671690164,26.366598151758765,0.0,27.959313584664468,0.034799604059829195,1,0
2026-01-01 11:56:00,27.093522811210825,-2.0496237319803945,26.326891937388407,0.6017777896781992,27.121042975180945,0.00088581492575001,1,1
2026-01-01 11:57:00,27.50461970296126,-1.7854071209309872,27.74121255771533,0.36271966057878846,27.936081201645845,0.03436879943721694,1,0
2026-01-01 11:58:00,27.32427240592682,-2.5178458912490522,27.62862225733725,0.26318304974651435,28.057976920537556,0.04302555812975675,1,0
2026-01-01 11:59:00,27.20970763989703,-1.840638561713711,26.577922274626452,0.0,27.819896128103604,0.0038208904144913375,1,0
2026-01-01 12:00:00,28.1826877913538,2.330608793592333,23.591888126699136,4.8143229277295285,28.01593820717457,0.17928352653758192,0,1
2026-01-01 12:01:00,28.409325303729325,2.2170836399863854,24.102037585288077,4.7555049520883195,27.965547537348247,0.025469927991538223,0,0
2026-01-01 12:02:00,27.802023353106996,1.6438961585516887,26.08397790174165,5.038985403405209,28.08108224630133,0.04259806263697788,0,0
2026-01-01 12:03:00,27.949420159205577,1.3838635735372402,25.348267018159916,4.642139215258971,28.08421036424376,0.015259868763190836,0,0
2026-01-01 12:04:00,28.058931598631663,2.057413681798637,24.898860933678744,4.718901424241269,28.1700398166752,0.024242366805293524,0,0
2026-01-01 12:05:00,28.494268867989703,1.1086071625913583,26.148101915018184,5.016794528634146,28.160508320097797,0.013031912000134618,0,0
2026-01-01 12:06:00,28.28828976127267,2.3309117656354674,26.197574130702797,4.529247571518963,27.992043408545197,0.02544203731378136,0,0
2026-01-01 12:07:00,28.381663044490963,1.8895594367159285,24.788363467344062,4.599085060806738,27.886673662899714,0.04384020786059807,0,0
2026-01-01 12:08:00,28.04438575860434,2.6264268546837117,24.787946896696894,4.867664323916336,27.900747238045277,0.02690614307264939,0,0
2026-01-01 12:09:00,28.054106601438793,1.4012869183506012,24.379492979440435,5.2684699961723505,28.036328557122637,0.01856573449737243,0,0
2026-01-01 12:10:00,28.342170094808708,2.3463268422130312,24.574336574641745,5.082964408028172,28.018934333606452,0.024410379458166397,0,0
2026-01-01 12:11:00,28.277918566383242,2.0079523367756793,23.71972141366601,5.176391424126374,28.030951190893756,0.010588739941457273,0,0
2026-01-01 12:12:00,28.371985583149186,1.944233002901859,23.703427373715478,4.822160882175352,27.935786763239623,0.007100942725674662,0,0
2026-01-01 12:13:00,28.245126028054912,1.5963585509381002,23.527346612680134,5.323277308324041,28.172468491757442,0.04666152452801567,0,0
2026-01-01 12:14:00,28.334570752063293,2.2986749177433654,25.478716883409458,4.190586151424542,27.823277941321614,0.054478772961893074,0,0
2026-01-01 12:15:00,28.31846143528292,2.3397569759964534,23.613137890005504,5.507783726440471,27.929144178201874,0.007247204845612344,0,0
2026-01-01 12:16:00,28.435383597597262,2.7393726468927686,26.057498973967114,5.5531156413130125,27.870747146964295,0.03547833090157724,0,0
2026-01-01 12:17:00,28.44591621337474,2.477331941099583,24.167636357874787,4.959815722337911,27.974923217238803,0.040460802486832315,0,0
2026-01-01 12:18:00,28.014224386422125,1.9250064155687965,25.88139308278061,5.091291923102429,28.149587969127754,0.0031896676249181175,0,0
2026-01-01 12:19:00,27.906310725597265,1.7882515999304687,24.396031279747273,4.786700047598153,27.965469531622094,0.01650840740004572,0,0
2026-01-01 12:20:00,28.49601594132085,1.6657107118214374,23.541535817276404,4.726651072924332,28.01217728029287,0.014613167349000254,0,0
2026-01-01 12:21:00,28.53423402593174,2.66371118435271,25.52278725200666,4.586195368622482,28.07970914277103,0.059217041687475686,0,0
2026-01-01 12:22:00,28.14132636317022,1.8774257899594307,25.591703825679595,4.782845794307452,27.959762037036228,0.054744103894887444,0,0
2026-01-01 12:23:00,27.994710790882745,2.6678672435966413,23.96240061601891,4.994576716461996,28.045915319711348,0.00841881736655093,0,0
2026-01-01 12:24:00,28.351592336367226,2.331857877680619,24.35070289946251,4.946959346507198,28.030090690219843,0.0012664659987926888,0,0
2026-01-01 12:25:00,28.505438880504514,2.2601487221121586,23.93501241588956,5.495311075091934,27.864302882324072,0.0389135853117869,0,0
2026-01-01 12:26:00,28.665408949687386,2.0321995948004945,24.470900063877345,4.835096091030893,27.944282152653816,0.03479105536235223,0,0
2026-01-01 12:27:00,28.43855662196575,2.364105300254092,24.61693960414553,4.278910003529239,28.04255027356921,0.04739188302146738,0,0
2026-01-01 12:28:00,28.28231775767448,2.1190995821054943,24.28167496360687,5.375508717428195,28.153863043078875,0.005936657706761869,0,0
2026-01-01 12:29:00,28.19188514542288,1.9853532641906246,23.24059866709809,4.372666002609081,28.15375123507098,0.038023738368681226,0,0
2026-01-01 12:30:00,28.357945805181917,2.3467105666514243,24.093384479436985,4.6042131760731015,28.251458443651998,0.011828334016509708,0,0
2026-01-01 12:31:00,28.30506292001526,2.0397729121668706,24.97864049061614,4.895110099472816,28.058254858714534,0.0362169429461205,0,0
2026-01-01 12:32:00,28.17907070530266,1.796386591203763,24.326127215195186,4.946011278792128,27.950402253437876,0.024331851993887734,0,0
2026-01-01 12:33:00,28.73321419953106,2.270040060328317,24.229332359769877,4.294096588374306,27.992325720174602,0.059211124053439756,0,0
2026-01-01 12:34:00,28.688223406195004,2.020735450190651,23.793187668480716,4.538734717269233,27.986348221804366,0.03305308651900103,0,0
2026-01-01 12:35:00,28.57363343478144,2.196094167505522,24.003894470079423,4.281726138554612,27.951054374411697,0.01934810235875531,0,0
2026-01-01 12:36:00,28.205437101327483,1.8468738878784008,25.403404188526647,5.017599572162896,28.04595464121546,0.027482801332497846,0,0
2026-01-01 12:37:00,25.673032597572558,1.562279285843287,23.605519604032708,5.21418295964601,28.051538619593696,0.023190667775954528,0,1
2026-01-01 12:38:00,28.4897859844393,2.5715909338550595,24.894178281343326,4.37235668451372,27.8591491003669,0.004220145927963881,0,0
2026-01-01 12:39:00,28.455724780488815,2.4836718188437814,24.40879663127164,5.148480983566753,28.130580405732957,0.05964805877783159,0,0
2026-01-01 12:40:00,28.602205143610075,2.22903178660567,24.533500907264248,5.1257725605136315,27.779583567391068,0.05377695500687068,0,0
2026-01-01 12:41:00,28.49261505808851,1.760739334654955,23.835781283536665,4.569325223530973,27.973302165649155,0.021826537647272805,0,0
2026-01-01 12:42:00,28.51221650370107,1.7676578011798427,24.08850769573363,4.10609733744626,28.137917832766743,0.03759785317506682,0,0
2026-01-01 12:43:00,28.494204660053764,2.3325251913997844,24.317094992165256,4.425060393281845,28.072886971215798,0.06192572814955525,0,0
2026-01-01 12:44:00,28.441232802303816,1.7005742526618497,23.94300775990076,4.591659844581923,27.957163140882752,0.04726413374892516,0,0
2026-01-01 12:45:00,28.058949996651446,1.578605387278448,31.61582119063744,5.3395847963832175,28.23625882161412,0.019466954660550144,0,1
2026-01-01 12:46:00,28.394942142797337,2.4308673706623183,24.600526332720303,4.7585940987443225,27.94719117972326,0.023416770045427752,0,0
2026-01-01 12:47:00,28.279446976453926,1.7346022260991218,25.787686815619686,4.447610208403393,27.759765883714206,0.005915620050330531,0,0
2026-01-01 12:48:00,28.148642568791086,2.3461797731936316,24.44803518350934,4.851746994233179,28.054328762601333,0.03894589317780793,0,0
2026-01-01 12:49:00,28.68097524384763,1.2140897567225502,22.90128124441072,4.346628315197046,27.786578373346792,0.04737121421330685,0,0
2026-01-01 12:50:00,28.68848455690162,1.8616576588105913,25.040554480705737,4.980019017572222,27.900226176587022,0.047494710991420774,0,0
2026-01-01 12:51:00,28.620726276185295,2.3825210846492864,24.07036489393578,4.457817579254883,28.074730031807512,0.037618724827516756,0,0
2026-01-01 12:52:00,28.420591645763736,1.6460977136555401,25.60810062498674,4.508616690933298,27.944697080092187,0.03134223903689067,0,0
2026-01-01 12:53:00,26.451585594000626,1.522126685224651,25.216125928036742,4.931422216951162,28.069673140930355,0.007039379488069649,0,1
2026-01-01 12:54:00,28.373359745441455,1.1855619905381862,23.819567091667164,5.412581788980777,27.861028080167237,0.03075477176361127,0,0
2026-01-01 12:55:00,27.605648181583064,-1.6461555943379524,26.66541325489738,0.7692256460825638,28.10301760291145,0.013630084140991885,1,0
2026-01-01 12:56:00,27.370068247138864,-2.3126752585848886,25.731193425788547,0.0,27.797086421048586,0.03445322969476976,1,0
2026-01-01 12:57:00,27.63589661718546,-2.0932836847035823,26.135782079515003,0.0,28.158235792955022,0.011250408528587436,1,0
2026-01-01 12:58:00,27.572652395450245,-2.507879561689767,26.594082154555796,0.18043629976307562,27.942957251562373,0.034338688521278506,1,0
2026-01-01 12:59:00,27.3244531856844,-1.5452500403601628,26.88704707764798,0.40907627190804685,28.183739022648183,0.048816221438532606,1,0
2026-01-01 13:00:00,27.54666909255421,-1.6988990325705637,26.721707072267225,0.0,27.89913852532399,0.03178872983325189,1,0
2026-01-01 13:01:00,27.53829733581393,-2.125632578429305,26.134735737265,0.030567886617204727,28.230971833806212,0.030912257325861586,1,0
2026-01-01 13:02:00,27.87278777305594,-2.5284664765538003,27.80788569653593,0.0,27.88508066631674,0.04143448414292619,1,0
2026-01-01 13:03:00,27.706581458119903,-1.5953023134683821,25.80128863614601,0.0,27.784726158399437,0.05686602376883051,1,0
2026-01-01 13:04:00,27.54390211468567,-2.2676796086630997,24.91914641871788,0.0,28.00517239313431,0.02306888612361279,1,0
2026-01-01 13:05:00,24.10817960184327,-2.5315044078404045,25.041353272631895,0.0,28.148078684691523,0.034378396156891644,1,1
2026-01-01 13:06:00,27.541724296644684,-2.764823967744286,27.050978067769613,0.02058525699385933,28.094894621515433,0.05220218642233482,1,0
2026-01-01 13:07:00,27.492956646797758,-2.3758745856195045,25.9531214184082,0.3528360010924505,28.139556552299663,0.03704719941518852,1,0
2026-01-01 13:08:00,24.129232954235253,-2.6589101323421627,26.105802401954232,0.12402184027872264,28.097262423745786,0.011042791061038018,1,1
2026-01-01 13:09:00,27.493254171175344,-2.366069956161884,25.6024589586711,0.33163880300867843,27.90156785332532,0.012118866170804566,1,0
2026-01-01 13:10:00,27.381404083546123,-1.8841396567600728,25.65317922297868,0.009353517546541835,28.091970027410234,0.03851875780810785,1,0
2026-01-01 13:11:00,27.28576226855245,-2.270993561587931,25.40703282163237,0.0,28.011140074282295,0.01779689219863271,1,0
2026-01-01 13:12:00,27.597821272031197,-2.0083770969635046,26.275820047531724,0.0,27.914832241575237,0.050926384174446754,1,0
2026-01-01 13:13:00,27.571082361412717,-2.377681479934657,25.865950570564372,0.24343107161422384,28.02152249049271,0.05844263224552959,1,0
2026-01-01 13:14:00,27.173778115515724,-2.0917687429772283,26.226811671504958,0.3613967592643741,27.993240903626134,0.01437558701049058,1,0
2026-01-01 13:15:00,27.467916765250877,-1.4307936035944475,26.148197395245344,0.0,28.169919101838264,0.006414951932498893,1,0
2026-01-01 13:16:00,27.663731130763445,-4.316548534102009,25.600851105049276,0.0,27.9382147128697,0.018498717711771064,1,1
2026-01-01 13:17:00,27.66956707942337,-1.941253460595473,24.866325384151043,0.11748035582053266,27.932605884951883,0.01745948946637397,1,0
2026-01-01 13:18:00,27.657863227472987,-2.608035218531043,24.79394443876102,0.16729333734477714,27.91616336315429,0.05264958918181076,1,0
2026-01-01 13:19:00,27.474433564057126,-1.5110932868147455,27.983326140422054,0.43145168011859114,28.2276218163571,0.0063639804709444,1,0
2026-01-01 13:20:00,27.30945546676417,-2.1919979835209924,26.888157633574597,0.0,27.92287762908011,0.03836374369494731,1,0
2026-01-01 13:21:00,27.260557270063035,-3.6609415458511756,26.78043231546058,0.0,28.155620587893402,0.04998108292624939,1,1
2026-01-01 13:22:00,27.511643606902123,-2.0285848459972393,25.35905190764511,0.2646560691388514,27.87623349998062,0.4240816510487336,1,1
2026-01-01 13:23:00,27.51181634739367,-1.7502622692177796,25.827011239234814,0.0,28.060794858663208,0.03285619487887506,1,0
2026-01-01 13:24:00,27.669143704436106,-1.707503475552679,25.23878554791201,0.0,28.031501127835657,0.02208019862116159,1,0
2026-01-01 13:25:00,27.629253009041623,-2.0780611689934356,24.88037614466032,0.4389489545490852,28.14800421499064,0.05828157937350909,1,0
2026-01-01 13:26:00,27.401249999997198,-1.5143058220193037,25.376096978010622,0.0,28.130605458950857,0.02058539814931546,1,0
2026-01-01 13:27:00,27.19485806519322,-2.1384137941837995,26.706085143072453,0.7196710989214289,28.00982680524919,0.042069117714505375,1,0
2026-01-01 13:28:00,27.355116977811978,-1.576433608326383,26.3559087026691,0.0,27.935550888468054,0.02214276638091916,1,0
2026-01-01 13:29:00,27.445383524472344,-1.9609866187687315,25.078100309931457,0.3033549409802492,28.19499539669223,0.008150655495241257,1,0
2026-01-01 13:30:00,28.163625015829908,1.9223452820212177,23.52662694836821,4.761920118326119,27.923566305799582,0.020146431205182603,0,0
2026-01-01 13:31:00,28.08969715113957,1.6627172149864529,24.26136758396152,4.894976799705248,27.727873147015075,0.022186891066439934,0,0
2026-01-01 13:32:00,28.23296310142064,1.86620217648333,23.32740505659013,4.708024725083383,27.77697214521903,0.022418887307628036,0,0
2026-01-01 13:33:00,28.090472483157914,1.4966262961940946,23.773021126452697,5.0998018282115405,27.80619263810637,0.013114418523715757,0,0
2026-01-01 13:34:00,28.061896946756622,1.9831180191770283,23.98895328556867,4.678436644093152,28.071483465423995,0.03626386633384557,0,0
2026-01-01 13:35:00,28.224804838194572,1.9351727923998383,23.971785896127336,4.599468734854215,28.26573611219734,0.03826761068217486,0,0
2026-01-01 13:36:00,28.09021723122955,1.7533040811511624,23.866637370289208,5.434669639054497,27.75520471938976,0.019495259628730104,0,0
2026-01-01 13:37:00,28.200392848808164,1.9450552587384569,23.22187671838564,4.810283943954792,27.906093414020255,0.019344120670615507,0,0
2026-01-01 13:38:00,28.199562000066322,2.03237330914039,23.284641269927118,4.563506553643161,28.010683095374585,0.00608761127282402,0,0
2026-01-01 13:39:00,27.939279720816028,1.7899998696595767,22.86775834182297,4.278399693530835,28.185460835880466,0.029578522021664416,0,0
2026-01-01 13:40:00,28.051812971905605,1.9799101618849038,22.55949981749504,5.452952310862593,27.90544749770173,0.04980254911356069,0,0
2026-01-01 13:41:00,28.3913706623701,1.6911872503474248,23.563367349093113,4.606826118240662,28.070895978698037,0.049815108380497394,0,0
2026-01-01 13:42:00,27.91761309195418,2.881107252553441,24.206464454860754,5.521643383475402,27.969989290190394,0.014215315808829898,0,0
2026-01-01 13:43:00,27.74009539276327,2.446495294835217,22.66041288557962,4.939599022994509,28.312859395949832,0.06084145180648779,0,0
2026-01-01 13:44:00,27.780362991114888,2.185746087365306,23.809357587529014,4.850009820105858,28.017344834515992,0.018480914783969755,0,0
2026-01-01 13:45:00,28.1152397903838,2.5133484159413975,24.15932315555593,4.859445334314799,28.04268265277744,0.006713085427545531,0,0
2026-01-01 13:46:00,28.11017964248391,1.421839549365386,22.316313186036155,5.5755828287468425,28.01011083511176,0.0004867664088762588,0,0
2026-01-01 13:47:00,28.078175323398742,1.229326440856473,23.40470737251338,4.032723500702699,27.950237611876766,0.005627180082681663,0,0
2026-01-01 13:48:00,28.312752823794487,1.9931179090908357,24.73869165120547,4.875019531827626,28.113984449068248,0.03100749669620219,0,0
2026-01-01 13:49:00,27.60807073648285,1.6571060539358609,23.965077868383805,4.70717873736448,27.860916693608704,0.020365645754182246,0,0
2026-01-01 13:50:00,28.155566327653972,2.0618707799973572,22.261919277604182,4.725417315220928,27.75976451195069,0.013623858287237322,0,0
2026-01-01 13:51:00,28.36061536718005,2.22006248758711,24.02474369371397,4.852259148249666,27.981976645057177,0.00974688891425055,0,0
2026-01-01 13:52:00,27.87196095563687,2.4719318638758976,23.03330492222715,4.706811047676355,28.097867646479497,0.005449885778426703,0,1
2026-01-01 13:53:00,28.00215366381686,1.751394394960359,24.033599092152812,4.865845733515907,27.930306772576035,0.008982361516725532,0,0
2026-01-01 13:54:00,27.930713386312917,2.287953403534921,23.05974063324298,4.791747888245731,28.022378865318778,0.04327708609335654,0,0
2026-01-01 13:55:00,27.90112971194463,2.1497191061575545,23.498939940863377,4.340254637635373,27.853516441432394,0.05746005727851774,0,0
2026-01-01 13:56:00,27.99943090344664,2.2612317626731784,23.15319971292749,4.933478113233807,28.1275195972353,0.05857288485674904,0,0
2026-01-01 13:57:00,28.31132429207572,1.9509495979395437,23.525260312222056,5.050619058094853,28.078229155912524,0.03736756470749863,0,0
2026-01-01 13:58:00,28.381502838527844,2.6086116480501182,23.119678311695903,4.610277033872171,28.002367398294187,0.016139031402568293,0,0
2026-01-01 13:59:00,27.986882282184617,2.0783498892543055,23.354177454188857,5.453763627378424,28.02024757454699,0.012979357234921685,0,0
2026-01-01 14:00:00,28.387026265850405,2.724072669550872,22.681766736469903,5.267450110982432,27.832770968404592,0.03861051688933186,0,0
2026-01-01 14:01:00,28.047473199142626,1.8135271216054867,23.842345149036298,5.09538330470991,27.838132801146568,0.020565552359361167,0,0
2026-01-01 14:02:00,28.353881456472344,2.3357933327467975,23.615934356167738,5.091137260409805,26.954512403345504,0.032414497826823735,0,1
2026-01-01 14:03:00,28.018768060686703,2.039216720720902,22.356172446024637,4.810533933413461,28.06164817728705,0.05974788374262068,0,0
2026-01-01 14:04:00,28.056697314866284,1.928420583827282,24.177456734623444,5.199480236657047,28.06772544051295,0.028902914414000443,0,0
2026-01-01 14:05:00,28.096640733334247,2.2462860325539316,23.353844293764777,5.349764114221736,27.95644805510632,0.06600132611883613,0,0
2026-01-01 14:06:00,28.60100348935303,1.90101412058601,23.585471840662866,5.082808404484182,28.089445402754972,0.004716253300216182,0,0
2026-01-01 14:07:00,28.180204298203165,1.053783874476557,24.00258592700117,4.600400830365672,28.17049498328963,0.03305360332664381,0,0
2026-01-01 14:08:00,27.898039153879058,0.8923112038640555,23.69247998016984,4.786111496599689,27.989359910000292,0.030647257370080807,0,0
2026-01-01 14:09:00,25.624728215315763,2.3877055811759478,24.27383407542841,5.000784511541632,28.037159668793414,0.007286537116221896,0,1
2026-01-01 14:10:00,27.95760474778262,2.3502975104218793,23.248530966531543,5.09321071641615,27.975057504359906,0.039429799820209464,0,0
2026-01-01 14:11:00,27.9335967147043,2.557042405725532,24.17374957113762,4.772882974909757,27.98484324292378,0.05255457990132155,0,0
2026-01-01 14:12:00,28.18453430361429,1.8666342048874538,23.53167326454601,4.601617008512525,28.020347718754998,0.06464805671015966,0,0
2026-01-01 14:13:00,28.026033876752038,1.3962884046367625,23.79711295840999,1.232891477454099,28.204391714686462,0.03240321742996482,0,1
2026-01-01 14:14:00,28.070253315748687,1.6775604208825914,23.72062061824193,4.424688099918365,28.109833165269468,0.009201922796255299,0,0
2026-01-01 14:15:00,28.022517339935753,1.803998580376459,24.303069750475174,4.470533885528479,28.099022132051463,0.03358581560790225,0,0
2026-01-01 14:16:00,28.08069461392554,1.4231218556897691,23.936193755285366,4.335505266674505,27.94555085604987,0.0383552724668875,0,0
2026-01-01 14:17:00,28.096932332491736,2.328290567704833,23.117958603717874,4.469757213131486,27.892218982144996,0.02076665204302618,0,0
2026-01-01 14:18:00,27.672332010946736,2.5110569160890917,22.976118133275094,5.236570706991651,28.046744252914724,0.028872146957802013,0,0
2026-01-01 14:19:00,28.141734827976233,1.8709251707196133,23.387331539060945,5.248291464779621,28.14924943767697,0.21650402316620854,0,1
2026-01-01 14:20:00,27.84597110888835,1.6764906384916494,22.88741301544297,4.774084062937191,28.206808527823938,0.022593479057974004,0,0
2026-01-01 14:21:00,27.76431958746722,1.20440373245742,22.68044469108943,4.973710038444873,27.705683537288117,0.04331476573562723,0,0
2026-01-01 14:22:00,28.01483274537576,2.1769368166795564,21.925008732862715,4.796323397831629,28.29356659511121,0.05000242732362946,0,0
2026-01-01 14:23:00,28.042089475327703,1.6412356413155462,22.327999150308198,4.382808110916465,28.050038433789723,0.0021272394051834592,0,0
2026-01-01 14:24:00,27.903978717443863,1.493067622253921,24.80027688451175,5.576337452686051,28.109071643699654,0.015796197080236322,0,0
2026-01-01 14:25:00,27.38044106263877,-1.8565647323542007,24.94912365381323,0.4811589877744919,27.791206706872533,0.0035921808531842216,1,0
2026-01-01 14:26:00,26.991515376231213,-2.2481294648068646,26.73944976830279,0.12404679186539797,27.97157129958824,0.05808983665872771,1,0
2026-01-01 14:27:00,27.162311942845268,-2.008694378324451,25.687762102129476,0.0,28.098741750027663,0.04067403135080415,1,0
2026-01-01 14:28:00,27.132939727378208,-2.5806671615583325,25.369422414797235,0.0,27.859030268953784,0.011018061198545238,1,0
2026-01-01 14:29:00,27.232683724624312,-1.7096826341559135,24.35270162793846,0.0,27.653402635603896,0.023838374275729702,1,0
2026-01-01 14:30:00,27.294310998555304,-2.139652755722039,25.405438825632135,0.03415378432496415,28.04026064227639,0.019897736701296943,1,0
2026-01-01 14:31:00,27.065930611759605,-1.7089976149828037,26.725917984611144,0.10847311110977194,27.99402608042046,0.011393099004444839,1,0
2026-01-01 14:32:00,27.38114411888221,-2.1949120113429412,26.491127300907067,0.0,28.172960450545222,0.043652991706655146,1,0
2026-01-01 14:33:00,27.265717367312757,-2.1805396787776967,25.592314448676674,0.0,27.980809782893846,0.04324096316452726,1,0
2026-01-01 14:34:00,26.917607738754644,-2.5639146040987835,24.596018995242293,0.7462206450005593,27.9895937448301,0.02985012897427055,1,0
2026-01-01 14:35:00,26.909565540967115,-1.8787677729979224,24.729984258325594,0.0831343613909728,28.08372130067642,0.013450256052643828,1,0
2026-01-01 14:36:00,27.26401645868679,-2.454626647286978,24.80327256100108,0.15980720006804952,26.484431476255264,0.013601535473200765,1,1
2026-01-01 14:37:00,27.230744718737498,-2.3200346200764135,26.295055840942258,0.0,27.914950188080866,0.02579068151263421,1,0
2026-01-01 14:38:00,27.256345872873943,-2.1494202743277957,26.542985885371483,0.0,28.11333985114924,0.01677154556680683,1,0
2026-01-01 14:39:00,24.677069387026336,-2.105654199087621,25.538514332210692,0.0,27.937391940768446,0.02489521382589259,1,1
2026-01-01 14:40:00,27.324899001368255,-2.7418166426304884,25.190014293862692,0.0,28.001982592447188,0.03504545973130529,1,0
2026-01-01 14:41:00,27.459757864214072,-2.220385557117404,26.48722255737601,0.248337033251852,28.080492369136884,0.0026035123382048275,1,0
2026-01-01 14:42:00,27.094199772422193,-1.8545392041780044,24.71925155133704,0.3171271506816594,28.10141636126536,0.011352682884662717,1,0
2026-01-01 14:43:00,27.08839039065312,-2.256932661181742,25.441830210640827,0.2677603178982797,28.038197788768567,0.024393526705262864,1,0
2026-01-01 14:44:00,27.107816238018295,-2.1932340301793705,25.731103758110283,0.3458953175710021,27.870333360756018,0.05317620815002623,1,0
2026-01-01 14:45:00,27.362005000090367,-2.0462667735295996,24.804713403530595,0.6312830326168094,27.77556943489177,0.04021600390013054,1,0
2026-01-01 14:46:00,27.5395856468549,-2.134249301785715,24.96535247675977,0.13644810883744457,27.977445281413065,0.024935487539490212,1,0
2026-01-01 14:47:00,27.243452094694852,-2.4364841895980134,24.912866775356974,0.384725537283442,26.220757760576504,0.032241556728068686,1,1
2026-01-01 14:48:00,26.876481432297616,-2.0728218322005048,26.406354260563006,0.17285120084250494,28.05396369296773,0.02317293038112595,1,0
2026-01-01 14:49:00,27.02585209791527,-1.6952048201585868,26.757036325957834,0.0,28.029043960885605,0.044390027929287944,1,0
2026-01-01 14:50:00,27.188489764098097,-2.392887244933773,25.499838795364035,0.0,27.999156813224022,0.03280755672510276,1,0
2026-01-01 14:51:00,27.24398574126337,-2.1367934996224016,25.234406431447375,0.0,28.037092221216604,0.04801840439889884,1,0
2026-01-01 14:52:00,27.276875323047086,-2.4690427058588997,25.00511631157968,0.08100166574652623,27.88070905876553,0.0006039037167139723,1,0
2026-01-01 14:53:00,27.36339866092862,-1.6348313643034433,25.429242859349998,0.0,28.093624218299833,0.010488570278359704,1,0
2026-01-01 14:54:00,27.30646155610476,-1.9746831974697892,25.046049867788103,0.2119883115106178,28.101556775010657,0.029942284059438,1,0
2026-01-01 14:55:00,27.55762445791776,-2.217276921926037,25.366637353109848,0.3433598343488582,27.957368138998806,0.03388320139603925,1,0
2026-01-01 14:56:00,27.253265726804543,-1.8641801144858374,25.727343173386146,0.4212495161070556,28.052440915678197,0.06820609210009074,1,0
2026-01-01 14:57:00,27.22596764390622,-2.2940291669996253,25.15805050130205,0.5667415465334935,27.7940140642756,0.007539439442322479,1,0
2026-01-01 14:58:00,27.47364143165974,-2.2104340213471656,25.31291438825102,0.0,28.02160574991656,0.024404645457451316,1,0
2026-01-01 14:59:00,27.11730251800685,-2.3354615012585667,25.319830861228077,0.0,27.984024968687,0.02359740419503476,1,0
2026-01-01 15:00:00,28.2701445069576,1.4266272668549091,23.231543427767033,5.8247353151815915,28.151107948824457,0.029281095023567256,0,0
2026-01-01 15:01:00,28.224741482477178,2.2994829202103735,23.149178350594433,5.15333330195084,27.97616286913779,0.056198691183193164,0,0
2026-01-01 15:02:00,28.18601651708867,1.5921191693871153,23.996248032573614,4.878556789866454,27.16905335726726,0.04077296105809242,0,1
2026-01-01 15:03:00,28.50470482267504,2.035947884714233,22.22787753629723,4.811213128609163,27.9530592986581,0.0038722577875825344,0,0
2026-01-01 15:04:00,28.11305381801976,1.6037675775513753,24.574234064598613,4.780098948516778,27.725667914250987,0.05260767005098374,0,0
2026-01-01 15:05:00,28.60211034267438,2.1855438611811073,23.572116489765023,4.123188704862603,27.972935641502772,0.052105534439394995,0,0
2026-01-01 15:06:00,28.196846443486137,1.5832291247505696,23.909427375672657,4.5296848133817775,28.023610870613613,0.029735342209579643,0,0
2026-01-01 15:07:00,28.013682981113295,1.978044821691675,23.995299416101755,4.76085334192337,28.01810050044262,0.004119774461806992,0,0
2026-01-01 15:08:00,28.26220024862613,2.0039697009357513,22.99759329809559,4.549449043588864,28.019914060632818,0.02227085843823454,0,0
2026-01-01 15:09:00,28.061898922930112,2.820456706051673,22.858832442921035,4.595202403307705,27.939225495716133,0.03343710378238101,0,0
2026-01-01 15:10:00,28.126247573192188,2.245624514183346,22.7821017430297,5.695555997693216,27.9611526909106,0.04293791824127446,0,0
2026-01-01 15:11:00,28.33889518081765,1.8356140246454034,30.562457893896187,4.711921435451759,27.864838738650334,0.006868060242480073,0,1
2026-01-01 15:12:00,28.373217371710666,2.2998678261947667,24.00621771751933,4.897342002893356,27.760407320138903,0.011156118141982009,0,0
2026-01-01 15:13:00,28.166916620376266,2.824164828432175,23.114416488650523,4.884887699751302,27.987224919594414,0.044764295405944725,0,0
2026-01-01 15:14:00,28.46223780740981,1.5197905187247613,23.955031799046363,5.006310824518079,27.910575630100226,0.05203177127219595,0,0
2026-01-01 15:15:00,28.4983513964438,1.8082401764254987,21.87851779874891,4.632951031945464,28.129580269479963,0.032749493787936505,0,0
2026-01-01 15:16:00,28.553919783743368,2.0316637705150544,23.272900828480847,5.236443436813539,27.738161957638376,0.0456732198451649,0,0
2026-01-01 15:17:00,28.395949135907365,1.9785334695986923,24.366680398415976,4.9552467677623575,28.034922255897314,0.03319506287811376,0,0
2026-01-01 15:18:00,28.55121851358807,2.0164049362878464,23.437040775863927,4.349492469196367,28.254578471784875,0.042335525646051184,0,0
2026-01-01 15:19:00,27.972275348523286,1.6831222112389639,22.98350552470952,4.76237360026963,27.9780584282179,0.027612200952384286,0,0
2026-01-01 15:20:00,28.258478590990453,2.636067332296777,23.111449026451464,4.739748087764873,27.999670229118156,0.03363907377792791,0,0
2026-01-01 15:21:00,28.16438256300638,1.6501696539120791,21.459103361805894,4.723642090634282,28.05116161239658,0.32991525662377197,0,1
2026-01-01 15:22:00,28.34649916168555,2.079712306088809,22.878083131596263,4.978253880778079,28.06054233486469,0.03799847078750629,0,0
2026-01-01 15:23:00,28.226620304605547,2.515827496572928,24.334183103367536,5.022153816212727,27.95097911961272,0.002457648738065827,0,0
2026-01-01 15:24:00,28.30385765703498,2.137517963377847,23.194204887383737,4.9808285789848945,27.87900445479422,0.03797828918765057,0,0
2026-01-01 15:25:00,28.676679478198146,1.8018947551383033,23.2849002527867,4.918620375327147,28.078326495706065,0.01709830533433051,0,0
2026-01-01 15:26:00,28.311292372293543,1.6675670244657137,21.98600778571655,4.829973197679661,27.77103263350996,0.031659789471350244,0,0
2026-01-01 15:27:00,28.420105676081725,2.0523700620935807,22.485024106308586,4.047077548560693,28.099867398406047,0.007849659029074231,0,0
2026-01-01 15:28:00,28.307418283673545,1.859554001050712,24.468117149669546,5.072262420128361,27.95298417711182,0.015935052626674884,0,0
2026-01-01 15:29:00,28.366277049140386,2.186408798300751,24.075797324739366,4.970923933287267,28.00037021849046,0.0316234765488479,0,0
2026-01-01 15:30:00,28.35696757515969,1.6126009896210916,22.74422811093903,4.455333553165065,27.936927055450195,0.03857796939851826,0,0
2026-01-01 15:31:00,28.439628898589774,2.374725658304931,23.219912563786153,4.898203797438824,28.171705914822596,0.044688241188861395,0,0
2026-01-01 15:32:00,28.57153828473234,2.116246096869915,23.649902841091137,5.026778468378078,28.02988128489095,0.004298674050881801,0,0
2026-01-01 15:33:00,28.660969101944268,2.1265434269404557,22.84217532752367,5.209936472828771,27.96139144160654,0.0020203907543853844,0,0
2026-01-01 15:34:00,28.42262470856567,2.5475073020446573,22.285834852446488,4.978605505110861,27.95801165252299,0.007444486025683553,0,0
2026-01-01 15:35:00,28.47526311122787,1.8717472389601353,23.58668723862884,4.912560632385729,27.982221143839855,0.005819051991485885,0,0
2026-01-01 15:36:00,28.164034561279724,1.7516889951457382,24.10848606614457,5.13137031112526,28.287632821184054,0.05320292071622017,0,0
2026-01-01 15:37:00,28.357209291634085,1.7937544725602181,24.131610878880753,4.692710992932059,27.841949397162445,0.04912374574564488,0,0
2026-01-01 15:38:00,28.543905334408723,1.896930747641925,24.339751203100768,4.944201126858268,28.12994586171589,0.007060898802682781,0,0
2026-01-01 15:39:00,28.531940923047173,1.9105201118995656,22.64949128036004,4.582610382028662,28.068172634450796,0.05578556354950316,0,0
2026-01-01 15:40:00,28.415355147445304,1.6289628423533653,23.7875295203573,5.188603847667456,28.18477741028945,0.04804897558328532,0,0
2026-01-01 15:41:00,28.537799165095713,1.1883932359743827,23.56921795610649,4.236601110010165,28.075488015422984,0.00433285144425892,0,0
2026-01-01 15:42:00,28.467351948785176,1.6764439414785526,23.70633246597429,5.085858010952613,28.000403560044017,0.00645581805915256,0,0
2026-01-01 15:43:00,28.595616655533444,1.974649568536436,23.629508525127854,4.8061981366468025,28.122403315434447,0.0048666773412809824,0,0
2026-01-01 15:44:00,28.431974997115717,1.8721051729991693,23.32592471584835,5.137885565754202,28.027572258921914,0.02344153038273316,0,0
2026-01-01 15:45:00,28.315974303197212,2.219844064439044,21.686380293325517,4.5268094703630455,28.09059472367276,0.025313418233024177,0,0
2026-01-01 15:46:00,28.44034177511138,2.460005524576883,24.6228198169797,4.831494252585704,28.17138633565831,0.02527971724780242,0,0
2026-01-01 15:47:00,27.85205454139327,2.0170562346744436,24.051347541433195,4.821220531405947,28.011102396858696,0.011481093080190435,0,0
2026-01-01 15:48:00,28.447933373715596,2.2111131330566627,22.792273821260377,4.951859246017659,27.949073802201806,0.0006903008144411894,0,0
2026-01-01 15:49:00,27.72153394383482,1.971897927756143,24.173496675731656,4.433353317273206,27.92274257629011,0.029682787764852756,0,0
2026-01-01 15:50:00,28.067041982209222,2.2787576894106025,23.54032285757725,5.022675280829524,28.05406484891161,0.4357772128823965,0,1
2026-01-01 15:51:00,28.45738491630146,2.3054409469254127,23.571389404743094,4.153937055174675,27.894619790926477,0.011356603332139559,0,0
2026-01-01 15:52:00,28.4606085114377,1.968592762797563,23.338113934918248,4.566255280008923,27.958023404286322,0.0019396236790102696,0,0
2026-01-01 15:53:00,28.16378992484371,1.8617613087669849,24.26328815271958,4.25304449750128,27.883891748595723,0.043403436518552635,0,0
2026-01-01 15:54:00,28.243011805394918,1.5224439015195546,23.339089718530964,5.089876789889969,28.061000694210264,0.0029616420897135357,0,0
2026-01-01 15:55:00,27.815842049692005,-2.039443711727657,25.14280624525968,0.14004577212816263,27.90974130753053,0.024735415015529755,1,0
2026-01-01 15:56:00,27.47976767013894,-2.16137349563324,26.71452927446677,0.15961352641455778,27.8455920505143,0.0012482191407013343,1,0
2026-01-01 15:57:00,27.968163838608206,-1.8426626251038198,25.808899526003636,0.5156162886869957,27.866706949249735,0.03996667516947978,1,0
2026-01-01 15:58:00,27.561437354762106,-2.327925576838125,25.842774005206117,0.0,27.931469396689085,0.01130568608816214,1,0
2026-01-01 15:59:00,27.632377078553233,-2.1570503238172325,26.442724808490542,0.21335498849443107,27.94236390173239,0.01951973789581779,1,0
2026-01-01 16:00:00,27.846921964410946,-2.927418351136957,25.502760267895788,0.02310782151176629,28.030174317466418,0.041925515707210426,1,0
2026-01-01 16:01:00,27.57623353822297,-1.5114964530343304,25.654518453765316,0.0,27.980605205356824,0.035980514889559494,1,0
2026-01-01 16:02:00,27.36880484653556,-2.201680453003587,26.208462842122348,0.4573190412276135,28.044437295250926,0.01664597732904935,1,0
2026-01-01 16:03:00,27.525872117682514,-1.9734166276355014,24.927814140576327,0.7286577771907143,28.054073502945005,0.012423721430340519,1,0
2026-01-01 16:04:00,27.535432003134993,-1.6293781610476086,26.173941989421724,0.0,28.088859941371425,0.020807862554519656,1,0
2026-01-01 16:05:00,27.292234502365133,-2.03958001044986,25.502644757851463,0.29180185703195904,27.771061050783203,0.0017916805097161724,1,0
2026-01-01 16:06:00,27.487716295744583,-1.6425623676461945,26.64301767562599,0.11169091942638379,27.864733195438,0.023199866563010648,1,0
2026-01-01 16:07:00,27.39588658714142,-2.5843950237096616,26.439467249509903,0.11588934785765463,28.066586406754528,0.023508232635221404,1,0
2026-01-01 16:08:00,27.691422902976356,-1.3107049830974882,26.3596728163616,0.08651220516172071,28.025369481035586,0.017476913384109245,1,0
2026-01-01 16:09:00,27.526673646497937,-1.7675940939078278,24.957371940937826,0.0,28.117231954426543,0.0430062570604224,1,0
2026-01-01 16:10:00,27.464798534897014,-2.071461841183949,26.022686215425182,0.0,27.814717884577792,0.005731294770786825,1,0
2026-01-01 16:11:00,27.491706318046553,-1.6408257377776925,25.283860341125433,0.537183263609471,27.942981451240666,0.005678973510623013,1,0
2026-01-01 16:12:00,27.545963308725753,-2.5418919907995843,26.09508805242411,0.0,27.964434407627877,0.015544251283147013,1,0
2026-01-01 16:13:00,27.611681278568895,-2.2255295566676994,24.513202727201897,0.0,28.019987654558633,0.027231957555130453,1,0
2026-01-01 16:14:00,27.31543726640149,-1.6090902774638773,25.0683794413494,0.0,28.00430528494425,0.023078891378563546,1,0
2026-01-01 16:15:00,27.30251422612817,-2.7565799546377914,26.992404832375687,0.0,28.056289333842074,0.022279083712996153,1,1
2026-01-01 16:16:00,27.683347140073913,-1.8940029291586842,26.431591483469855,0.08408404969846764,27.986241524659217,0.00472543876572001,1,0
2026-01-01 16:17:00,27.40468616942518,-1.8895421078165509,25.93880771804726,0.0,28.164680352514562,0.007314280314188237,1,0
2026-01-01 16:18:00,27.218181019086206,-1.3708716530293312,35.86805214367678,0.0,28.20294511338066,0.01620976874379209,1,1
2026-01-01 16:19:00,27.54731547450382,-2.597164826563433,25.45409660077015,0.05225570582797426,27.865852389592078,0.014790448131945019,1,0
2026-01-01 16:20:00,27.544970190884502,-1.4616047934292196,26.366550152680627,0.0,28.005413345231624,0.04476554017877188,1,0
2026-01-01 16:21:00,27.18009431268128,-2.201539598404481,25.999308486559258,0.32474349995083573,28.09575931303685,0.029750485362699322,1,0
2026-01-01 16:22:00,27.490921432830508,-2.141925053450772,27.335955191277773,0.0,28.070239357805114,0.015413857133481979,1,0
2026-01-01 16:23:00,27.575950897845043,-2.3920165824109874,26.137457575078496,0.0,27.95105876507972,0.04471023503745235,1,0
2026-01-01 16:24:00,27.50481366565432,-2.323106038189953,26.321423366005327,0.25385416379309167,28.030583786229613,0.03303301459416701,1,0
2026-01-01 16:25:00,27.5450133390571,-1.778474228555112,25.321928126316944,0.0,27.809985002246663,0.0005642151424867722,1,0
2026-01-01 16:26:00,27.172282720516474,-2.285789244709422,26.054985177503198,0.0,27.99770297458623,0.03335011072181076,1,0
2026-01-01 16:27:00,27.47840235128749,-1.6136695750076944,26.444993101833216,0.0,27.824763555459757,0.001127777453237614,1,0
2026-01-01 16:28:00,27.35808460856926,-2.080748701775437,26.073801854117935,0.0,28.060957475683878,0.03570882313111219,1,0
2026-01-01 16:29:00,27.31937968083601,-2.2489765978574723,26.008490706744933,0.0,27.86608504622811,0.04104673098247809,1,0
2026-01-01 16:30:00,28.35670000969555,1.6152667987740386,24.590970181009993,4.726514547364183,28.019563980972162,0.00488415106450461,0,0
2026-01-01 16:31:00,28.45998750251491,1.942262282925151,25.436234273731863,4.440002198042972,28.038303470850586,0.03685559588386986,0,0
2026-01-01 16:32:00,28.51043044455412,1.7516369436601646,24.491080672879143,5.070605624538736,28.00910366669121,0.03617331719488563,0,0
2026-01-01 16:33:00,28.417850293482882,1.884742633202697,25.204294082225378,5.264176916790187,27.92416565644819,0.0501107517793506,0,0
2026-01-01 16:34:00,28.155196689133756,2.1401456861785797,24.85226217818242,4.131349959764644,27.974755809973164,0.042107094628158634,0,0
2026-01-01 16:35:00,28.232232957364694,2.298554558229915,25.18997779078525,4.256260783901766,28.141728600185168,0.0493338844240434,0,0
2026-01-01 16:36:00,28.300604012573967,1.8338244670702268,24.017927303659608,5.1509999411712455,27.949046992016612,0.03379058640900534,0,0
2026-01-01 16:37:00,28.17826608966596,1.598837341523407,24.313691552573992,5.349428719219008,28.002571612833474,0.03318859401640735,0,0
2026-01-01 16:38:00,28.173922829777016,2.012104810104502,24.330415395477065,4.054787359903342,27.933185343464938,0.018928877429302392,0,0
2026-01-01 16:39:00,28.292652504750222,2.170452193438789,24.868571421723097,5.085402775447592,28.122451251944568,0.03976461454091206,0,0
2026-01-01 16:40:00,28.127765497916712,1.513721806300103,25.054688975548306,5.373257960257073,28.009339693019232,0.0010166790300876923,0,0
2026-01-01 16:41:00,28.001299164637878,1.7314175257079942,24.60136197765001,4.498155706958515,27.908323118984363,0.022503806282231274,0,0
2026-01-01 16:42:00,28.052182252395898,1.8083852753300573,25.141337709150775,5.352883739412624,28.00085503102381,0.03471790368984412,0,0
2026-01-01 16:43:00,28.23519706157004,2.0030659977102188,24.147127167049966,4.737702001691998,27.971076174222222,0.050347867502726004,0,0
2026-01-01 16:44:00,26.539971073240686,1.8238012841248896,25.175033037027134,4.910122981700591,28.167109853307586,0.0163971128052234,0,1
2026-01-01 16:45:00,28.1712377958363,2.3505731451084677,25.280136181012352,4.548268339908518,27.994637499219277,0.04239845894206569,0,0
2026-01-01 16:46:00,28.22522879603442,1.5527812956942613,25.057106928227988,5.150359984107486,27.834070133394302,0.021450785241445166,0,0
2026-01-01 16:47:00,28.031873814053696,1.571612805080325,24.690555164642667,5.092058241165413,28.059835988373944,0.042767060854130165,0,0
2026-01-01 16:48:00,28.23032332404072,2.0160086966742914,25.109724219019814,5.4036482745054375,28.214330492003835,0.010575662096738414,0,0
2026-01-01 16:49:00,28.15737260306389,2.0781250227476487,23.998338897693888,5.304212579188579,28.14363170674555,0.03806748828417597,0,0
2026-01-01 16:50:00,27.862031874612356,1.6355573580539358,24.77672014197288,4.796797484523967,27.86764796094577,0.023283920122485972,0,0
2026-01-01 16:51:00,28.33917135326893,1.9357205684522478,24.861926653530688,5.887932515313663,27.967752622680987,0.003668178650900973,0,0
2026-01-01 16:52:00,27.984827439441137,2.009421453360002,23.734587183826793,5.272777426965795,27.996318018716227,0.02224064295204663,0,0
2026-01-01 16:53:00,27.772601674165706,2.0121325079989325,25.011109858772038,4.989180612265979,27.997774136972716,0.04879080197836137,0,0
2026-01-01 16:54:00,27.878126063688534,2.201241182530148,23.818352256895533,4.450995960821236,28.04571542286146,0.006654311446313826,0,0
2026-01-01 16:55:00,27.878323871316486,1.9131301040060262,24.406576637507698,4.264488544770328,27.958707879081647,0.0017177138817896405,0,0
2026-01-01 16:56:00,28.067549261709143,2.656846209199494,24.747513650059258,4.294240250023169,27.8901251403303,0.03217736541877777,0,0
2026-01-01 16:57:00,28.005083850014188,2.303741404610054,24.221692351671294,4.473217079576409,28.114216040381073,0.005200365841010968,0,0
2026-01-01 16:58:00,27.990143482764786,1.8420246168739134,24.80448566407854,5.282055929561579,27.86517207012759,0.05314038929615755,0,0
2026-01-01 16:59:00,28.15889769647869,2.1476569388833577,24.80673879003145,4.970481119668133,27.90374601507509,0.052686886568160486,0,0
2026-01-01 17:00:00,28.10529299233349,2.1465142528365146,24.19943172833015,4.585319385821039,27.864426277710265,0.04368904589889616,0,0
2026-01-01 17:01:00,28.097958050001367,2.5153156664684886,25.184507778095917,4.752445846186152,28.07346549225426,0.02479782420297826,0,0
2026-01-01 17:02:00,28.111986193985313,1.8656699136416315,24.265337576754693,4.70978875897524,28.01277655712978,0.05496391002024585,0,0
2026-01-01 17:03:00,28.146466057864732,2.328669233119288,26.41510325103126,5.080017734683282,28.10602043436456,0.04921805450776879,0,0
2026-01-01 17:04:00,27.653675304658037,2.0577794961845166,24.750110563403318,4.492420783147459,27.905776790049266,0.01541106076410156,0,0
2026-01-01 17:05:00,27.965256442850933,2.5470239441473583,24.02001279231942,4.922390235140685,27.849638425955803,0.050899048486164895,0,0
2026-01-01 17:06:00,27.636372015458768,2.457536846726157,24.16399873443829,4.905030021581345,27.946731885343574,0.00858987697256423,0,0
2026-01-01 17:07:00,28.033463681554707,2.054414499089032,25.6694078242641,4.502896196446481,27.97810032558873,0.02145340720964129,0,0
2026-01-01 17:08:00,28.024512834269938,1.872516129619442,24.59270106068905,5.355802110223622,28.02509155693241,0.007282351353578173,0,0
2026-01-01 17:09:00,28.212129241330057,2.1196698934643425,23.937418401103596,1.7808820750760825,27.798113004005472,0.027626627760648847,0,1
2026-01-01 17:10:00,28.236508795147603,1.8565495406694756,25.502535930942585,4.4525374564053175,28.05744770359404,0.01969884706116765,0,0
2026-01-01 17:11:00,28.058251256311944,2.484580561628368,24.62685528362932,5.098507992832068,27.892691351405258,0.016860401045484776,0,0
2026-01-01 17:12:00,27.930921064902268,1.9002336191481726,25.387904691304467,4.819073452004124,27.922310121985902,0.022018225198742053,0,0
2026-01-01 17:13:00,28.107767471211464,1.706735663956534,25.59809329724432,4.942949909430669,28.14084514373697,0.01456818551970374,0,0
2026-01-01 17:14:00,27.925084476418185,1.6635494856845705,25.147937616258595,4.3853620699329605,27.738016378545616,0.02575013456088794,0,0
2026-01-01 17:15:00,28.019749322740196,1.3754375451804548,26.64549239770131,5.08434568807469,28.038700243260035,0.44229876329167217,0,1
2026-01-01 17:16:00,28.1976141881895,1.970380929022223,23.773507598262768,5.5603499275835935,28.0382474356081,0.2269985594020992,0,1
2026-01-01 17:17:00,27.920039628675134,1.4642854937401517,24.42065648500877,4.358008194575437,27.90174580277791,0.04052549343107275,0,0
2026-01-01 17:18:00,28.16600821389736,2.1115827964794973,24.826372843460867,4.923973082096335,27.946359481490077,0.028874359847573854,0,0
2026-01-01 17:19:00,25.719457427611076,1.2509996565635029,26.60059579540755,4.525141606627495,28.146525616258153,0.031734275799015894,0,1
2026-01-01 17:20:00,27.850872077374255,1.7248274569766535,26.28853077058343,5.741362120859112,28.235550825276523,0.024447240472215918,0,0
2026-01-01 17:21:00,28.199234374947046,2.06022049039758,25.944083682878862,5.233871367352587,28.127767104026134,0.01208679807366398,0,0
2026-01-01 17:22:00,28.151088711437193,0.8823984804066682,24.4980987632772,4.898737570060489,28.226304600131257,0.03300754655347907,0,0
2026-01-01 17:23:00,28.04531955445818,2.320921197845643,24.591623169320357,4.370246383445703,27.917040169039893,0.03433910735362335,0,0
2026-01-01 17:24:00,27.891591604621894,1.445425342678297,24.497700068359105,4.45488037382831,27.81038991202486,0.010591551822166683,0,0
2026-01-01 17:25:00,27.07619824491493,-1.975592279633538,26.54101065284836,0.26119607698862607,27.993685418983244,0.000906738123174898,1,0
2026-01-01 17:26:00,27.13632764233543,-1.8431232007299294,28.14592700650088,0.0,28.09658303633268,0.026535543283163283,1,0
2026-01-01 17:27:00,27.33322882101688,-1.8059555192766439,26.941926191759915,0.0,27.777429987265972,0.038584975191196406,1,0
2026-01-01 17:28:00,27.066204541533896,-1.9799443853714656,27.045947128788676,0.0030909428087572723,27.888825178080825,0.043091620902565464,1,0
2026-01-01 17:29:00,27.31982163803697,-1.7410785460970368,27.677400724610898,0.046695834340251076,27.902152588838455,0.04665981801988635,1,0
2026-01-01 17:30:00,27.02059943212069,-1.9214341418019192,25.98209419569794,0.1330109925180028,28.042787627486444,0.03168503501417762,1,0
2026-01-01 17:31:00,27.21061899749285,-1.4982695171934015,27.194547556251667,0.0,28.027314347649952,0.020262171763086045,1,0
2026-01-01 17:32:00,27.270509832763413,-1.9416997090992674,26.40091311739302,0.3220512911458798,27.90698070717948,0.024961219153596257,1,0
2026-01-01 17:33:00,27.694500367123116,-1.4452473487442232,26.973555130008542,0.0,28.021577343722896,0.0026228180500787283,1,0
2026-01-01 17:34:00,27.010241246357122,-1.8242259101134188,26.779966011648323,0.21932552374475442,27.8626233778284,0.01271238189212774,1,0
2026-01-01 17:35:00,27.527074622206804,-2.7766952575731643,26.75457986650168,0.07494223753384388,27.948829022486123,0.024041578554614477,1,0
2026-01-01 17:36:00,27.29320556593178,-1.2341967259431514,27.369668822420845,0.21022717996998633,27.848225289677114,0.020200499549224128,1,0
2026-01-01 17:37:00,27.34452978118191,-2.3508072274237097,27.37709371300301,0.4136993181739384,27.98197146066462,0.02665616728092826,1,0
2026-01-01 17:38:00,27.296264117727254,-1.6263463841360766,27.078738641713887,0.0,27.903941288937116,0.00025292965004798315,1,0
2026-01-01 17:39:00,27.359607318130546,-2.138704958287092,27.502345129026935,0.0,28.082845002408227,0.004273552568969271,1,0
2026-01-01 17:40:00,27.25663491147126,-1.7733011233933702,26.644971637924073,0.0,27.996857551513088,0.03896068646801458,1,0
2026-01-01 17:41:00,27.55090996710372,-2.380571122999627,27.740128744721687,0.0,27.972790869786103,0.009999795876843735,1,0
2026-01-01 17:42:00,27.212033848626902,-1.9138591906219493,27.12857565126841,0.0,28.212174924279353,0.012828723615331846,1,0
2026-01-01 17:43:00,27.50314750036753,-2.2131310399864175,26.944124751433687,0.0,28.045994581242237,0.026710643079401127,1,0
2026-01-01 17:44:00,27.188628450799676,-1.5619268271482483,26.73600875918461,0.0,27.955821509964167,0.008238630193104203,1,0
2026-01-01 17:45:00,27.299154667647766,-1.9495750327286019,27.13288726783687,0.0,27.92995175834967,0.04491393869645367,1,0
2026-01-01 17:46:00,27.122541859286297,-1.762583225938719,28.620711908886136,0.5332088500535751,27.85825928728825,0.0023770577225683508,1,0
2026-01-01 17:47:00,27.40299746324052,-2.833230668777928,27.27621562089479,0.3065439231059845,27.992093933745426,0.025027431803533964,1,0
2026-01-01 17:48:00,27.58691007649313,-2.090051126843109,26.528594043509305,0.0,28.036913625085198,0.011525469460090816,1,0
2026-01-01 17:49:00,27.31864670081738,-1.8994373573902485,27.981860108862122,0.0,27.770274880899887,0.02781137491848467,1,0
2026-01-01 17:50:00,27.302996948434675,-1.9467104461363918,27.01721466199914,0.14210094207974117,27.836321976762587,0.016045641452967618,1,0
2026-01-01 17:51:00,27.14374588766028,-1.6693198135011196,27.554939834770455,0.0,27.938067665287978,0.024574266427280347,1,0
2026-01-01 17:52:00,27.309112598313522,-2.113538228279734,26.940954890051675,0.0,27.868218314092772,0.04698305648450532,1,0
2026-01-01 17:53:00,27.069751092042182,-1.9472395602129413,28.269930759812837,0.0,28.005190898323114,0.012625963940535273,1,0
2026-01-01 17:54:00,27.198257858043416,-1.5289284575312847,26.96819185370579,0.3817313098663659,28.021858245148827,0.012476133113434942,1,0
2026-01-01 17:55:00,27.409564816319598,-2.7172482013698573,28.368419278816717,0.41349045588155875,27.98532311584804,0.019313783960992405,1,0
2026-01-01 17:56:00,27.612371217420637,-1.6902003989625303,26.66349076661875,0.0,28.0660209185661,0.05153234885410611,1,0
2026-01-01 17:57:00,27.88684283163313,-1.9896287808839608,27.200851387390433,0.1611928831220089,27.92981052669185,0.02338463170973667,1,0
2026-01-01 17:58:00,27.281858519413294,-2.1680219289297886,28.39365253925014,0.0,27.994491416744737,0.047215646969127806,1,0
2026-01-01 17:59:00,27.65207211878973,-1.7066242873138504,27.539002801393295,0.0,27.879602369819757,0.021815594393530008,1,0
2026-01-01 18:00:00,28.243875446472295,2.2296079538830282,27.01878687731616,4.696023920362484,28.034154364875103,0.19783270881076387,0,1
2026-01-01 18:01:00,28.1790573329921,2.1881151068299096,25.24769561550755,4.357518034200826,28.00910897865836,0.03233304799591062,0,0
2026-01-01 18:02:00,28.29042316658465,1.8014210245187037,25.623209318885486,5.2070693330035835,27.856175801386577,0.034982195977736774,0,0
2026-01-01 18:03:00,28.229960090450568,2.1792784291025473,26.78392024934629,5.343365214929356,27.98139287497543,0.0008438266728049496,0,0
2026-01-01 18:04:00,28.24492238878301,2.200296838991993,24.39745587841689,4.656299421449068,27.995461375207956,0.003514654827516915,0,0
2026-01-01 18:05:00,28.157756702671247,1.8891271054913767,24.317512324821173,4.57282224060949,28.033721428386414,0.0442636272165076,0,0
2026-01-01 18:06:00,27.985764365583403,1.699779631880657,24.913664625031863,5.169108053177001,28.038174220788537,0.04403988545227548,0,0
2026-01-01 18:07:00,27.965693404753964,1.7419831360822449,26.04631097632623,5.225652129343006,27.91345768732676,0.06858619428281074,0,0
2026-01-01 18:08:00,28.36719880303768,2.278720414585471,24.35632973823403,4.40995600933762,28.091637358951925,0.0017471542065716772,0,0
2026-01-01 18:09:00,28.20581704277206,1.9909734535029238,25.90728011631642,4.748184365936572,28.06276668146071,0.033744389539122246,0,0
2026-01-01 18:10:00,28.15426762386051,1.6588118864845822,25.864004443854846,4.779371564245068,27.913050449175344,0.006571222509669548,0,0
2026-01-01 18:11:00,28.26896019962503,1.4534284372324535,26.911189730994867,4.5302283042207785,27.862876354598274,0.011669179717029325,0,0
2026-01-01 18:12:00,28.41630040127846,2.3512416971508214,26.23860473774167,4.935093592930607,27.922221802564692,0.015959568986233925,0,0
2026-01-01 18:13:00,28.311372316166786,1.8844313159698738,25.767090198350903,4.555019132720617,27.82340224628432,0.03188239073658579,0,0
2026-01-01 18:14:00,28.166414992706084,2.2057988648738567,26.468977982124972,4.610908739125269,28.0249607814489,0.013047530684374637,0,0
2026-01-01 18:15:00,28.51073273201681,2.537006308798745,25.89998689325748,4.764530044557736,28.1420271907691,0.025605811457267334,0,0
2026-01-01 18:16:00,28.57963885809867,1.6564543493059884,25.205712798463235,4.278828201221124,28.170585526951115,0.03997661627493225,0,0
2026-01-01 18:17:00,28.38967492058285,2.1087162659188787,24.73138319948506,4.080241355508175,27.869279029878854,0.04530351970073275,0,0
2026-01-01 18:18:00,28.48106077745458,2.0731268295266982,25.138733666896993,1.2370600967194494,28.09441651124563,0.03746660775003943,0,1
2026-01-01 18:19:00,28.534371864985104,2.272513510666385,25.513756423311236,4.540886918810854,28.010140105345023,0.033133625467825924,0,0
2026-01-01 18:20:00,28.51911964669639,2.5783887130014245,25.668675051669393,5.547202429058763,27.712487158467994,0.022450593771934615,0,0
2026-01-01 18:21:00,28.430981361024866,1.6827745282470528,24.055714080560577,5.490143273779281,27.96011234216173,0.014759225926988622,0,0
2026-01-01 18:22:00,28.432740975156097,2.349216071503702,25.400681733472315,4.62273248239833,27.946758032416806,0.03470220755798197,0,0
2026-01-01 18:23:00,28.42302006726333,2.510820110704479,25.578237677429307,5.618668548453919,28.145298147516964,0.006083636985565421,0,0
2026-01-01 18:24:00,28.136245287167462,2.082850690994022,25.94519601413249,5.128151085285651,27.895485458922515,0.02714431700400647,0,0
2026-01-01 18:25:00,28.46401816799614,2.096576266041679,26.70420209499594,4.574140168969923,28.06756772166307,0.005637808621981696,0,0
2026-01-01 18:26:00,28.09779542084643,2.2860607833413216,25.69875238101783,3.896356091065704,27.98714939980156,0.024256992639547243,0,1
2026-01-01 18:27:00,28.20259515706498,2.2535557579647305,24.93528554669183,5.040854298160114,27.826502919605684,0.00603321538314781,0,0
2026-01-01 18:28:00,28.583868475265362,2.328337761676868,24.30233936740398,4.810953556208401,27.933737762973035,0.01778985631240123,0,0
2026-01-01 18:29:00,28.50388828659311,2.3110261004451345,26.05874822830134,4.950976555010294,28.183795775206683,0.012832845748249463,0,0
2026-01-01 18:30:00,28.623616264824655,1.7594185843590742,32.85100546403531,4.719907338223442,27.979195534155874,0.010661955471277724,0,1
2026-01-01 18:31:00,28.310029177650893,2.436756424590994,26.18980665199507,4.399650074290397,28.10870404713803,0.023427573674600702,0,0
2026-01-01 18:32:00,28.15437813690403,2.484177870528936,26.56354864514245,4.650540667452589,28.102126514527022,0.018628427045829205,0,0
2026-01-01 18:33:00,28.321159486903007,2.1252297017086934,24.506664583026282,5.047323050080764,27.94620833785381,0.007444618338760853,0,0
2026-01-01 18:34:00,28.385258727325326,1.5201760723682642,25.97723235939759,4.675968621419026,27.8459893028608,0.039466827501849086,0,0
2026-01-01 18:35:00,28.383362640682666,1.9848146662902568,26.496161858683465,4.673853749930087,27.861781800513164,0.2250661354351504,0,1
2026-01-01 18:36:00,28.57525265910933,2.0737668952315653,26.306299969268206,4.268214519179824,28.17420004510289,0.01197940101748181,0,0
2026-01-01 18:37:00,28.307998428768276,1.584861659256238,24.12698051284211,4.831920168622396,28.018208489430187,0.3633621953899657,0,1
2026-01-01 18:38:00,28.438019435654205,1.8382667247231064,24.9981905387019,4.410823820479364,27.791941464282452,0.01349480554080423,0,0
2026-01-01 18:39:00,28.198113681233856,1.4490785394310413,35.12874371156847,5.121484169894339,28.100075263333668,0.014565520321141553,0,1
2026-01-01 18:40:00,28.458322505590083,2.1322593289092415,25.964260329874033,4.543064684919436,27.785577847878656,0.010899065048212041,0,0
2026-01-01 18:41:00,28.378807791406896,1.9545574347516665,25.887939288706466,4.696503568326485,27.900865090770406,0.05931913787304383,0,0
2026-01-01 18:42:00,28.244047540275076,1.2967449841012306,23.71069410534621,5.55739424801053,28.009755324708824,0.029231831222298936,0,0
2026-01-01 18:43:00,28.337112243855294,1.9717232868897179,25.389070473282143,4.692699022054794,28.30245028958828,0.028522795735279285,0,0
2026-01-01 18:44:00,28.346738714490698,1.8046366342238453,26.16041702986297,4.645798814353423,28.097920129402425,0.033395217741179574,0,0
2026-01-01 18:45:00,28.331372076719322,1.9807449989640415,25.703583193856886,5.004967695064625,27.942113231846,0.008348770840062844,0,0
2026-01-01 18:46:00,28.69873177247162,1.6385488823751577,25.7022999922741,4.1751583692210215,28.003397715521228,0.014307847571403572,0,0
2026-01-01 18:47:00,28.36184124863135,1.4707716244039215,25.344157027508533,5.237783262622484,28.110365105992273,0.03318976350776613,0,0
2026-01-01 18:48:00,28.33511264133437,1.4574352889535562,24.857959761152372,5.147879015209458,28.17062359489996,0.024926047287316788,0,0
2026-01-01 18:49:00,26.248353291186664,1.5151673496721096,25.586671575543278,4.983558110706154,27.97028326038893,0.06469753660578229,0,1
2026-01-01 18:50:00,28.21630807218589,1.6868817336393849,25.634294817135686,3.6180158772832915,27.973765967960787,0.015366551648867171,0,0
2026-01-01 18:51:00,28.32871335172994,1.7094276378221507,26.027552954519745,4.709205905533478,27.900394179329297,0.041977294844388835,0,0
2026-01-01 18:52:00,28.251199749017882,1.5689329957921028,26.083296917064313,4.354496820898134,28.079819041673396,0.03950807722739404,0,0
2026-01-01 18:53:00,28.6217344720769,1.4663664153695986,25.654549112093697,5.193437374385839,28.123116639131432,0.027570776220951172,0,0
2026-01-01 18:54:00,28.341501373361808,1.4712840178957187,26.35940829678139,5.168396380539604,27.76735780994443,0.030839261954937254,0,0
2026-01-01 18:55:00,27.801064636618747,-1.1472719884628626,27.328878903750883,0.1358034614407707,27.952383278336004,0.019776392813017945,1,0
2026-01-01 18:56:00,27.577999927951087,-2.312884232685021,26.578690369350504,0.0,27.85438647738747,0.010517031123906978,1,0
2026-01-01 18:57:00,27.57113919293155,-2.2553908919082533,27.92145448780445,0.5230029736837256,28.01810883483112,0.03128530483197847,1,0
2026-01-01 18:58:00,27.545799567745597,-0.9229548258335012,40.11450821468284,0.0,27.851446453065698,0.03271171083545853,1,1
2026-01-01 18:59:00,27.559613892006467,-1.9428084945330704,27.93087282895803,0.631879873415198,27.84158307393367,0.03554162087529243,1,0
2026-01-01 19:00:00,27.86526767323017,-2.586102124390848,26.69540003200351,0.09288547340192693,28.134822313685312,0.02613573393580427,1,0
2026-01-01 19:01:00,27.135118726492934,-1.8196373948126665,28.8313978196504,0.1773828066208268,27.980128703757618,0.04246721941166143,1,0
2026-01-01 19:02:00,27.188948529060944,-2.4430279603187772,28.072346625489562,0.0,27.99281126054799,0.00941218002766213,1,0
2026-01-01 19:03:00,27.447852309397387,-1.8146982529715205,27.370381736365847,0.492434452223633,28.0518022152382,0.05143097694952287,1,0
2026-01-01 19:04:00,27.544456954397972,-2.2134403019763376,26.913977704030888,0.2129518595027629,28.116498275438676,0.0072175286337978345,1,0
2026-01-01 19:05:00,27.66210679621894,-2.2986112608755658,28.31944886454407,0.5050120923801176,27.949768860090977,0.023058894484258418,1,0
2026-01-01 19:06:00,27.618921764230876,-1.5848749242892415,26.790680955271903,0.06213941949146392,27.952442247559937,0.03725572756645178,1,0
2026-01-01 19:07:00,27.460316899742452,-1.951546316025948,29.141185816099142,0.0,27.952952016739108,0.01573084429392734,1,0
2026-01-01 19:08:00,27.708466371466137,-1.809240486349461,27.12513050998958,0.20829555701458383,28.129781067439495,0.03848209188234573,1,0
2026-01-01 19:09:00,27.705878681712083,-1.9958607755469147,28.754704649445237,0.5048891781819228,27.991823784448304,0.018829862069751995,1,0
2026-01-01 19:10:00,27.548832179372457,-2.300238296881858,27.417030518373767,0.35585700753371025,27.965068202571118,0.02712639448102675,1,0
2026-01-01 19:11:00,27.68409742860625,-1.925629457106226,28.648330831668435,0.048378332503995446,28.046907571824185,0.02173968601042162,1,0
2026-01-01 19:12:00,27.554877492830425,-1.7096443932637428,27.022881634703587,0.0,28.219750503973447,0.014617313344682779,1,0
2026-01-01 19:13:00,27.399587777803816,-2.0773560338672326,27.545792708401954,0.28363511377996325,28.00891397731143,0.06551935257550134,1,0
2026-01-01 19:14:00,27.620992498581973,-1.4840030046834312,28.091086367821667,0.0,27.967666333038558,0.009884543165348132,1,0
2026-01-01 19:15:00,27.50991036206416,-1.8054383702038859,27.98620813016415,0.012252014653318393,28.233159822158836,0.01615001843980734,1,0
2026-01-01 19:16:00,27.484746053717267,-2.0159692579742017,28.288118211078423,0.0,28.159576197070148,0.010534547337308178,1,0
2026-01-01 19:17:00,27.744038449416156,-1.987783477906119,27.171024551741365,0.0,28.142179000779763,0.027363325994389037,1,0
2026-01-01 19:18:00,27.03205561261643,-2.0120676937784197,27.566131150877876,0.13037608145584162,27.939917589493902,0.2854123688556084,1,1
2026-01-01 19:19:00,27.212246036186137,-2.481064004618897,28.374988570952144,0.7540112090725469,27.928020665908722,0.043334361853510604,1,0
2026-01-01 19:20:00,27.247890949051232,-2.056500931923303,27.001630906509355,0.0,27.779901465595984,0.04267930840315122,1,1
2026-01-01 19:21:00,27.390236142425106,-1.9283095684329612,27.89012451950589,0.2680578818445954,28.11579002654251,0.01926895989692783,1,0
2026-01-01 19:22:00,27.403785253489175,-2.131101534924908,27.329813398721964,0.8244914435597379,28.009239658044592,0.4028261104518721,1,1
2026-01-01 19:23:00,27.17222732460879,-1.8461280904284212,27.621061968302723,0.30191462665310576,27.783893454756218,0.001903317383421102,1,0
2026-01-01 19:24:00,27.26009565853125,-1.9349002034522451,27.52970550056856,0.0,28.144221712249454,0.02442035714784889,1,0
2026-01-01 19:25:00,27.276305169845806,-1.648914888279416,26.912139142498777,0.08295517864296187,27.959517885491653,0.003161172465660854,1,0
2026-01-01 19:26:00,27.86738749474647,-1.6643837411629463,27.274716895650766,0.1682730640882603,27.974310347115583,0.018379812691913796,1,0
2026-01-01 19:27:00,27.74312867398266,-1.8142654411315204,27.551768335365814,0.5018345966458866,27.81844368435987,0.05058345016185447,1,0
2026-01-01 19:28:00,27.338441270090705,-2.327235097291723,27.37137252271453,0.42491761922332993,28.059063812872772,0.031170996546743816,1,0
2026-01-01 19:29:00,27.340836917151226,-1.1976618072720364,28.537009094830125,0.0,28.06021240309322,0.02582202275136839,1,0
2026-01-01 19:30:00,27.993143280506107,1.7503381505001012,26.13572960782367,4.500328406731338,27.994241493633282,0.006266092854353547,0,0
2026-01-01 19:31:00,27.850254616213,1.7961045070171475,25.624267192991805,4.775490647085239,27.94981144793376,0.02827127786717894,0,0
2026-01-01 19:32:00,28.166405401172522,1.7288282882912356,24.879453161211742,4.444649528111807,28.31517611662045,0.020346565602826747,0,0
2026-01-01 19:33:00,28.001571519627895,1.7018250121632799,24.829069693062706,3.5049679543182752,27.855595871684155,0.029295461115695413,0,0
2026-01-01 19:34:00,28.159675746128027,2.4368933913361333,26.77964090048519,4.5460335292872625,27.913427560936395,0.03808776089952948,0,0
2026-01-01 19:35:00,27.88070627519213,2.404822562299111,24.682998888561908,4.7987362873793185,28.084990808541207,0.4203109365585711,0,1
2026-01-01 19:36:00,28.025420493156954,2.097895516328717,25.46142541606333,4.616150361015996,27.878267207600423,0.027320031006195872,0,0
2026-01-01 19:37:00,28.18320693594657,1.9266899929243084,25.626053538556693,4.451069860723281,27.869415170013664,0.03421461272149365,0,0
2026-01-01 19:38:00,28.216303003554046,2.2021630372364345,25.14699071931197,4.81451261867469,28.13578223757152,0.01578434813380348,0,0
2026-01-01 19:39:00,28.219521893586073,2.0315537819216445,24.654765896519574,4.920080861338246,28.072623006992906,0.045386246641569435,0,0
2026-01-01 19:40:00,27.900748357053114,1.9583976419772051,24.798136919748828,4.635991010112084,28.058096557251314,0.009031772160869585,0,0
2026-01-01 19:41:00,28.28641424460954,2.1614675021878647,24.956133260499776,5.280110337865785,28.021818981884508,0.021265569714852352,0,0
2026-01-01 19:42:00,27.982749298858025,1.905695477486181,32.36207683588253,4.820200045557817,27.916941592433577,0.047259118852004726,0,1
2026-01-01 19:43:00,28.23500761820728,2.164096256163552,26.249939535193253,4.4949702156277915,27.969679467545742,0.016330076374466245,0,0
2026-01-01 19:44:00,28.113580156907265,2.161640474361837,25.30487623366315,4.406411937177558,27.99051102216846,0.000865857985423428,0,0
2026-01-01 19:45:00,27.862250250165967,2.3141364987648263,24.935204719360225,1.280506156186357,28.101545962378648,0.01760649552331634,0,1
2026-01-01 19:46:00,28.047698945613412,1.8978799810882443,25.36721055808374,5.189697228738109,28.051102883870385,0.05005121701682612,0,0
2026-01-01 19:47:00,28.16511075094674,2.373062072605165,25.750258378636655,4.511708951799903,27.888658784135004,0.18260567124169175,0,1
2026-01-01 19:48:00,28.204532423072784,1.8156607581706266,25.03168117253843,5.008557819398845,28.094745067331065,0.026843077222627763,0,0
2026-01-01 19:49:00,28.063803112901386,1.9392051761291644,25.89440554301723,4.833094918505009,27.798579274007782,0.013587936506798817,0,0
2026-01-01 19:50:00,28.36001843056461,1.9595589428532616,24.363199074471964,5.497631539326637,27.96154937812788,0.021982586170439765,0,0
2026-01-01 19:51:00,28.260908429632988,1.772864543048108,26.062778631414616,4.936588012281199,27.86295419474996,0.018726207699008957,0,0
2026-01-01 19:52:00,28.028763752365425,2.5052685886416652,25.226346416337122,4.555620816200949,27.897147586663515,0.042288698530949034,0,0
2026-01-01 19:53:00,28.205540762123693,1.8106184227902546,25.188635685102042,5.0577293350676396,28.23119035336475,0.025968544968400443,0,0
2026-01-01 19:54:00,28.41431675874794,1.903461945286561,24.726651530600993,5.06950769681359,27.823519102429433,0.0431896258177369,0,0
2026-01-01 19:55:00,28.41499922837953,2.584075412224598,24.34167129736417,4.6610461456964645,27.901696713280842,0.04811436648421569,0,0
2026-01-01 19:56:00,27.83711808580274,1.939899558547822,24.023790142348997,4.392601503484497,28.061248212558183,0.025538146100644737,0,0
2026-01-01 19:57:00,27.887600981004223,2.06701984090497,24.64570190613452,4.987612316929299,27.066811727500784,0.018529038838608656,0,1
2026-01-01 19:58:00,28.318058618552186,1.7703041987775885,25.58009458188571,4.8222303118677505,28.018666927692156,0.031789310176089096,0,0
2026-01-01 19:59:00,27.85686075354107,2.406110838872649,24.484800585750005,4.269207467891857,28.171545955922234,0.03526336515191647,0,0
2026-01-01 20:00:00,24.79375379252421,2.399466576791426,24.062650047514705,4.889082349646714,28.07855534291961,0.004240766312959249,0,1
2026-01-01 20:01:00,27.953554489759565,2.3487942168374714,24.498984256178044,4.577052485692578,27.943758117993124,0.029249148551995813,0,0
2026-01-01 20:02:00,28.113857879371576,2.2639392036302315,24.85461252178641,4.269539285348132,27.983953662471905,0.020435926742403836,0,0
2026-01-01 20:03:00,28.017130410434333,2.085856877773904,24.870712322273363,4.676759279814094,28.063672721174296,0.017433727647274633,0,0
2026-01-01 20:04:00,27.91600545450497,1.859598596232355,25.01080874563776,5.249021556972402,28.076198771939247,0.012562990402222047,0,0
2026-01-01 20:05:00,27.909497085148125,1.739736406057183,25.812233916713215,5.222821525030819,28.00249032878326,0.013737037199203082,0,0
2026-01-01 20:06:00,27.900589155472584,2.457191772668949,25.952170199621467,5.131363235702579,28.043273080006887,0.04760153532179394,0,0
2026-01-01 20:07:00,27.868661161572494,2.2531532375859284,26.469707240932184,4.894231511532243,28.043389892845553,0.01844813446773251,0,0
2026-01-01 20:08:00,28.43604068718001,1.721658567454915,23.91655040011034,5.008529021174285,27.988932813519384,0.04558765315424767,0,0
2026-01-01 20:09:00,28.077485424681313,1.9562989439546257,24.44288133146769,4.8345256035173,27.92737148723243,0.02735847846766312,0,0
2026-01-01 20:10:00,28.182351234250657,1.8146667676192292,25.51886865145371,4.413232210824936,28.0891114717626,0.004611136793832855,0,0
2026-01-01 20:11:00,27.93371780336511,1.5015993275389385,24.699952474514348,4.483074335401648,28.035015455389637,0.028433825194040505,0,0
2026-01-01 20:12:00,27.98751385694022,1.9349470736036745,25.6080883755781,4.587486676054803,27.75028243410673,0.0036174479270229924,0,0
2026-01-01 20:13:00,27.891998754306567,1.7032881528523038,25.138200938779413,5.290475676822715,27.900899737637577,0.035928621390285735,0,0
2026-01-01 20:14:00,27.542802150851106,1.491026932606955,26.086270290341787,5.176841755892156,27.942319406768018,0.02126007966503835,0,0
2026-01-01 20:15:00,27.771958330167383,1.2823036060503858,25.698258500474463,4.422042852835611,27.975864237190343,0.04039327313973817,0,0
2026-01-01 20:16:00,27.69419828874009,1.2282540091175753,25.6985247776839,4.81868689039567,28.14447339036758,0.050803825299991834,0,0
2026-01-01 20:17:00,27.615477390921942,1.6212902699708538,24.65488695319944,4.659087500036545,28.384279108449704,0.006236212389847971,0,0
2026-01-01 20:18:00,27.80582144346005,1.6974476685650657,24.862288441343132,4.745714811244761,27.70494148266106,0.016699379724686186,0,0
2026-01-01 20:19:00,25.106569744826277,1.397171641907243,24.704079584776835,4.612385013366721,28.03652876315594,0.0032297199758862527,0,1
2026-01-01 20:20:00,28.01473609427102,1.9080517495160456,23.85081250739821,5.291992067982197,28.008350334432006,0.0638487019115123,0,0
2026-01-01 20:21:00,28.256234909085723,1.6347008852994345,25.92229154543145,4.793382712094227,27.97834122535928,0.017074376906385386,0,0
2026-01-01 20:22:00,28.09932363311248,1.8375948117344687,25.400878331682218,4.875654881610446,28.06515274544346,0.001327979434965293,0,0
2026-01-01 20:23:00,28.167833483359832,1.5505094809526845,24.62458251211863,4.878490372146663,28.017974648869536,0.06532609534870143,0,0
2026-01-01 20:24:00,27.86664836791205,1.3187839893751483,25.766252726009913,4.440280438763643,27.956627922923346,0.011930688880367395,0,0
2026-01-01 20:25:00,27.325166500013214,-1.9850345134917717,26.398661341089433,0.0379937942441846,28.003509119663153,0.004193491967459342,1,0
2026-01-01 20:26:00,27.36427546831136,-2.4850665088670585,25.540051611816047,0.3718108876253945,28.066787999767968,0.004148813717296005,1,0
2026-01-01 20:27:00,27.131765305022267,-1.8712972066942608,27.518680015742504,0.515441844918247,28.05537655174175,0.027577441346360303,1,0
2026-01-01 20:28:00,27.338934338377058,-2.403805986041948,25.90525496588786,0.0,28.02263587691436,0.025823453717156566,1,0
2026-01-01 20:29:00,27.342983229828864,-1.7687817661075553,26.649882830982097,0.0,27.929986284669663,0.0099519532402195,1,0
2026-01-01 20:30:00,27.145195955515383,-2.2215684025092237,26.917845004429974,0.02174710301453266,28.33829714598701,0.016269140385667548,1,0
2026-01-01 20:31:00,27.045253024883063,-1.7426911854962368,27.02997463804323,0.3882156515072619,28.04314159734259,0.0259554584611155,1,0
2026-01-01 20:32:00,27.037630137198402,-2.517432465104287,27.340578576386978,0.12585875899929075,28.091495587280335,0.04883042893602729,1,0
2026-01-01 20:33:00,27.269947938558374,-2.3700891759583906,27.13980381930152,0.23810362662793186,27.93906370565667,0.030999020928486914,1,0
2026-01-01 20:34:00,27.317019840732865,-2.0062762727995986,27.104605747159265,0.0,28.022748843299546,0.01486301464131934,1,1
2026-01-01 20:35:00,27.11945735075616,-1.7350087308549087,26.152593198604755,0.0,28.021792969216065,0.02088834837464708,1,0
2026-01-01 20:36:00,27.271019292852767,-1.564769545468673,26.898495854960164,0.0,27.770566025390217,0.038854778758669974,1,0
2026-01-01 20:37:00,27.373215502443966,-2.135308632168378,25.625015902679298,0.0,27.91400070875845,0.05524120396392161,1,0
2026-01-01 20:38:00,27.386235821957136,-1.506575818681319,27.758744536949816,0.0,27.911782797650147,0.005117045004919281,1,0
2026-01-01 20:39:00,27.558894912477452,-2.249465255817796,25.669773943080347,0.46643159564416714,27.927945188041853,0.04505397175182366,1,0
2026-01-01 20:40:00,27.51415478005207,-1.7601140457272326,26.395358669791293,0.5441875137681271,27.87161930378067,0.019369989926488054,1,0
2026-01-01 20:41:00,27.1089484765452,-2.4693668531323563,25.700930056042083,0.04922522222161801,28.005262724356115,0.0042360829587366235,1,0
2026-01-01 20:42:00,27.597244172304197,-1.9857996033011642,26.09928148623038,0.0,28.16768303366781,0.00780022486029279,1,0
2026-01-01 20:43:00,27.203769506555233,-2.9441069133981315,26.606036207008252,0.13149942886961183,28.015658643968088,0.3650561393148778,1,1
2026-01-01 20:44:00,27.492691638679815,-2.5071347702833027,26.212728817119526,0.6506963954613295,27.85824754531937,0.05116043215070709,1,0
2026-01-01 20:45:00,27.322237592689195,-1.9397720119962876,27.37004195218418,0.16650742489042455,27.87629153161613,0.014756514688591182,1,0
2026-01-01 20:46:00,27.241308230576283,-2.549516748664448,26.714099461171706,0.41474439667182217,27.95475386209486,0.02118139631834019,1,0
2026-01-01 20:47:00,26.995707758818476,-1.926371399986139,26.217422390476912,0.0,27.830127218252564,0.007082461180329416,1,0
2026-01-01 20:48:00,27.29590579240741,-1.7428403466327627,38.192638023810254,0.0,28.036534850075302,0.038716737022902036,1,1
2026-01-01 20:49:00,27.051881830830126,-2.218592497112046,27.367612963810842,0.0,28.162371864372012,0.02448915129693472,1,0
2026-01-01 20:50:00,27.512550236653077,-2.3641091978762585,27.136209618299127,0.0,26.841405188724792,0.002940990474235041,1,1
2026-01-01 20:51:00,27.617399619297572,-2.1716901538515265,25.689037730317523,0.7924309964598806,28.009136068813476,0.028685333639526175,1,0
2026-01-01 20:52:00,27.206941297879535,-2.32350605419609,25.995900695114607,0.04887751626817258,27.948524717479454,9.843609122785896e-06,1,0
2026-01-01 20:53:00,27.410808792445525,-1.9997397922806335,26.790893672142133,0.3033705340284526,27.92444465784678,0.03503494024130292,1,0
2026-01-01 20:54:00,27.23200542169137,-1.9066261063657033,26.69208786022118,0.0,27.185167609905147,0.005509487085082566,1,1
2026-01-01 20:55:00,27.255616076595327,-2.0268105932478706,25.69566334953862,0.0,26.748659423916433,0.03106724503116135,1,1
2026-01-01 20:56:00,27.51435788852295,-1.310447340470567,26.941529126433913,0.4990351907383065,27.902991945701203,0.013245415471832039,1,0
2026-01-01 20:57:00,27.374247989480004,-2.124560428676659,25.779751785663706,0.0,27.80568503416847,0.017582585470125506,1,0
2026-01-01 20:58:00,27.70058048227364,-1.3617089725966667,27.3022808553631,0.12209356724923466,28.007750587328637,0.042930903506829474,1,0
2026-01-01 20:59:00,27.306916244427022,-2.1888484985196834,26.746472386013906,0.1550796839618084,28.128041127394326,0.043916819003982054,1,0
2026-01-01 21:00:00,28.379880539845406,1.8254721494795412,23.56978632762726,4.825882956287609,28.084877054625082,0.14693673982290065,0,1
2026-01-01 21:01:00,28.22381632373885,2.2385016588022655,23.97807698922251,4.52539551733623,28.179039199689832,0.029939650817241065,0,0
2026-01-01 21:02:00,28.355796207027904,2.244685588624685,23.95222942179713,4.747628717040819,27.91905814543245,0.03288720312664196,0,0
2026-01-01 21:03:00,24.80182085167604,1.7256788275911328,24.433012823197263,4.467482210885167,28.102097126484804,0.033468810138398315,0,1
2026-01-01 21:04:00,28.216130567413526,2.090747476560918,24.164690806518454,5.083212192395628,27.867684085778542,0.056060772991623126,0,0
2026-01-01 21:05:00,28.210466873706242,2.0671197294464645,23.492038314588456,5.000041424624374,28.085111037487348,0.03250236652216415,0,0
2026-01-01 21:06:00,28.086933823674954,1.7533791125690708,23.30433761907835,4.792509148415736,28.197302473478853,0.018562171705197916,0,0
2026-01-01 21:07:00,28.362720617432654,2.179897524976886,24.651108513164242,4.601076984906739,28.059805780373456,0.032702490945515146,0,0
2026-01-01 21:08:00,28.366659545051167,2.6373440026999533,24.453667968150594,5.537561264923705,26.430501302261614,0.017260935867272693,0,1
2026-01-01 21:09:00,28.36246290407049,2.1708200710742864,35.81656850438887,4.344277604846332,27.92815216023088,0.0058200280194903725,0,1
2026-01-01 21:10:00,28.538217443503793,2.2232003960650224,24.415953425390985,4.259385416098705,27.983892272138394,0.046955326124674165,0,0
2026-01-01 21:11:00,28.528311251037398,2.2783846720308985,23.779830939813586,4.771297906780192,27.89011795657915,0.034614888779952,0,0
2026-01-01 21:12:00,28.2057225515808,1.5487588763427889,24.328547521373544,4.709683435700183,28.00417478181465,0.008509151602180715,0,0
2026-01-01 21:13:00,28.346056223740185,2.236882399384553,25.963432706772014,5.1841538591640335,28.03236085845257,0.012694021565469912,0,0
2026-01-01 21:14:00,28.17225675723498,1.7342972992007786,24.995451244788264,5.026140759231335,28.00312420751589,0.03863753774059733,0,0
2026-01-01 21:15:00,28.29420395690062,1.8966484620803241,23.95819539051567,4.8103339554437134,27.94310332632329,0.003148842540343595,0,0
2026-01-01 21:16:00,28.18743056672058,2.871257539620684,23.7806018062412,4.975118223986815,27.941114108715237,0.011447202534947451,0,0
2026-01-01 21:17:00,28.592267378269224,2.035872785717791,22.131590922780617,4.96875801188738,28.041420471038006,0.07290717312639453,0,0
2026-01-01 21:18:00,28.371267012474377,1.8738088442003233,24.86897869159732,5.536244852063683,27.98088556835798,0.01904049004830855,0,0
2026-01-01 21:19:00,28.27157382249982,2.543007406812086,24.658570681057792,4.888677186673402,27.861783639379734,0.04448848818548246,0,0
2026-01-01 21:20:00,28.530553112677723,1.8129957625594406,23.714383413553307,4.561623003562177,27.772325674483227,0.052008405968609825,0,0
2026-01-01 21:21:00,27.929732735381418,1.9914859629125083,23.08004761691203,4.869475384939873,27.928541381568294,0.008647046270078292,0,0
2026-01-01 21:22:00,27.96250003960687,2.586955048251842,23.26080175624627,3.8834622053554155,27.834127751594025,0.029794575180345107,0,0
2026-01-01 21:23:00,28.472732122000515,2.1647554373144695,24.36788142445057,4.788573360502873,27.899731601376473,0.06205876759188384,0,0
2026-01-01 21:24:00,28.344650389247057,1.6015236975846108,23.981648347343633,5.182543864887096,27.949203369880728,0.03327144525654249,0,0
2026-01-01 21:25:00,28.38296833380835,2.33507907856719,24.51575719160352,5.010764441604647,27.982468099253136,0.06757933643064301,0,0
2026-01-01 21:26:00,28.10309063705187,2.000840445480321,24.0796828535417,4.904494615275986,27.92007930017029,0.13905747392406795,0,1
2026-01-01 21:27:00,28.34144099103442,2.67181780098889,24.683509644782504,5.027233704449673,28.26294413297938,0.05734774739540562,0,0
2026-01-01 21:28:00,28.70985845693215,1.9123489174264305,24.25316475159094,5.186139790707201,27.848667635968244,0.025300131789523186,0,0
2026-01-01 21:29:00,28.50100458887141,2.482507007008783,24.562382440730612,5.298831692554366,28.145105494952848,0.019105358793856192,0,0
2026-01-01 21:30:00,28.386431750806903,2.7246032026525544,22.507292570842758,4.95660956510131,27.980491838836862,0.03652073244795029,0,0
2026-01-01 21:31:00,28.279900862895715,1.7923330220602167,23.093958024948655,4.6893609979205575,27.92109683303913,0.022993747670414368,0,0
2026-01-01 21:32:00,28.290759814997358,2.008179206496985,23.690968309279324,3.9902673033040785,28.070509121246953,0.023477762169347816,0,0
2026-01-01 21:33:00,27.981182562319663,2.1961195348676465,24.68981466227051,5.142360699452705,27.9456546938478,0.033733467144298396,0,0
2026-01-01 21:34:00,28.41326836958783,1.7430594162666866,25.23867871528999,4.980320879761366,27.90316423762727,0.00753921277951624,0,0
2026-01-01 21:35:00,28.521331631268197,2.119578894738029,23.79562547785229,4.85343082063053,28.21477718826983,0.010624188662395536,0,0
2026-01-01 21:36:00,28.087578694042413,1.9270027376752692,23.47086017387058,4.559181976682017,27.736664794447808,0.03800757508887972,0,0
2026-01-01 21:37:00,28.25397206465367,1.8996980924239422,22.51895884088253,5.137803201169194,27.97061514094091,0.04284754758836594,0,0
2026-01-01 21:38:00,28.16630959692766,1.9814434844229003,24.48049879081178,4.709967250960154,28.022808594459296,0.03143009875119985,0,0
2026-01-01 21:39:00,28.202303353066508,1.9673004755290284,23.479536623599373,4.787952261133905,28.16896270398131,0.029965669903342255,0,0
2026-01-01 21:40:00,28.38689208837014,1.9770653193406005,25.924270491028988,4.780403993791115,27.95218829225854,0.03224215821043,0,0
2026-01-01 21:41:00,28.003055864475556,1.6868838536260742,35.97576876570168,4.957448101357924,28.3193218293202,0.042240371545326325,0,1
2026-01-01 21:42:00,28.48958262007056,1.6784589882638026,25.3049692403384,4.397978796139455,28.09109428736179,0.0006721040694711716,0,0
2026-01-01 21:43:00,28.51525544163483,1.8072049292473342,24.344211594111858,4.996893151667571,27.715924862709464,0.015829468179157025,0,0
2026-01-01 21:44:00,28.33469188301679,1.808749591377919,23.089754423055272,4.547689075117191,27.825558072523894,0.023660276514482544,0,0
2026-01-01 21:45:00,27.93347246820278,1.6464027310186842,23.961334263326954,4.559968702585295,28.028432080095012,0.02852421452262918,0,0
2026-01-01 21:46:00,28.200534996183006,1.8889641089196592,24.328204810858935,5.109834016645212,27.862736049117167,0.012973497524282278,0,0
2026-01-01 21:47:00,28.601483877185252,1.1161228026276613,23.620079133910142,4.45174003861655,28.065739989357006,0.002366915752517254,0,0
2026-01-01 21:48:00,27.878974970635145,1.4715677175956507,24.35397484320893,5.109204840353663,27.945552426008224,0.024700111430369154,0,0
2026-01-01 21:49:00,28.31569403817865,1.605552186293057,24.328303922610935,4.835478353648116,27.856476831534557,0.043236532931203095,0,0
2026-01-01 21:50:00,28.16486525541809,1.3806526343753067,24.164435133894333,4.223103137895475,27.88424927512666,0.017457280967865738,0,0
2026-01-01 21:51:00,28.520889222417356,2.227861480106581,23.72545000597266,5.277566548076274,28.102229632609564,0.012995978306946638,0,0
2026-01-01 21:52:00,28.253132719343853,1.6422865993786764,22.90462697070698,4.908588804542223,27.757245574731062,0.15619668450987984,0,1
2026-01-01 21:53:00,28.445738829001307,1.6763976448974462,23.663560992237123,4.937944053061455,28.125432979019866,0.019094722505202333,0,0
2026-01-01 21:54:00,28.47297304838356,1.425144413909722,23.83090533722439,5.152534808704665,28.128944424736947,0.040856172433962626,0,0
2026-01-01 21:55:00,27.899665322892865,-2.0304982855208213,24.384898900109974,0.5247272605964544,27.960231183544654,0.021016136434752537,1,0
2026-01-01 21:56:00,27.530363543960455,-2.4684691421666045,25.80720029209995,0.07035941367564456,27.831466882859125,0.004926114531004899,1,0
2026-01-01 21:57:00,27.63212616890774,-2.119536651550365,25.6117038546663,0.21605056287362387,28.06670370509189,0.05057073294501308,1,0
2026-01-01 21:58:00,27.29447294209091,-2.403756713770864,24.76268523164082,0.12991507571609914,27.94163688193885,0.04727069679016485,1,0
2026-01-01 21:59:00,27.773205008107478,-2.1872544050589204,25.42820876440318,0.0,27.818185878311553,0.007801369403146907,1,0
2026-01-01 22:00:00,27.418992980028353,-2.999079689530426,25.434142990162623,0.0,28.229096827353526,0.032122664775549904,1,0
2026-01-01 22:01:00,27.45171290777236,-2.50937903915994,26.994757641721666,0.07522272068647294,27.893870404489345,0.01911995120398316,1,0
2026-01-01 22:02:00,27.54522215998705,-1.6121401075183583,25.789165566973878,0.4826282407255946,27.82334189359239,0.03614315428150839,1,0
2026-01-01 22:03:00,27.264303876826315,-1.842230568515663,26.351842237407602,0.20416653717517985,28.03420609837691,0.009237607868326413,1,0
2026-01-01 22:04:00,27.583020540856417,-1.6779397366262678,25.53580560349858,0.0,27.99185830764596,0.040693159644132816,1,0
2026-01-01 22:05:00,27.712031928887917,-1.6589802691694497,24.298339744403,0.38413252697571687,28.178342604309204,0.04650912674381018,1,0
2026-01-01 22:06:00,27.58649415681544,-1.9125370649213285,26.072666118386234,0.0,27.954337566990116,0.007947830702637545,1,0
2026-01-01 22:07:00,27.243479602508785,-2.308290829339381,25.133383431897453,0.0,27.955605241995798,0.026218602640923568,1,0
2026-01-01 22:08:00,27.50275283370328,-2.512824620649652,25.351424419893068,0.35626633531388224,28.04022738786354,0.046887370084909924,1,0
2026-01-01 22:09:00,27.654008711680902,-1.746722051471502,24.841639281572817,0.0,28.023942150546567,0.006975473233178368,1,0
2026-01-01 22:10:00,27.177663791869712,-2.122083922518686,25.622176786692734,0.6232549305912684,28.02760452578848,0.012961120996274186,1,0
2026-01-01 22:11:00,27.31736118307143,-1.2666955184629325,26.309530923161557,0.4017206902090964,28.032634179656128,0.03691128411452516,1,0
2026-01-01 22:12:00,27.663579194147317,-2.260654072307068,26.209637354119224,0.0,28.01975395538746,0.022107595658930546,1,0
2026-01-01 22:13:00,27.549271900780244,-1.4340007999252067,26.660016896537496,0.160775946014062,27.950022044125383,0.003354945863094261,1,0
2026-01-01 22:14:00,27.56954035234479,-2.1694550429482247,26.752369490431402,0.8483714979792862,28.099921311612267,0.01923604706634109,1,0
2026-01-01 22:15:00,27.824709065372193,-1.6354918822840088,24.103950690770994,0.3500024632429447,27.956812311665253,0.0564359284355717,1,0
2026-01-01 22:16:00,27.568844381432573,-1.496321042362904,24.69394525827116,0.08337000867460623,28.096522035712294,0.06213199011582092,1,0
2026-01-01 22:17:00,27.597326648300005,-2.4338362386256045,24.257315801476512,1.0112038979721945,28.166531450593425,0.013532444588597151,1,0
2026-01-01 22:18:00,27.961146790652943,-2.229850016318892,25.959125720706325,0.041153353834770985,27.918695095919567,0.008560568849506456,1,0
2026-01-01 22:19:00,27.42894436635857,-2.4046731586551324,25.025496974617585,0.20363518660759275,28.288538010240295,0.01675578477639097,1,0
2026-01-01 22:20:00,27.31794472834729,-2.45545623428067,25.162264009996626,0.0,27.91448645137893,0.057434207582207575,1,0
2026-01-01 22:21:00,27.532626410671973,-1.7722514406186332,25.347265229897285,0.0,27.915353418561786,0.04015768664441761,1,0
2026-01-01 22:22:00,27.52863310933706,-2.0542916720687847,25.761034191780517,0.0,28.06479889977926,0.0513535323866504,1,0
2026-01-01 22:23:00,27.34873717065762,-1.945986833858517,24.448020234293026,0.01344282952898151,28.052987488527368,0.04297627162416739,1,0
2026-01-01 22:24:00,27.251592640827322,-1.7476741278358816,24.601210648638233,0.11524225454345052,28.0086178270612,0.0012514446839491863,1,0
2026-01-01 22:25:00,27.847028667956263,-2.5697924419642098,25.4781532100947,0.0,28.098190130557263,0.00792073906680545,1,0
2026-01-01 22:26:00,27.483882982842655,-1.4461049731509832,26.311360318605857,0.2312360127412816,28.030315605100395,0.012468883399246572,1,0
2026-01-01 22:27:00,27.2870037547358,-1.9949520489551862,25.449614574304977,0.0,28.247889039700016,0.015604455563169814,1,0
2026-01-01 22:28:00,27.57742361968427,-1.6623701281527785,24.908548616050428,0.2130570257880451,27.993612949855233,0.012790474126907203,1,0
2026-01-01 22:29:00,27.38663578212541,-1.6071652720804548,23.954445788269435,0.32722426899527773,27.89746076540965,0.014884632342890735,1,0
2026-01-01 22:30:00,28.15448133966279,2.2797787962673453,24.120710741617525,4.66157181848158,27.933794884376596,0.03652882594048559,0,0
2026-01-01 22:31:00,28.29492720753816,1.7877146800863817,22.934496846205356,4.46266337370634,28.056558925807543,0.027444334274566974,0,0
2026-01-01 22:32:00,27.954905026444354,1.1054374746709952,22.64242019105468,5.340277261084269,28.058314202398652,0.04695600540706754,0,0
2026-01-01 22:33:00,28.244657773316913,1.8927637564949589,22.24104190273416,5.105519233004719,28.024777123830134,0.029533089672824826,0,0
2026-01-01 22:34:00,28.519280707218904,1.9667204748925102,22.43070962948402,4.853191716846593,27.898059571351496,0.012827023790004824,0,0
2026-01-01 22:35:00,28.25265530721547,1.5577157494649418,22.76170856844081,5.313949717287948,28.133037774393287,0.028392315126726454,0,0
2026-01-01 22:36:00,28.09485771697178,1.993979554128056,23.264010978457954,4.82914160339143,28.232438878802594,0.002203588336450936,0,0
2026-01-01 22:37:00,28.065175108314975,1.83795859482086,22.581901246602307,4.582822476431872,28.003507038627436,0.016613069728487403,0,0
2026-01-01 22:38:00,28.07652408075082,1.5155078602327423,23.555000690358334,4.449404277469534,28.217272593177295,0.036577818939450515,0,0
2026-01-01 22:39:00,28.098663658963908,2.2407445515556126,23.249646024434657,4.7622703026262245,28.103950719573042,0.04332958105829509,0,0
2026-01-01 22:40:00,28.07043119830489,1.8276718605760607,24.97487862662761,5.070102167293557,28.2662424609576,0.026298329579077136,0,0
2026-01-01 22:41:00,28.29750687257856,1.9008977045026743,22.22386905054301,5.286415725287736,28.056717290868225,0.01795649902222275,0,0
2026-01-01 22:42:00,27.81480976566874,1.898198092366607,23.527681062590013,4.808228575612066,28.016392369092745,0.0008463362913740252,0,0
2026-01-01 22:43:00,28.27625320265215,2.508221272874805,23.534286573116965,5.2245937247774865,28.101088147957554,0.04600465054188374,0,0
2026-01-01 22:44:00,28.04715154417288,2.0758424937735747,22.689102248987478,4.725005698974289,27.94796980007929,0.03386554236384944,0,0
2026-01-01 22:45:00,28.177850601425167,2.13079382851559,23.4753505067673,4.526440693470451,28.048854086543155,0.03024112387564533,0,0
2026-01-01 22:46:00,27.901756708601866,1.9603552621694702,23.945743614912693,4.342790368169864,28.15968597359439,0.024913171889885382,0,0
2026-01-01 22:47:00,28.338498869408166,2.2865177368875904,23.473097919111055,4.622816013180347,28.09834125468626,0.01654772706193195,0,0
2026-01-01 22:48:00,28.31841294741829,2.6051310976610385,24.373377049316396,4.355969900392621,27.996285081031395,0.004960907956394332,0,0
2026-01-01 22:49:00,28.261907229076392,2.3663547903168767,21.878743877046585,5.503329070916569,28.024049871291787,0.02954867476027218,0,0
2026-01-01 22:50:00,27.811642370613587,2.385086150021472,22.812607209767,4.95375374920827,28.090921213756214,0.0153065515769194,0,0
2026-01-01 22:51:00,28.228798283647297,2.3602632354384165,24.433928580795044,4.76653480279249,28.086933593174784,0.017368701238672315,0,0
2026-01-01 22:52:00,28.147835409091805,1.6667018642977767,24.039200013380047,5.402700616820951,28.090007725975426,0.05592122377246221,0,0
2026-01-01 22:53:00,27.78157001145518,1.8431451983619853,23.77870558967477,4.344206420859973,28.040732572650356,0.024134606918531587,0,0
2026-01-01 22:54:00,28.06186040233532,2.0763370756192017,24.263337635939425,4.752000007436489,27.901054643267454,0.019153198725660958,0,0
2026-01-01 22:55:00,28.12772820826457,1.890630298681645,22.058409484908758,5.4998858272356514,27.92018165634327,0.015361748018583934,0,0
2026-01-01 22:56:00,28.158251613638956,1.7670155455320005,23.95701431528178,4.749585822646366,28.05534001177282,0.006973868534550745,0,0
2026-01-01 22:57:00,28.086283987063304,1.4776082713986027,24.145406505481965,5.656384822441584,28.099775130341087,0.022494045390180895,0,0
2026-01-01 22:58:00,28.10319489197262,1.6532291245014288,22.939691463772338,5.074961693804538,28.08423234688178,0.0006397831629013674,0,0
2026-01-01 22:59:00,28.312601393297403,2.0247939711348,25.24185533025724,5.257074068021281,27.91897399403787,0.03280536929127237,0,0
2026-01-01 23:00:00,28.264801531102723,2.078809662937944,23.53961487357234,5.267213188209205,27.981859915722083,0.019670802511608975,0,0
2026-01-01 23:01:00,27.5249995416045,1.8125943287485642,21.868186879957346,4.800560861086813,27.85908656027365,0.016437173913061334,0,0
2026-01-01 23:02:00,27.981078131795368,2.1034275882014835,23.671143428496137,4.629125917391548,27.83302855844742,0.02769313554473078,0,0
2026-01-01 23:03:00,28.00592463266642,1.908258914599156,22.90165186032799,4.759595888041855,28.009777516039172,0.02362017673984051,0,0
2026-01-01 23:04:00,27.71772916308712,2.4248311852414965,24.222524250178655,4.454573623840231,28.162978763764272,0.02257521937004495,0,0
2026-01-01 23:05:00,28.04780827874035,1.9684066459815976,23.792234651927984,4.7769129908695716,28.011976480084577,0.020964639562904945,0,0
2026-01-01 23:06:00,28.253586226100765,2.249440646792969,22.991946981140348,4.798457882764263,28.228976251464843,0.02463434410113564,0,0
2026-01-01 23:07:00,27.831390680004795,2.056596559284764,24.46419942357232,5.391232248361721,27.980307523459256,0.031177169289316374,0,0
2026-01-01 23:08:00,28.085898938234497,1.4735901832396443,24.072261375556863,5.0076464987546165,28.003746064977626,0.02892346534579653,0,0
2026-01-01 23:09:00,27.859085205954553,1.9106274635685219,22.837435240640403,5.6269161452254055,27.8810791730777,0.04528383241384405,0,0
2026-01-01 23:10:00,27.901790440195462,1.487238615398945,23.31305246780585,4.044159565824618,27.95833072199955,0.015159587676572722,0,0
2026-01-01 23:11:00,28.287682601777124,1.8586307811600289,23.784001195912186,4.37403470498952,27.85720741196567,0.029286266093194662,0,0
2026-01-01 23:12:00,27.92332565121358,1.6119733057554775,23.170020780134152,4.675629135317122,27.814559525885908,0.06902983737333837,0,0
2026-01-01 23:13:00,28.103636718975142,1.9823976470557052,23.19394085724169,5.322373062404972,27.85924824593341,0.02426283471386676,0,0
2026-01-01 23:14:00,27.683290390245585,1.3545907476972694,23.456912613579,4.761647979900828,28.010233010795925,0.024960765531015405,0,0
2026-01-01 23:15:00,28.35521716105108,1.8051456388478058,22.68849951393233,4.2862606075220615,27.911595246371725,0.002259048729194326,0,0
2026-01-01 23:16:00,28.12858709147173,1.9759306880866732,21.87514446027952,4.714206447347863,27.940015261916542,0.012162211303478169,0,0
2026-01-01 23:17:00,27.987588499276182,2.0689478639221313,23.60916396488773,4.38084060978578,28.04918446836696,0.023085409989959085,0,0
2026-01-01 23:18:00,28.124584430633693,1.4597721929543084,22.053396067574255,4.312230981147568,27.814144195297423,0.03460216543261754,0,0
2026-01-01 23:19:00,27.76798425041591,1.7097397657365603,22.754521908577388,5.499589736178865,28.009724327050293,0.036684937648000786,0,0
2026-01-01 23:20:00,28.235590137973283,1.7447443903550717,22.21373018081133,4.676936896661772,28.101769052317486,0.030872931527663305,0,0
2026-01-01 23:21:00,27.965616172278555,2.1991363727634403,22.30428075107287,4.860603501980879,28.112147138929547,0.039473764249921224,0,0
2026-01-01 23:22:00,27.988614256561604,1.117219431762389,23.761159032401356,4.767465278491169,28.061988045970402,0.00701182678325981,0,0
2026-01-01 23:23:00,27.938474884037316,1.2956423667435153,23.311777041038685,4.711976531387043,27.99373812757689,0.03380049943751877,0,0
2026-01-01 23:24:00,27.924292574572668,2.5758370341552634,23.291357844470042,4.505768638699328,27.925151332422754,0.025240354588673564,0,0
2026-01-01 23:25:00,27.35589603835165,-2.1205597127748814,24.556114616986118,0.0,27.990116949611146,0.027248119537896225,1,0
2026-01-01 23:26:00,27.279170139196736,-2.704978263126792,25.023320710295103,0.11803241748345146,28.198415587350798,0.01847826156357922,1,0
2026-01-01 23:27:00,27.352876483076876,-2.2639932390889452,25.751263579344677,0.49652235922238375,28.032767944305633,0.007845453887926884,1,0
2026-01-01 23:28:00,27.236634027558747,-3.044909391274878,25.45677362440244,0.3316024727939259,27.987174175561087,0.003127246573612883,1,0
2026-01-01 23:29:00,27.333445399279285,-2.0058409010346088,26.074755274975892,0.0,28.06764313213567,0.030772092407301124,1,0
2026-01-01 23:30:00,27.168722653412292,-1.819684225227177,26.180254650775517,0.3459863463828117,28.005966909862877,0.03396133012244357,1,0
2026-01-01 23:31:00,27.648703074145562,-2.433659747863771,25.334100322496244,0.1664033040345791,28.027095154081476,0.02266773503013398,1,0
2026-01-01 23:32:00,26.9685457619826,-2.2892677218864015,24.220199933289265,0.0,27.97039394143223,0.024733356561593308,1,0
2026-01-01 23:33:00,25.77336305779402,-1.8095908263241842,24.99339847695875,0.06373398366529907,27.950207469511035,0.012036206894890223,1,1
2026-01-01 23:34:00,27.50438140548056,-2.752178916892723,25.461097154310668,0.2003005142774646,28.119520031223587,0.034055111531288706,1,0
2026-01-01 23:35:00,27.108723415164775,-2.607232637824113,24.992521715548868,0.016468531738006442,27.765958037152874,0.026091260571966066,1,0
2026-01-01 23:36:00,27.667503181314142,-2.22792297697937,24.804560921929898,0.16808516695485243,28.05743220840979,0.018418951014232878,1,0
2026-01-01 23:37:00,27.449707086869196,-2.4131039825700697,25.598510840044323,0.0,27.942789641619846,0.04058950114805879,1,0
2026-01-01 23:38:00,27.4497665145455,-2.2526402035724393,27.25793285010028,0.6974912154862796,27.77137450434031,0.036610349994413496,1,0
2026-01-01 23:39:00,27.284600484520062,-2.590395275171178,25.22217442660038,0.0,27.88304686930571,0.0026456410514422955,1,0
2026-01-01 23:40:00,27.245197521777058,-2.0696729934817455,25.56927518520354,0.20224792816484952,27.995674469284257,0.02588470860061662,1,0
2026-01-01 23:41:00,27.25148734557425,-2.191835084009594,24.660294041891955,0.12836721205361293,28.012177507500446,0.007751745756122776,1,0
2026-01-01 23:42:00,27.364494161924863,-1.9406531077217435,26.456725249413665,0.22503018770810002,28.088800534661612,0.027511388890579837,1,0
2026-01-01 23:43:00,27.551558806881363,-2.054374523930273,26.206434272954723,0.0,28.096962188145394,0.031733230530423616,1,0
2026-01-01 23:44:00,27.33725109165308,-2.042236390831099,26.16604072183724,0.40921895991656954,27.814394204412732,0.028548593343189682,1,0
2026-01-01 23:45:00,27.145940147835287,-2.609316465410095,26.561938374100876,0.0,28.04530043036217,0.03781570877514055,1,0
2026-01-01 23:46:00,27.463891989927834,-1.9177561073185594,25.31913736835567,0.0,28.087425276810734,0.023005754325947352,1,0
2026-01-01 23:47:00,27.48690032792903,-2.1916070043939055,25.414918087595446,0.0,28.02627071451185,0.004035066900673165,1,0
2026-01-01 23:48:00,27.444626119366955,-2.118410096594456,26.831997696970372,0.043646774093155816,28.06029297822481,0.0602146657753893,1,0
2026-01-01 23:49:00,27.466760616359633,-1.6762378979238655,26.086601140337468,0.0,27.76809750322323,0.04580728958764273,1,0
2026-01-01 23:50:00,27.28966931077297,-2.2767781081711993,24.09898015800572,0.6301770942048475,27.881174201270102,0.015440895059131026,1,0
2026-01-01 23:51:00,27.177158890929,-1.5328103233417176,25.979687920833314,0.3671224481899227,28.163925640285854,0.02030157132155132,1,0
2026-01-01 23:52:00,27.1941104584376,-1.4799053877010384,25.263134838651567,0.6393955122978491,27.966435001343026,0.010658554982238166,1,0
2026-01-01 23:53:00,27.06207067406964,-1.7008404938975366,26.30818501729306,0.6024982211881151,28.2667724697683,0.0335212119464082,1,0
2026-01-01 23:54:00,27.405226645731073,-2.28557510884513,25.97446889950013,0.0,27.8465893106102,0.00035370348436975993,1,0
2026-01-01 23:55:00,27.353722547039165,-2.684909686133409,24.479754575020486,0.0,28.1876526689359,0.036994577848216546,1,0
2026-01-01 23:56:00,27.295751055011838,-1.5188808545449755,25.895841191970135,0.0,27.926715326441844,0.04346695462616261,1,0
2026-01-01 23:57:00,26.849173488229706,-1.8337843203203397,25.86475016414591,0.0,28.103492317953805,0.023735253275004572,1,0
2026-01-01 23:58:00,27.162926690181106,-2.109529700123533,25.98150877374662,0.6179784995425832,27.964554110140984,0.0058398321964511744,1,0
2026-01-01 23:59:00,27.595469407846117,-1.413667945495988,26.139851559945228,0.0,28.013881377748632,0.04748230121905196,1,0
2026-01-02 00:00:00,28.080367319988635,1.4984543916927655,24.794174355353654,4.726527651797685,28.07146519689019,0.025039050221204076,0,0
2026-01-02 00:01:00,28.27118841138468,1.6759604254296159,24.046856203796885,4.605900412820991,27.926397608627216,0.02667805683864006,0,0
2026-01-02 00:02:00,27.962232787878396,2.0324222128469667,23.78341586815445,4.9312483037627,28.096132767384976,0.008232391536048045,0,0
2026-01-02 00:03:00,28.477782110212836,1.4830081007210079,24.581332956603504,5.250129639475008,27.968095150393417,0.028474970890333264,0,0
2026-01-02 00:04:00,28.19912617936297,1.858154756173474,25.358156948786448,4.261276283869919,28.02136599204564,0.02134757369463272,0,0
2026-01-02 00:05:00,28.28346394334708,2.300905064533657,24.439383139194103,4.328278406429292,27.682579432598946,0.001087219523011336,0,0
2026-01-02 00:06:00,25.96621266099333,2.016246585343925,23.95388379134589,5.320317013746024,27.959519767069168,0.04911986112914632,0,1
2026-01-02 00:07:00,28.51650515931403,2.400914264863348,24.123125810438875,5.056573406058133,28.151625038602198,0.056664251895699236,0,0
2026-01-02 00:08:00,28.19443291221539,2.382232567783718,24.010507304114714,4.709216803528039,28.083361262454243,0.04332764190166239,0,0
2026-01-02 00:09:00,28.148843425710822,2.0084332553499324,23.85526740932806,5.397478966674243,28.106385473721247,0.04063899734842402,0,0
2026-01-02 00:10:00,28.202965523725105,1.2071161816652016,25.369055804532746,4.322239889763534,28.00639812134337,0.05677187489062951,0,0
2026-01-02 00:11:00,28.35921087154064,1.6561101263352929,23.340332664214003,5.125924721916862,28.20115294034693,0.006145040517597008,0,0
2026-01-02 00:12:00,28.25427225158849,2.3272676282516596,24.684438235730457,4.7761166618976,28.03461264598825,0.0059289385774420715,0,0
2026-01-02 00:13:00,28.207762860321406,1.5332157666625017,31.764980473931598,5.012290342604512,27.920787990134993,0.01754090528820509,0,1
2026-01-02 00:14:00,28.548597506429086,1.9758207443888334,22.862672799495197,3.964496760756154,28.102616905012912,0.030361378612467002,0,0
2026-01-02 00:15:00,28.269442219479988,2.2215771061157126,23.778768105012546,4.708753824036978,28.11071180313861,0.01973277090515125,0,0
2026-01-02 00:16:00,28.70931150430869,2.6289276597212368,23.539564823414832,5.05787885061273,28.075550946972093,0.0066401384272946305,0,0
2026-01-02 00:17:00,28.316988384100124,1.9232574553393316,24.338420635732707,4.77783442356181,27.9516479335044,0.025101814087795025,0,0
2026-01-02 00:18:00,28.627158656373094,1.9076490825242072,24.009924634061658,5.239354220480298,28.03377666064839,0.0233011645592006,0,0
2026-01-02 00:19:00,28.37513656164653,2.1212474859231736,23.2425811197433,5.227631752499275,28.167198983319967,0.04014383012562767,0,0
2026-01-02 00:20:00,28.489034672928476,2.2675022529878093,24.999776497930917,4.464502731172793,28.057305999339547,0.02580172374104876,0,0
2026-01-02 00:21:00,28.190013519871403,2.0940962737902624,24.74531947775114,5.088397427966788,27.822668495596936,0.009282100608802378,0,0
2026-01-02 00:22:00,28.171361846616886,2.5170307115667176,25.104701025783843,4.452568069970115,27.92454835450366,0.031938425599253334,0,0
2026-01-02 00:23:00,28.412228235963656,1.870086447896718,24.172653727148646,4.818905404404164,27.918968159168895,0.05347213720651832,0,0
2026-01-02 00:24:00,28.511705652229686,2.190138990061561,23.994159508887492,5.029644887257668,27.90948119057431,0.025520691294089654,0,0
2026-01-02 00:25:00,28.3451341701215,2.30050716214073,24.524135117111456,4.507650974058796,27.746645883730594,0.042765255240649405,0,0
2026-01-02 00:26:00,28.11029113533414,1.9995220207295503,23.63995434626275,5.075424164947534,28.226869303334134,0.01590777414886419,0,0
2026-01-02 00:27:00,28.10077655305541,2.426768258499293,24.147844609018858,4.623125488846834,27.894845486438854,0.03518348308684679,0,0
2026-01-02 00:28:00,28.092342210666384,2.176649838533198,23.94651443695412,4.596755865405678,27.903526202854838,0.011597394053442945,0,0
2026-01-02 00:29:00,28.034476676979068,2.390673915808007,23.059518972893073,5.0473278442389,27.766994985392742,0.020563017573639035,0,0
2026-01-02 00:30:00,28.375591937381675,2.171045329141646,24.184281845434203,4.507409469710804,28.10397147816324,0.020704702921087958,0,0
2026-01-02 00:31:00,28.56143847262205,2.2219047504147933,23.799270109195113,4.489607585722917,27.989096217653284,0.033580421733840585,0,0
2026-01-02 00:32:00,28.359368086687383,1.8544666488650818,23.951106269695217,5.164404614010529,27.957890367390053,0.010165177389539606,0,0
2026-01-02 00:33:00,27.957563526054855,1.8393305921001608,24.388547962979683,4.837995003173726,27.964239837706334,0.0013679261220081208,0,0
2026-01-02 00:34:00,28.3325562109618,2.4716691976357197,25.03773522300271,4.291058176643847,28.070536527072036,0.033462019251308726,0,0
2026-01-02 00:35:00,28.339840852347592,2.247404318972409,23.56594224280397,5.099474482435873,27.94239741871899,0.032785457335770804,0,0
2026-01-02 00:36:00,28.748469947973707,1.6476870301245263,23.937663509674714,4.657689568714794,27.76133187247789,0.02702475754542849,0,0
2026-01-02 00:37:00,28.110742280943377,2.0487739411108152,23.65092092383115,4.308945331153487,27.845015687082398,0.041791990446612456,0,0
2026-01-02 00:38:00,28.304331262261822,1.1334934282376623,23.618626459471646,3.922439746093426,27.838783422791717,0.021352507551549747,0,0
2026-01-02 00:39:00,28.683120050630105,1.7414787677817352,23.796876082526275,5.116195003961343,28.03303814096927,0.03006428988140423,0,0
2026-01-02 00:40:00,28.458261496984573,2.2560667369809537,24.088925926148022,4.49902867686095,28.111602284863977,0.018701462611395558,0,0
2026-01-02 00:41:00,28.47964460560644,1.852672118487043,24.649961263088155,4.364654330045524,28.17589667558442,0.02034499056472261,0,0
2026-01-02 00:42:00,28.399639139830587,1.9140385261693273,24.477614198305066,5.023790990635097,27.80381266992785,0.03112389557959825,0,0
2026-01-02 00:43:00,28.438951366005075,0.7929771490539512,23.526992279727462,5.082027058708099,28.074432411070312,0.06579897152045516,0,0
2026-01-02 00:44:00,28.519860064313573,1.6871259994627894,34.99594107394469,4.52451395049188,27.92619145693547,0.03836135689442341,0,1
2026-01-02 00:45:00,28.234292462599303,1.9183952783395246,24.95496916848963,5.1194242308620925,27.515050782668645,0.03487496649414562,0,1
2026-01-02 00:46:00,28.537940893066914,1.938436690578977,23.676644679700402,5.519212522389594,28.16602649567815,0.038921909327226514,0,0
2026-01-02 00:47:00,28.13242098600737,2.0881139136310027,25.17797674262932,5.271332144839883,28.204227449456138,0.017260001609480796,0,0
2026-01-02 00:48:00,28.438120176275966,1.653640695093089,24.56360874078456,5.216869983318935,28.096292778429596,0.030745201097578462,0,0
2026-01-02 00:49:00,28.41042162576502,1.6455473910455993,24.238911968199226,4.9099451927463855,28.045826583577025,0.04138852645328518,0,0
2026-01-02 00:50:00,28.266332639667617,1.214051849542562,24.612789474214786,4.644698628064877,27.95169004351553,0.026519679015491487,0,0
2026-01-02 00:51:00,28.37198321857347,1.5860596362128547,24.357818419701303,4.780439881486135,27.92808150270098,0.024222831460819983,0,0
2026-01-02 00:52:00,28.26259600324988,1.1941336811857095,24.77115717180065,4.954259561281966,27.90398738956508,0.008081099963452534,0,0
2026-01-02 00:53:00,28.180120866433782,0.9677737155864803,24.534484549986,4.359870814470785,28.07410907896744,0.01719861293471632,0,0
2026-01-02 00:54:00,28.30753951944267,1.2144623821589353,36.94267294245064,4.530716332337739,28.187248335900236,0.00999708183641641,0,1
2026-01-02 00:55:00,27.370426717374563,-1.4969359456588984,25.012851697104786,0.0,27.957183059113234,0.04299112321565418,1,0
2026-01-02 00:56:00,27.624996637358805,-2.137826850190298,26.813759028444604,0.08231531780199451,27.913318142802044,0.05203002019383955,1,0
2026-01-02 00:57:00,27.357422793428242,-1.9831436118589079,26.196982104192355,0.029068872838437915,27.821979591382902,0.059831189268450775,1,0
2026-01-02 00:58:00,27.689938792472237,-2.2555274516816723,27.016919521764002,0.0,28.029363000207223,0.009700101185691283,1,0
2026-01-02 00:59:00,27.34626433448742,-2.7168560072024253,26.823349899721315,0.2871747218829093,28.147512097721982,0.012968575712153433,1,0
2026-01-02 01:00:00,27.453951487876616,-1.7754692975991546,26.256635052190795,0.0,28.153519278726378,0.011505487046955913,1,0
2026-01-02 01:01:00,27.440220043829424,-2.8748472651541648,27.229914377625825,0.0,28.165412648830827,0.006665989630871356,1,0
2026-01-02 01:02:00,27.787753174257375,-2.318691785975454,26.67103226827327,0.27318426971937704,28.049848793559413,0.006956472542710996,1,0
2026-01-02 01:03:00,27.605075249198475,-2.151984989000824,26.65600919410159,0.3250855230441482,28.01082263647959,0.015721092226943394,1,0
2026-01-02 01:04:00,27.503729851191217,-2.0589321289961497,26.458591269263547,0.0,28.15387027144177,0.040740595471726274,1,0
2026-01-02 01:05:00,27.627657499153965,-2.3989470751393767,27.7475585700501,0.08121491166013413,27.866792648541686,0.0120789655270717,1,0
2026-01-02 01:06:00,27.154471446066587,-2.7913691824481366,26.083572775713765,0.0,27.947098608815757,0.04395544395574476,1,0
2026-01-02 01:07:00,27.52171711792559,-2.4301694417740873,26.37076413998448,0.0,28.205301769644073,0.04961442131129316,1,0
2026-01-02 01:08:00,27.884591058687477,-2.4118520851235656,25.744263284780338,0.05034308795304721,27.871047337229022,0.03013173683608981,1,0
2026-01-02 01:09:00,27.544265880297075,-2.4186653866831738,27.132853777487984,0.19612816958557702,27.995865024064265,0.04712435533453646,1,0
2026-01-02 01:10:00,27.527926140194054,-1.8051622069816122,26.230362252470364,0.11114565472258829,28.075759672684928,0.0004973146840746012,1,0
2026-01-02 01:11:00,27.609482173894214,-2.5643644765452986,26.322544412544676,0.09560681918908498,28.00992382663898,0.014952641717512542,1,0
2026-01-02 01:12:00,27.667010289209223,-2.0275270346499483,26.303392505522808,0.0,28.137930100794367,0.02840949786806509,1,0
2026-01-02 01:13:00,27.14111071790456,-2.0691103860721065,26.72280622295804,0.1358968237576242,28.183081380261026,0.029018212368655996,1,0
2026-01-02 01:14:00,27.19256670083959,-1.7784186390896237,25.8169936556114,0.1928728729187047,28.0575597184335,0.05072618544741339,1,0
2026-01-02 01:15:00,27.527852432395505,-2.14970504643248,25.135847759772716,0.24112708553049633,28.166807527090892,0.007020783703505531,1,0
2026-01-02 01:16:00,27.355827100159907,-1.8132673118751204,27.040073804740786,0.0,27.888558944264343,0.01533479967544132,1,0
2026-01-02 01:17:00,27.715071353621617,-2.1360808120952863,25.25371742657166,0.3204549658042627,27.981095291833686,0.023470304726847156,1,0
2026-01-02 01:18:00,27.416481205574303,-1.9080633046124085,27.344594285828485,0.0,28.288622941591242,0.015664854488012775,1,0
2026-01-02 01:19:00,27.119213654386503,-4.763850432849079,27.8511183214007,0.0,28.233151650540567,0.006232726842369342,1,1
2026-01-02 01:20:00,27.2333211207667,-2.9483729900921762,26.65860221312682,0.0,27.846767293921292,0.016422091989256628,1,0
2026-01-02 01:21:00,26.960681375453987,-1.8735834395543214,27.696570719623224,0.0,27.998468510978945,0.02058052366981617,1,0
2026-01-02 01:22:00,27.407472127336135,-1.834557648367893,26.783267635388803,0.0,28.016328955182807,0.05105580037502436,1,0
2026-01-02 01:23:00,27.409636798300347,-1.7978892303719014,27.93299000007148,0.07751832002068042,28.049983084570087,0.006635825642688557,1,1
2026-01-02 01:24:00,27.361020816586457,-2.126084205240672,26.50739324325549,0.0,28.1528851194051,0.039673321942447576,1,0
2026-01-02 01:25:00,27.6254548990054,-1.3983042618903547,25.18450142721066,0.0,28.220699089952532,0.04789843608664742,1,0
2026-01-02 01:26:00,27.640784728745814,-2.0574303100439053,26.79709974991338,0.0,28.00448994107141,0.01577329631620833,1,0
2026-01-02 01:27:00,27.388145207184078,-1.7254614349008908,28.061675734362804,0.7145385745109305,28.13463829559565,0.029678075830811793,1,0
2026-01-02 01:28:00,27.028311305128106,-1.6405879065845963,27.25358502965026,0.07437192592689429,28.07778352997274,0.03536685370262831,1,0
2026-01-02 01:29:00,27.517392593895057,-1.2228557098982527,26.531326806608085,0.04404024934085271,27.997464306638648,0.03239808327110276,1,0
2026-01-02 01:30:00,28.299964841131544,1.6890396330735542,25.135167826452456,4.881225694080699,27.796221019076235,0.026478577983255012,0,0
2026-01-02 01:31:00,28.2494085732218,1.59579724863024,25.597544391990766,5.011582220710291,28.122216834404686,0.01278113351402161,0,0
2026-01-02 01:32:00,28.36411018960152,1.324359700790653,24.870579526280792,5.142354197442085,28.072623245466243,0.03692421864941305,0,0
2026-01-02 01:33:00,27.971515819248836,2.416097544118078,26.781670139024694,4.2527561249148675,28.0467507076136,0.01825975797386508,0,0
2026-01-02 01:34:00,28.536524811340513,2.043966892002939,24.593620569528973,5.258562159099364,27.882248091398246,0.025515716807655613,0,0
2026-01-02 01:35:00,26.37056908021806,2.0782784372269885,25.6701147261529,5.236038852906039,28.235096472792716,0.028164729528712757,0,1
2026-01-02 01:36:00,28.297436022548958,3.033204309539899,25.514183408853285,4.77677868619986,26.3585862971031,0.04040780605794075,0,1
2026-01-02 01:37:00,27.852731473797654,2.078080706390267,24.5033423404104,4.75844495826088,27.863034930942053,0.059702941704361835,0,0
2026-01-02 01:38:00,27.98293763224433,1.5296592506966096,24.70842965954026,3.7140337211815746,27.84372155442347,0.011719867831553646,0,0
2026-01-02 01:39:00,28.41732329742307,1.9371585870548218,25.730443378617423,4.3646030932294435,28.08129668805567,0.025946344976627293,0,0
2026-01-02 01:40:00,28.091474406061227,1.6838018202932608,25.131280562834856,4.981597246692105,28.084869968768835,0.0017195056877529515,0,0
2026-01-02 01:41:00,28.28375688210904,1.904576491556678,25.27865028441221,5.220216113208462,27.9444387812024,0.05166595463002995,0,0
2026-01-02 01:42:00,28.169439374215823,1.9191943279529737,33.136795988595786,5.0550929227408785,28.055515019359635,0.025789290025624533,0,1
2026-01-02 01:43:00,28.102200725497934,1.870345226888883,25.525082545773127,4.773499726977598,28.08011276110452,0.019605804464026374,0,0
2026-01-02 01:44:00,28.360988177186425,1.6025142735198756,25.278799883815225,5.474055445198955,28.01679102651963,0.025940069075404724,0,0
2026-01-02 01:45:00,28.067401411562656,2.660484463109856,25.04467245862809,5.151811444728498,27.915839065486676,0.02684974321590724,0,0
2026-01-02 01:46:00,27.7840816730766,2.219174731758145,25.353658085549046,4.662160753439283,28.115362713900076,0.011826889672143057,0,0
2026-01-02 01:47:00,27.954762060823956,2.045599136953292,24.826110783150032,5.5637387281836945,28.100515757258943,0.046383463968191,0,0
2026-01-02 01:48:00,28.193413165753658,2.398043021033815,24.709664091321002,4.41634146785269,28.068121604805924,0.036605315120294066,0,0
2026-01-02 01:49:00,28.16037257358663,2.304477050393885,24.966010101617115,4.28485592281189,27.899952174786645,0.03911506620635177,0,0
2026-01-02 01:50:00,27.802227745214044,2.2411744700139895,24.82162155269891,4.652613114506627,27.840276100779484,0.012759826744573235,0,0
2026-01-02 01:51:00,27.949174837361927,2.3878319888472856,26.684066174093513,4.534475937692795,28.009182869248693,0.011785952877740041,0,0
2026-01-02 01:52:00,27.970251650460977,2.1966639497722134,25.807032837654578,4.672273934929585,28.111548535193734,0.022956087119124922,0,0
2026-01-02 01:53:00,28.00473430899848,2.38436429940374,24.50171732761918,5.07933174374039,28.12484474571543,0.0393992420162934,0,0
2026-01-02 01:54:00,27.81856948546579,2.4116719686861177,26.615867699002358,4.788107149938362,28.07012582009199,0.03403052444451089,0,0
2026-01-02 01:55:00,27.94900520077708,2.201634270815754,24.898166760718137,4.797096131333075,27.945945498626386,0.011001676463219229,0,0
2026-01-02 01:56:00,27.927008177004073,2.062465431472958,25.23238031495139,4.820585185673116,27.903495112000698,0.037019699200625186,0,0
2026-01-02 01:57:00,28.193252927769656,2.6685090112121737,25.850436367780173,3.9906860774588244,27.997975980400394,0.007501823371120531,0,0
2026-01-02 01:58:00,28.196415072918334,1.9572488101776746,23.853621073449347,4.269658822228676,27.999113921044998,0.013090856473022678,0,0
2026-01-02 01:59:00,28.021105460235855,2.2515376763542787,25.07694799607445,4.665141057099702,28.13287543518384,0.027839020437406603,0,0
2026-01-02 02:00:00,27.973548264062067,2.2479768350832297,24.85166812084454,4.5049749195282915,27.942434272441464,0.003913482071045561,0,0
2026-01-02 02:01:00,28.066255809452436,1.876817902101993,25.40657469207498,4.718874379498859,27.95240208680508,0.0076564864992970175,0,0
2026-01-02 02:02:00,27.891233552324145,1.793065928903329,25.531949745064544,5.291444932862832,28.246598932032732,0.05293818785018491,0,0
2026-01-02 02:03:00,27.829132042834193,1.936252481612643,25.228607689197567,4.773942675912381,27.310843332418486,0.04959278755640255,0,1
2026-01-02 02:04:00,27.863867088571347,1.870854531049187,25.205786818651408,4.337241123796955,27.89406634706031,0.06621488586309926,0,0
2026-01-02 02:05:00,27.916588958743674,1.5146299668166878,26.047457451008363,4.522415074457364,28.176250227873645,0.033110312274293174,0,0
2026-01-02 02:06:00,27.819384543104263,1.7777015594206222,38.59616932461563,5.398701568147288,27.865374190411732,0.0366057584126615,0,1
2026-01-02 02:07:00,28.05614361536242,2.078649787103719,25.349532767002962,5.336372890010655,27.947912954102847,0.022210762565283024,0,0
2026-01-02 02:08:00,28.15669559055139,2.4073953014270733,25.43318593283181,5.008557102477108,27.961570780261617,0.01869203502961139,0,0
2026-01-02 02:09:00,27.73825573772423,2.1363947923873052,26.623809060383742,4.2531309252566345,27.990689005270244,0.04069447926000795,0,0
2026-01-02 02:10:00,28.027257772476688,1.009869975734401,25.46843635094224,4.907381727286452,28.074370760463715,0.04951558851654839,0,0
2026-01-02 02:11:00,27.982163304478576,2.120929374701016,24.996194578247728,4.934293984702745,28.01277679819431,0.03915976293589377,0,0
2026-01-02 02:12:00,28.082457622230336,1.6774159667227178,24.028617913322538,4.8089390729365835,28.073767282526244,0.009883351193804476,0,0
2026-01-02 02:13:00,28.018109492694585,2.0072886114767394,24.369633276688155,4.600496130536724,27.95177909649277,0.03204923239848033,0,1
2026-01-02 02:14:00,27.758461780748867,1.8194674250867253,25.05480555680213,4.673079134645589,28.04490671487283,0.011137289423700014,0,0
2026-01-02 02:15:00,27.79276992620571,1.732559330869613,25.31405490304454,4.576099782484524,28.009476020617388,0.019159002600863645,0,0
2026-01-02 02:16:00,28.025405894741855,1.7398027294028109,25.009038154061734,4.399224114574341,27.83340039106771,0.05445207965199059,0,0
2026-01-02 02:17:00,28.20561903650742,1.7434409067695549,25.651686641323334,5.2780957424138855,28.057961225042927,0.0034075436134457238,0,0
2026-01-02 02:18:00,27.62243233204597,2.1977726484453672,25.015699857959575,5.1088098282603935,28.011526644218353,0.06403653871784157,0,0
2026-01-02 02:19:00,28.083982531990802,1.6966458599842733,24.78113835495155,4.700274695095842,27.914330850256437,0.034891618311318075,0,0
2026-01-02 02:20:00,28.236866565409578,2.0602305964494363,25.857611402802405,4.9232624079287195,27.94901894458847,0.01660997021391373,0,0
2026-01-02 02:21:00,27.996388774150795,1.9866092279694472,26.394670077788767,4.936395311636687,27.95196151062709,0.026227890185992704,0,0
2026-01-02 02:22:00,28.12438321855508,1.86915089467922,24.66826200339043,5.620009245326622,26.77989060249682,0.012670640467325286,0,1
2026-01-02 02:23:00,27.9004204601695,0.9892116704729913,25.62091686350759,5.105399038320496,28.21107497447585,0.015155547703745673,0,0
2026-01-02 02:24:00,28.007323911197034,1.985096591354194,24.123698869428807,5.092169366554836,28.250830532677888,0.026319324283476674,0,0
2026-01-02 02:25:00,26.93909089496307,-2.1852411163377425,26.431760656539236,0.013293354574267086,27.672875357998628,0.01907942261775003,1,0
2026-01-02 02:26:00,26.81112511066258,-1.792625881284479,27.05838426949443,0.0,28.058580927618866,0.008206582619220516,1,0
2026-01-02 02:27:00,27.40525966184488,-2.4004871805512287,28.271387396358936,0.48394858843156524,28.114594164221103,0.021014611215635585,1,0
2026-01-02 02:28:00,27.06091798467575,-2.4905796789184906,26.938131345772558,0.22829524114816457,27.974070786638503,0.001336933996556093,1,0
2026-01-02 02:29:00,27.159074421184776,-1.3984270925033453,26.918075444387124,0.0,28.111370810173817,0.002107336091828043,1,0
2026-01-02 02:30:00,26.994555821730167,-2.438052964717891,27.520570855038734,0.15885329401894333,28.19850012264553,0.001923031745797374,1,0
2026-01-02 02:31:00,26.993556796136744,-1.7134405925365959,27.52707509555839,0.2930851309472843,27.83537896117791,0.05508384281655049,1,0
2026-01-02 02:32:00,27.21948245092306,-2.0830672365955936,26.95717325895474,0.0,28.016051426346998,0.03230123206771452,1,0
2026-01-02 02:33:00,27.12305304606809,-2.279911801129362,28.902610129186723,0.0,28.234809661253568,0.03572542694353077,1,0
2026-01-02 02:34:00,27.326192843989833,-2.1552936137121708,27.331830566337143,0.12696768911396722,27.851468163880213,0.025202697414619862,1,0
2026-01-02 02:35:00,27.34356891565491,-2.600065787340232,27.602263622169733,0.0,27.986172119065415,0.034113078411754136,1,0
2026-01-02 02:36:00,27.323986867752495,-2.1528966962421263,27.246516160304964,0.0,27.946192326868708,0.046165226943063624,1,0
2026-01-02 02:37:00,24.868186997557245,-2.528745899320269,27.84058733692509,0.0,28.12622712880956,0.03234074950506952,1,1
2026-01-02 02:38:00,27.558959770205117,-2.2881921174665787,28.40175988127503,0.17204049068322982,28.142949513663556,0.054525940477465396,1,0
2026-01-02 02:39:00,27.087389612427323,-1.8242278159895446,28.70637272336242,0.18822429741539137,28.019479282977226,0.02433066271162959,1,0
2026-01-02 02:40:00,27.274409954339898,-2.055715976759093,27.012576195239955,0.5538398434420113,28.00386511562922,0.03578042605555538,1,0
2026-01-02 02:41:00,27.493065102134906,-2.6583631788047817,28.320907622632156,0.02879236076132463,27.793702258537444,0.03767223639127281,1,0
2026-01-02 02:42:00,27.5218158202682,-1.8348489362834506,27.939150541604825,0.0,28.170760302537353,0.008223187326535635,1,0
2026-01-02 02:43:00,27.04342782049324,-2.126999265766576,28.24040606536675,0.0,27.957620042157174,0.02576933737197185,1,0
2026-01-02 02:44:00,27.248390552939963,-2.3043427601479776,27.497604311831644,0.0,27.98292099298524,0.00814558350324375,1,0
2026-01-02 02:45:00,27.554461797256106,-1.8417721849564272,27.434512935943967,0.24763525779885454,28.116591976314346,0.022662256672371213,1,0
2026-01-02 02:46:00,27.40694935763437,-2.1486855433362155,28.223795158205938,0.26345277122049143,28.023711961057874,0.01997588375762989,1,0
2026-01-02 02:47:00,27.356240539244325,-2.4837852327293533,28.240264314304635,0.0926166523549724,28.12046103404938,0.018898927736268847,1,0
2026-01-02 02:48:00,27.287604159428113,-1.4133672899097252,28.670999330628334,0.19149022735315083,28.072409216315858,0.017664749732690842,1,0
2026-01-02 02:49:00,27.263486646557737,-2.049181034672498,27.716823846438015,0.44673424567610703,28.02445444730029,0.03421553656018987,1,0
2026-01-02 02:50:00,27.390315805557638,-2.0534604849590656,27.505675736457228,0.0263451450919855,28.037253127416427,0.009055042563942156,1,0
2026-01-02 02:51:00,27.298949598515303,-2.14751164840807,25.861123261986183,0.4785615932125821,27.86526727041083,0.05847982515141669,1,0
2026-01-02 02:52:00,27.34272112416494,-1.5724837336714692,26.45747216203192,0.0,27.982122384460077,0.0352146609492047,1,0
2026-01-02 02:53:00,27.370601825892763,-2.1480225248247766,27.31154079558333,0.0,28.13008564599164,0.010546619688553523,1,0
2026-01-02 02:54:00,27.240523020523973,-2.4831007756605894,26.818766316393965,0.0,27.89216319371296,0.03664989007988472,1,0
2026-01-02 02:55:00,27.464526615318608,-2.15724423182758,28.161217567249196,0.2774467961086528,27.914166870556226,0.04290735344907594,1,0
2026-01-02 02:56:00,27.899512878541962,-1.432101964376773,26.67595776846674,0.0,27.894445085514512,0.03164411486309823,1,0
2026-01-02 02:57:00,27.061327281533128,-1.5815228352762216,27.243533088834226,0.0,28.018405671628727,0.0068954858738100346,1,0
2026-01-02 02:58:00,27.44576608908025,-1.9379660637669778,27.272328424860547,0.0,28.168303462332528,0.06527116603351721,1,0
2026-01-02 02:59:00,27.256883874642146,-1.343775466236278,28.44019494866629,0.20803162994945149,28.065659199325367,0.036510539479318975,1,0
2026-01-02 03:00:00,28.303932463953466,2.0617797800876527,25.172062276957348,5.236376596503919,27.738764490416834,0.0025435678453904244,0,0
2026-01-02 03:01:00,28.214662254605464,1.7311084885383285,25.91529913490021,5.118747782955033,28.077835000016908,0.028764071604208987,0,0
2026-01-02 03:02:00,28.349690024601585,1.7906421360506455,25.73621270917055,5.084419664714422,27.9469491934496,0.021034284973111127,0,0
2026-01-02 03:03:00,28.430406307159757,1.9880302979671118,26.231954548024728,5.093790138592982,28.061125882297127,0.025115690478012768,0,0
2026-01-02 03:04:00,28.259686959371084,1.6053126421536117,26.195063685105733,5.044892839952777,27.9820599789598,0.0035131032361829413,0,0
2026-01-02 03:05:00,28.435026083894602,1.9212838230922575,25.57659192099132,5.015038467877128,27.89674521325135,0.02597787699495554,0,0
2026-01-02 03:06:00,27.815450483465234,2.0503375026911765,24.41250698979917,5.037619710170019,27.991423409002923,0.010037450288201912,0,0
2026-01-02 03:07:00,28.529827354832822,1.3738768634620708,25.43743398755969,4.570511254532354,27.947023587955016,0.01870828995035543,0,0
2026-01-02 03:08:00,28.31712591138768,1.9192096295828587,25.58524946873214,4.729932294768053,28.036925793786647,0.03197399177136798,0,0
2026-01-02 03:09:00,28.449634863021622,1.8996551734243707,25.798817115473565,4.824585141247979,27.89367939436254,0.31971959097964486,0,1
2026-01-02 03:10:00,28.041985991727145,2.3847994703764,25.081540799616533,4.68250320145517,27.86502761746344,0.01977240795404656,0,0
2026-01-02 03:11:00,28.1178906081259,1.397556481826785,26.395505573172706,4.251791627387806,26.491571099298604,0.03976416980146094,0,1
2026-01-02 03:12:00,28.2994814886997,1.9265735820207857,25.605280562877986,4.367746854587121,28.133060740163973,0.009005251609659298,0,0
2026-01-02 03:13:00,28.27583998634129,1.9071896371847463,24.95009797521094,4.8804916402582155,28.069606935149977,0.013328423623960988,0,0
2026-01-02 03:14:00,28.335457227143255,2.426187987766823,25.272212954452833,5.117021568052671,27.92214725983925,0.0024173892974657697,0,0
2026-01-02 03:15:00,28.485212728967394,2.0878675920468415,26.941306029222705,4.803269668205897,27.911191607798024,0.010188458354272054,0,0
2026-01-02 03:16:00,27.977645810807463,2.7432110421830376,26.054572093328865,5.767687651648968,27.918101292018672,0.02732423613064284,0,0
2026-01-02 03:17:00,28.47594215553385,2.35628903276561,26.32143650810679,4.478083149445656,28.106847391570053,0.036510349633106676,0,0
2026-01-02 03:18:00,28.30729208920507,1.9892917327369726,24.856243659829268,4.955729749722994,27.90099413702302,0.010488991245589822,0,0
2026-01-02 03:19:00,28.274138330556198,2.223484047992234,25.100839983453465,5.251920913727305,28.10608486115553,0.03597662105040623,0,0
2026-01-02 03:20:00,28.050901027554296,2.0207586302749623,34.7136065380573,5.172986992407952,28.076428378894896,0.026893875259336803,0,1
2026-01-02 03:21:00,28.41099226945243,2.4488712950505427,25.706916173934708,5.029273401621117,28.14852723778405,0.00011315184853343332,0,0
2026-01-02 03:22:00,27.89049909349703,1.6835175898048291,25.453193654165123,5.174588890844738,28.12757836947857,0.02814208661564257,0,0
2026-01-02 03:23:00,28.446192086083922,1.861493197656717,25.22933347218532,4.8193880216801945,28.06511866987375,0.04649843009252495,0,0
2026-01-02 03:24:00,28.065187018200792,2.307574134873118,25.313946191453724,5.382008610687192,27.823758257995987,0.009058432642356631,0,0
2026-01-02 03:25:00,26.504886803691694,2.573697470607541,25.009616846568946,5.249105687223992,28.07321540510283,0.06109369869852531,0,1
2026-01-02 03:26:00,28.320391544930185,1.3689144955478798,25.436032301885614,4.501720339751309,26.465835431377467,0.014010671575339792,0,1
2026-01-02 03:27:00,28.55613992550039,2.6139347062999487,26.337481347428316,4.912548778172035,27.955209551347167,0.004683901122683236,0,0
2026-01-02 03:28:00,28.317068832637407,2.075467054148575,24.495176421834287,4.258446179665602,28.16346690972814,0.027491624223577465,0,0
2026-01-02 03:29:00,28.227703716301935,1.4552216795267017,25.792886602765968,5.332626140632498,27.981839719658833,0.03995956662596591,0,0
2026-01-02 03:30:00,28.26469608740638,1.0525041466632838,26.512227054340407,4.878481004361107,27.936466129966032,0.019952198278344893,0,0
2026-01-02 03:31:00,28.588049465090446,1.554878027361369,25.41357716649832,5.2720704954234545,28.134886740151234,0.030608786834746875,0,0
2026-01-02 03:32:00,28.45831638278641,2.068907064216462,25.16707636908002,4.76172487333126,27.951388877166664,0.06315526219524212,0,0
2026-01-02 03:33:00,28.2950247857015,2.037036375683983,26.179569283584676,4.150306375432141,27.930460813525276,0.028701770187724896,0,0
2026-01-02 03:34:00,28.32433273822841,2.26475058180891,24.83880652289408,5.723078639374497,27.864741507731942,0.0786847765247414,0,0
2026-01-02 03:35:00,28.087052795436083,1.8326551512439517,25.506870063519965,4.845880991515534,27.90157887743052,0.04776335042128825,0,0
2026-01-02 03:36:00,28.441115529086403,1.617910647046211,24.789694057247896,4.44992698180937,27.91187327913008,0.025927635743454216,0,0
2026-01-02 03:37:00,28.056260277883712,1.8408915068003118,24.20318435308546,5.201016800936811,28.074525702677853,0.03024767057355018,0,0
2026-01-02 03:38:00,28.50997659458006,1.9760786473941134,25.400376304526652,5.512550048435504,27.87771132335776,0.019250175411411254,0,0
2026-01-02 03:39:00,28.399218454780513,2.023128303310883,24.61674002346661,4.729146638940045,27.77705933489178,0.02949240320574384,0,0
2026-01-02 03:40:00,28.8069167194655,1.6434994054186445,25.487140398382206,4.76526515624556,28.03638757606738,0.03510804093148284,0,0
2026-01-02 03:41:00,28.180223852703108,2.211979419653325,26.269866513789502,4.883316182149053,27.923925844940285,0.017725300993133075,0,0
2026-01-02 03:42:00,28.360534764778976,1.6552802216828049,26.781204351242128,4.411160278956765,27.998047969854852,0.00016051618094242714,0,0
2026-01-02 03:43:00,28.70325331521292,1.5443095085223089,25.542420592455144,4.55826639264652,28.15388991709195,0.20680449648129992,0,1
2026-01-02 03:44:00,28.594340484115893,1.6345777374965413,26.18397143146137,5.423674052527757,28.00858536953904,0.042522681286079014,0,0
2026-01-02 03:45:00,28.25468183071562,2.176194061495913,25.743211203122893,4.753727746735169,28.18115453385074,0.0005076005237962464,0,0
2026-01-02 03:46:00,28.420204485970658,1.7291064756603274,25.189022600423936,4.506855057691176,27.991822375476158,0.028077839384650905,0,0
2026-01-02 03:47:00,28.379921413201483,1.5082096885895604,24.102972311160496,4.641785336272854,28.12083477776278,0.04348730796866432,0,0
2026-01-02 03:48:00,28.42976599729724,2.0513686208707744,26.581823950770502,5.175488290565547,27.934308732149542,0.041627114779921065,0,0
2026-01-02 03:49:00,28.25248577389621,2.4534889144461127,24.701722397477372,4.108436090206271,28.01292287804627,0.01250853667672681,0,0
2026-01-02 03:50:00,28.361187723056062,1.7536818718441505,26.396700356044654,4.889127464073847,27.888043839685544,0.04267810150596048,0,0
2026-01-02 03:51:00,28.088417140582276,2.0894870362263713,25.79704618452993,5.661776560764862,27.902296107129832,0.0252717507139498,0,0
2026-01-02 03:52:00,28.398975452065933,1.9983122357261156,24.730446539442244,5.51087191955116,27.9730400284453,0.03199618868020191,0,0
2026-01-02 03:53:00,28.454030826484825,1.4025543444379638,25.62428471066454,5.000620973286535,27.840575913452366,0.008449146073083693,0,0
2026-01-02 03:54:00,28.330254678657226,1.603597124864315,26.891010918688632,5.260754913515393,28.019123196608664,0.05162616718846389,0,0
2026-01-02 03:55:00,27.2784355114362,-2.4738662837866876,28.46487550041708,0.45738919967869623,27.963668802136656,0.011008086744913674,1,0
2026-01-02 03:56:00,27.744828829135283,-2.11486022288722,27.02282454406385,0.0,28.028149591734035,0.03465838782447642,1,0
2026-01-02 03:57:00,27.630052689214374,-2.2792673181110925,26.87500290778334,0.32367783117750737,27.84241708185694,0.021302218749070196,1,0
2026-01-02 03:58:00,27.431100210747672,-2.2168138487738216,27.435062901471532,0.6260040565755749,28.084207877278132,0.036703436002003806,1,0
2026-01-02 03:59:00,27.508422486283752,-2.3526264113773814,27.24044892144484,0.0,28.203713639856566,0.044910693666075266,1,0
2026-01-02 04:00:00,27.285764080180467,-4.181794641580775,28.18738073700328,0.20182780711855883,28.178383971910712,0.01905062813893462,1,1
2026-01-02 04:01:00,27.368074834308132,-1.9282964760119865,27.856399157607857,0.12651640683099313,28.228468783544187,0.017278919580562394,1,0
2026-01-02 04:02:00,27.452420720715622,-2.1663365177523737,26.14510739773982,0.0361075697409739,28.005091719349977,0.014363416860372048,1,0
2026-01-02 04:03:00,27.766738805197914,-2.7854003999176893,27.64160793876334,0.005121656982883159,27.95772065759961,0.002858126040286211,1,0
2026-01-02 04:04:00,27.426731325289463,-2.4007457019110676,27.185900756486834,0.08108449038565002,28.058510024784404,0.0008812676837967361,1,0
2026-01-02 04:05:00,27.653126458440592,-2.6764724869496606,27.3278411853832,0.1104502692473197,27.97141362770049,0.0350195055689349,1,0
2026-01-02 04:06:00,27.436869152070845,-2.0626615842852773,27.46660003735916,0.3915153525021124,27.791147542107,0.019230451773058092,1,0
2026-01-02 04:07:00,27.574111725014294,-1.9736257120377176,28.121799548623834,0.16678013212951298,28.098315941646717,0.015383778738425637,1,0
2026-01-02 04:08:00,27.499587316296736,-2.059994911807726,27.957370041260948,0.0,27.97187177445092,0.01332257715893521,1,0
2026-01-02 04:09:00,27.67759369716129,-2.423674201033682,26.73819871791298,0.0,27.823917666910617,0.01097834211161364,1,0
2026-01-02 04:10:00,27.419435728864237,-2.058283838358348,27.211973439138788,0.0,27.93900612816933,0.04162229735988632,1,0
2026-01-02 04:11:00,27.22776398055818,-2.304143493715705,26.92890111393308,0.09140813600766069,27.974600781699955,0.026680238747319663,1,0
2026-01-02 04:12:00,27.257050519767187,-2.5312486881158924,26.05532087594306,0.0,28.001419902188466,0.0428438865246696,1,0
2026-01-02 04:13:00,27.404916773715037,-1.8648388772002513,27.14568497600749,0.33105698105011766,28.002861399673304,0.014480951377537271,1,0
2026-01-02 04:14:00,27.270554672839925,-1.828268202401388,28.503089657017753,0.15051929923549937,28.164282369411342,0.03458920275194769,1,0
2026-01-02 04:15:00,27.563838162822318,-1.7709954729453272,26.002736013098737,0.40023459701995356,27.84537514130411,0.016291727996462238,1,0
2026-01-02 04:16:00,27.400666611627003,-2.303085160405626,27.173617241857723,0.0,27.98174269925199,0.019933487959361312,1,0
2026-01-02 04:17:00,27.90633598542679,-1.6630269543197747,27.140348872612595,0.0,27.89452433889075,0.04935087164337267,1,0
2026-01-02 04:18:00,27.16042396862896,-2.2328544768819123,27.370138157699092,0.3976200291936828,28.150740190149204,0.017982702836966315,1,0
2026-01-02 04:19:00,27.504083158982628,-1.8144049671221711,26.483788011187517,0.045483884833643934,27.932625507231325,0.03385413671275042,1,0
2026-01-02 04:20:00,27.258532081567598,-2.203795095008628,26.148986363961754,0.0,27.958740419498273,0.006676982191239324,1,1
2026-01-02 04:21:00,27.366810817718605,-2.084118595613386,26.170311614008256,0.24453117347833872,28.125963443843364,0.025649982811990792,1,0
2026-01-02 04:22:00,27.475070229248356,-2.8328839925678397,28.055649474871466,0.23150723352600447,28.158972978693264,0.003642441367572743,1,0
2026-01-02 04:23:00,27.02497909373057,-2.0699846720209854,26.42468299608371,0.0,28.176714824545655,0.3474876182852845,1,1
2026-01-02 04:24:00,27.480052805369038,-1.9104763367017705,26.751340247250475,0.4846257930801312,27.80282642852099,0.031937353698791984,1,0
2026-01-02 04:25:00,27.773780015189395,-2.0632244162413245,28.562652293505977,0.0,28.057949692322566,0.04491474031393179,1,0
2026-01-02 04:26:00,27.343432264466465,-1.2818072507061538,26.56371313321391,0.5950063167096666,28.032414033360602,0.010277910548500462,1,0
2026-01-02 04:27:00,27.465580537613167,-2.279632221650062,27.305563205725303,0.0,27.993852862534393,0.015478646940535032,1,0
2026-01-02 04:28:00,27.59704207003651,-2.045964018322393,27.798653695437192,0.11108960886810894,28.00798817333188,0.01340581161376183,1,0
2026-01-02 04:29:00,27.37677027940159,-2.1411201793054953,27.753004206588592,0.0,28.154292872675004,0.02042781609317828,1,0
2026-01-02 04:30:00,28.095427166064333,1.602678057351586,24.097825591581312,4.108667863248035,28.124630707245355,0.007649687625818042,0,0
2026-01-02 04:31:00,27.784085537923634,2.185409337839685,24.51842761199082,5.030372792318082,28.10762958719872,0.013829930835937546,0,0
2026-01-02 04:32:00,28.30282216421715,2.366021713350458,25.217192630060026,4.126622040639248,28.024829703817893,0.006231179289212189,0,0
2026-01-02 04:33:00,28.16081456286062,1.6274916779645874,26.34353375786734,4.697916598661541,28.272470893409967,0.024118683718532766,0,0
2026-01-02 04:34:00,27.99266574857732,1.6434204345828236,24.44776988226719,5.186496417200665,27.95192525872144,0.02233418658282884,0,0
2026-01-02 04:35:00,26.42698139988781,1.5147120231561122,24.62282813184383,4.614487407946736,27.80608462996907,0.03493814960981691,0,1
2026-01-02 04:36:00,28.05751343142769,2.399557710358288,25.249515234073314,4.483693046969568,27.968170718217568,0.04015949194882374,0,0
2026-01-02 04:37:00,28.061337355191267,2.3566665893957635,25.376957838428893,5.080124764696703,28.00692852938268,0.016908064046687668,0,0
2026-01-02 04:38:00,28.259517684052508,1.9483781124855453,25.406688836532837,0.5294100539653455,28.156382091726144,0.0035433075891925965,0,1
2026-01-02 04:39:00,27.903468106974216,1.5170901195949593,24.32530789968962,4.658229106858562,27.938682632378065,0.03225794758958064,0,0
2026-01-02 04:40:00,28.326953125694658,1.567643765480597,24.532503312099063,5.246247367009262,28.05894760888349,0.024823436350234502,0,0
2026-01-02 04:41:00,27.880987303823822,2.102850737295256,25.042903906445954,4.391452442695898,27.82273068707451,0.020348028503071526,0,0
2026-01-02 04:42:00,28.00750115074241,2.252368960373361,25.76272513433177,4.639137460585352,28.129770148351685,0.04696765078800905,0,0
2026-01-02 04:43:00,28.46722350850995,1.3526530820049483,24.699162641492386,5.10325645387442,28.00819832973471,0.03310986340605694,0,0
2026-01-02 04:44:00,28.318418975794177,1.977704681706005,24.83742664072925,4.368818425571669,27.966333271419096,0.0272121879557102,0,0
2026-01-02 04:45:00,28.12756871864918,2.669512452669637,24.121768787814858,5.4213715059076675,28.255798290890795,0.02794991542676106,0,0
2026-01-02 04:46:00,27.935319093647806,2.038449693884107,26.13100452205931,4.724103380226629,27.01595882372802,0.04029471074379644,0,1
2026-01-02 04:47:00,28.00407626216928,2.6458876808750937,24.921505251716173,5.106084583494328,27.875218974574857,0.012588047218395786,0,0
2026-01-02 04:48:00,28.10738821121278,2.3600359258377925,25.554675474758778,5.10535231230789,27.986872987041277,0.009156050932040676,0,0
2026-01-02 04:49:00,28.095935116262506,1.7601056439042229,24.80785370256621,4.74669922661315,28.328358344800517,0.020785570028508345,0,0
2026-01-02 04:50:00,28.06794146292375,2.0422477608811236,24.833245821551728,4.632345760853704,28.23745801438495,0.0037971551782953646,0,0
2026-01-02 04:51:00,28.074006638320252,2.1030396798882496,23.709932673129654,4.784962403316031,28.110755575634105,0.024182458681019765,0,0
2026-01-02 04:52:00,28.03637397357046,1.8164077406239565,23.24116452825952,5.0494394866216314,27.778354223565536,0.02674512243122141,0,0
2026-01-02 04:53:00,27.810962663523842,1.8103329814728544,25.609541469199435,4.4547513046136995,28.159858032637608,0.023761568137259034,0,0
2026-01-02 04:54:00,27.97326199782512,2.675451670620392,24.774321728549545,4.3788594939441134,27.92377778046781,0.018494481686596186,0,0
2026-01-02 04:55:00,28.226744329956215,1.8026064966617394,24.85061913213493,5.319470952613768,28.158822152101603,0.054754187540656765,0,0
2026-01-02 04:56:00,27.811857890791586,2.517056130939638,23.818187738332515,4.542800725348486,27.913279781733408,0.04193190052616786,0,1
2026-01-02 04:57:00,28.02025694893544,1.9801002132755483,24.046755957258835,4.923929358709941,28.058659545547563,0.023251482920210242,0,0
2026-01-02 04:58:00,27.90321752976134,2.1155405836392642,25.40885954882732,4.729228526885314,27.92316608482988,0.026674502918464654,0,0
2026-01-02 04:59:00,28.067394419983504,2.3112234625882104,25.86966995934211,4.744747036071805,27.956406362974064,0.04977419947737259,0,0
2026-01-02 05:00:00,27.974161454726772,1.893613355807916,24.20297474727995,5.300636402485676,28.074663596332954,0.014478021726802872,0,0
2026-01-02 05:01:00,28.307000292980835,2.2889296601173497,25.094180325214964,4.770190784284867,27.84173218919946,0.007619232480346409,0,0
2026-01-02 05:02:00,28.129402039420395,1.359553368920421,24.74341533921346,4.675110855123743,28.284690164089547,0.029084150451500524,0,0
2026-01-02 05:03:00,27.799437247784432,2.2139982748622105,24.512266058151408,4.705599527303788,27.876733423934557,0.03245030257241466,0,0
2026-01-02 05:04:00,28.153927948268443,1.1791448860605809,25.87923080020555,4.623789553322873,27.870021972873314,0.03379310022495875,0,0
2026-01-02 05:05:00,27.891417994131363,1.9455793090458307,24.251828419266317,4.565468257581235,28.075016052151433,0.03989999221212563,0,0
2026-01-02 05:06:00,27.924950480218918,2.304709883163837,25.423767595909986,4.625193597979441,28.155032936394708,0.011813607708237098,0,0
2026-01-02 05:07:00,28.083460318350383,2.2032750996020583,24.808455522866364,5.382123539511015,27.96115566801013,0.0003520942880816877,0,0
2026-01-02 05:08:00,27.936832233718896,1.5098713793383847,24.5158205793323,5.0490210894711485,27.871423693909467,0.014477787555334777,0,0
2026-01-02 05:09:00,28.184647478806045,1.532975286443798,25.474234664994842,4.679181207899115,27.889314530957467,0.03547314272809293,0,0
2026-01-02 05:10:00,27.883322793385393,1.6786718360510668,24.70309414889612,5.1435794721165875,27.876397651480122,0.008405859751552405,0,0
2026-01-02 05:11:00,27.910341368160072,1.9616486263612987,24.418678085189715,4.24448216951442,28.036981555623843,0.009809030836752837,0,0
2026-01-02 05:12:00,27.90283929799505,1.161592475270918,25.43796641609975,5.281487423100485,27.991601665590018,0.027596850061541747,0,0
2026-01-02 05:13:00,27.918623496249324,1.8440823337890324,25.3330243767034,5.253304519439423,28.051099913068636,0.014792488316329672,0,0
2026-01-02 05:14:00,28.21796413113517,1.9334150466404678,25.286105574809966,1.5183169802754142,28.04378433131289,0.006087609035179797,0,1
2026-01-02 05:15:00,28.133183332849853,1.7009369866951587,21.709467389383995,5.15404300367753,28.09891747459924,0.17875437178902048,0,1
2026-01-02 05:16:00,28.327899562858732,1.9594475730081287,24.725264151936162,4.95303209035281,27.95080671761567,0.018047091198827123,0,0
2026-01-02 05:17:00,28.428614427655095,1.8295928700781496,35.938273017295145,5.2518991347038515,27.91141543133507,0.055167688986521156,0,1
2026-01-02 05:18:00,27.835456993085888,1.5376519174241734,24.365197835803826,4.580966699019241,28.018755288204108,0.026599186133780345,0,0
2026-01-02 05:19:00,28.03442719054543,1.0258606493732327,24.802703720420045,4.661604227904247,27.993401198872014,0.03554952306814655,0,0
2026-01-02 05:20:00,27.811018547461984,1.7269875283858047,24.54452325383243,4.777514313541296,28.030354241723145,0.02468986377942945,0,0
2026-01-02 05:21:00,27.883964364873226,1.3240657970929797,24.822895872375927,5.279108535815137,27.91459444707685,0.014244459104096387,0,0
2026-01-02 05:22:00,27.9119319174243,1.4332650343233964,24.147178586538672,1.408942139851996,28.077066074734297,0.016222956138222097,0,1
2026-01-02 05:23:00,27.836685017386213,1.7822217338054585,25.369825559409172,4.463278405850619,27.858595206536705,0.044457256990776184,0,0
2026-01-02 05:24:00,27.839470117945158,2.0903418458996588,24.852735569368175,4.882788327372456,27.947153840872566,0.038460201102118806,0,0
2026-01-02 05:25:00,27.20488414012489,-2.0382967065949935,26.673649167316093,0.25113567397655295,28.135484959991963,0.0017953210384089,1,0
2026-01-02 05:26:00,27.014097590868424,-1.8492077369045912,26.62591268502896,0.0,27.86424220491726,0.0025250885871703904,1,0
2026-01-02 05:27:00,27.387144670269105,-2.565668458320599,27.076889094331236,0.2346462834701766,28.126029165479117,0.003524633934174227,1,0
2026-01-02 05:28:00,27.073021434930997,-1.9898705104140917,26.968483613810523,0.47893976971764135,27.830908075226606,0.04408179539691409,1,0
2026-01-02 05:29:00,25.199636588052556,-2.111130228581269,26.1609106657915,0.42016159271923365,27.8097728950841,0.006164731291122938,1,1
2026-01-02 05:30:00,27.16286622614521,-1.6728792381053894,26.91965839069497,0.12365246898488459,27.820736528796868,0.039156782365210537,1,0
2026-01-02 05:31:00,27.260314518236914,-2.3037383828147746,26.334910911110544,0.0,28.014016740069465,0.03217043265287625,1,0
2026-01-02 05:32:00,27.017611823736203,-2.209087515105204,27.541601624981173,0.607468272476595,28.08755149005315,0.027642635561221197,1,0
2026-01-02 05:33:00,27.561473457475486,-1.7622847172068254,26.954888279015904,0.005391398072007837,28.15511129246669,0.016486105656188476,1,0
2026-01-02 05:34:00,27.459668186895314,-2.1718153315347264,25.735327737272076,0.3291241168653216,28.145544490856413,0.04639510501100075,1,0
2026-01-02 05:35:00,27.31555685697108,-2.5327771970048163,27.791578788802745,0.6853985177149517,28.10352383019067,0.02704242633926295,1,0
2026-01-02 05:36:00,27.023809472633747,-1.255011017727353,24.67553414401919,0.29234382787047686,27.90018598577706,0.3902357057926135,1,1
2026-01-02 05:37:00,27.30843887392947,-2.5272942566245398,26.58004681949305,0.0,27.89913957592481,0.003196193710745865,1,0
2026-01-02 05:38:00,27.073103905034273,-2.172431817999017,25.633519653896332,0.0,28.094535078582343,0.004605639906673731,1,0
2026-01-02 05:39:00,27.54278043828061,-2.026741808769931,27.425473138986536,0.0,28.170557012796927,0.04660601559153963,1,0
2026-01-02 05:40:00,27.42995328198999,-2.0510165853933837,26.272027237753555,0.2483246932103788,27.87626309441076,0.0506365910373774,1,0
2026-01-02 05:41:00,27.30635996136917,-2.206013800598839,25.526586169365036,0.15567505339540463,28.15527992072669,0.0445529772420262,1,0
2026-01-02 05:42:00,26.855651035202836,-2.1975359103875114,25.88294266792537,0.7724787229122856,27.76955950380529,0.02242360193111762,1,0
2026-01-02 05:43:00,27.122330401216637,-2.206740502299162,25.55705089964906,0.15226970071649246,28.046791011272237,0.0006748170012816392,1,0
2026-01-02 05:44:00,27.428411536125996,-2.50515476671169,25.830142975908334,0.0,27.987543127866893,0.006027796374509058,1,0
2026-01-02 05:45:00,27.528319064510168,-1.3505321662765981,25.801589448155767,0.0,27.975497230619563,0.007200282368606804,1,0
2026-01-02 05:46:00,27.51514568476712,-2.1671599715939496,25.493363548593237,0.4131530822640706,28.00375253568396,0.02417752574904047,1,0
2026-01-02 05:47:00,27.034530853174502,-1.8668779162742704,26.1958231304088,0.0,27.897552377531028,0.04997396916933283,1,0
2026-01-02 05:48:00,27.381066819472675,-2.177229189105652,26.26831906770108,0.0,28.05352937218665,0.049903323578310774,1,0
2026-01-02 05:49:00,27.515363552152063,-2.167297714985068,25.28481120072496,0.007791211020344352,28.00728021769513,0.01620994897757439,1,0
2026-01-02 05:50:00,27.039935972396574,-2.1843809453246674,24.809282824357314,0.0,28.112237377880398,0.01525805206194708,1,0
2026-01-02 05:51:00,27.342954128245324,-2.5481708640986054,26.17566944080158,0.0,28.190846847599456,0.003994169423625522,1,0
2026-01-02 05:52:00,27.39967690764846,-2.0416891415238907,26.318358863984336,0.002167191754933277,28.015230029524975,0.046394816210266004,1,1
2026-01-02 05:53:00,27.302316433519646,-2.106767725986863,26.445268246213203,0.0,27.901753796075386,0.02916931682910582,1,0
2026-01-02 05:54:00,27.029186761680585,-1.5323242468618603,26.308129974158465,0.0,27.863452104721514,0.018598368178918225,1,0
2026-01-02 05:55:00,27.310117668206683,-2.3385520913185633,27.011492268538998,0.0,28.20379021817918,0.01734341904970823,1,0
2026-01-02 05:56:00,27.316033864381282,-2.0984745866801497,26.596913739444187,0.0,28.18844475887614,0.011484682483899788,1,0
2026-01-02 05:57:00,27.35453184379322,-2.1872232551501467,27.763316559353896,0.0,28.106484593257978,0.003332079701802916,1,0
2026-01-02 05:58:00,27.286018978149546,-1.3438249474318886,28.046457193743628,0.0,28.007182468255188,0.06229714145134726,1,0
2026-01-02 05:59:00,27.313975903010085,-2.128707721509584,24.63399821488421,0.0,28.097819867235817,0.05593269837575998,1,0
2026-01-02 06:00:00,28.192852869177543,1.9968049456541461,22.315439180613186,5.005304440591545,28.15653584572716,0.010206407032456918,0,0
2026-01-02 06:01:00,28.285923738300998,2.1639712815025387,23.83713061014403,4.870280018735602,27.925845162745663,0.006569690166863339,0,0
2026-01-02 06:02:00,28.15775934795974,1.7975675663406252,24.18423937345216,5.218150328746775,28.003575436269436,0.028042330209187966,0,0
2026-01-02 06:03:00,28.145078316281936,1.3908852414570507,23.767234919296623,5.460346186653161,27.867251735569106,0.022345573732821665,0,0
2026-01-02 06:04:00,28.241674885058615,1.4190192239686603,24.302045814820662,5.037063754872619,27.984512604924713,0.03630656159860048,0,0
2026-01-02 06:05:00,27.885491805318914,2.2206244728426077,23.60966415849758,4.957355458621658,28.185312825580294,0.040382924128028214,0,0
2026-01-02 06:06:00,28.323290427247958,1.501149918496579,23.302472907883725,5.0591180453032125,28.12942573461093,0.003939538633021891,0,0
2026-01-02 06:07:00,28.243444583725807,2.1015243608460334,23.397732066776015,4.963306085950755,28.016200816169196,0.04804392374980229,0,0
2026-01-02 06:08:00,28.25675955883462,2.025493930918827,23.62726908747738,4.817569770899307,27.676812026000643,0.018643082769115717,0,0
2026-01-02 06:09:00,28.42855523435449,2.1377212078112247,24.347592551908978,4.789735967778411,27.921304883747528,0.03594237748215975,0,0
2026-01-02 06:10:00,27.910056830389934,2.190030346136344,23.406279695812362,4.442415512578289,28.01228871578393,0.020293620351776426,0,0
2026-01-02 06:11:00,27.91213909024025,1.7163456551143812,23.534703271564222,5.093621844006694,27.97409038963818,0.04160482307880406,0,0
2026-01-02 06:12:00,28.32249728791188,1.7186658262619288,24.126236824052313,4.789046816549584,28.003932709754597,0.017521305003758855,0,0
2026-01-02 06:13:00,28.2776257724989,2.3260282606974894,23.578153276788157,5.307331641001724,28.02911079054917,0.03829000197997205,0,0
2026-01-02 06:14:00,28.315136731076006,1.869892536696724,24.489357458075073,5.120297566254861,27.93595830890884,0.010025448978587894,0,0
2026-01-02 06:15:00,28.20681712646896,1.140556919122752,23.054480147271903,4.580916932203408,27.999096286022656,0.026322357388566028,0,0
2026-01-02 06:16:00,28.41496912892516,2.3416422704640585,22.89328094138017,5.2363418664145644,27.98206679353998,0.04740465325803524,0,0
2026-01-02 06:17:00,28.468529714363136,1.7618228982743058,23.89270506384624,3.903740315223748,27.915615679881853,0.010543300434704497,0,0
2026-01-02 06:18:00,28.39291815832392,2.2963673379701426,23.953325404775644,5.475579010735235,28.221560519442402,0.0077197725058378505,0,0
2026-01-02 06:19:00,28.263869943045794,2.6270911514575377,23.05584159202902,4.331544152787617,27.942824973288268,0.01830438683848811,0,0
2026-01-02 06:20:00,27.936317679972984,2.150549573595954,24.59295221387583,4.973289262709804,27.7294948944746,0.01716873245924474,0,0
2026-01-02 06:21:00,28.458906026591276,2.496600704461131,24.991147235115434,4.949595658151635,28.213991903210317,0.006097072837460339,0,0
2026-01-02 06:22:00,28.544949666601788,2.203615977644354,23.19558477566122,5.193300901644612,27.89844688185911,0.026912892704733363,0,0
2026-01-02 06:23:00,28.445501678218072,2.7053870543060854,24.667721032399214,4.6849561174434555,28.107989001897284,0.027847069265679557,0,0
2026-01-02 06:24:00,28.17543043165978,1.7763451753139092,21.950783796241534,4.04906853484828,27.91829362851914,0.03333379250292198,0,0
2026-01-02 06:25:00,28.45917099062161,2.1418074704085015,24.363359892890177,4.685449231016805,28.06831337627114,0.010247729058811083,0,0
2026-01-02 06:26:00,28.496737283082272,2.375210065961113,23.001592884421207,4.7232931941251195,27.994222316800574,0.008007957314609977,0,0
2026-01-02 06:27:00,28.626209983591323,2.066225665749789,24.27736501998923,4.082782794183943,28.12003970047764,0.022865258686122825,0,0
2026-01-02 06:28:00,28.191526976698874,2.52779099792681,22.91345132071494,4.815880063136258,27.974355491403443,0.020589180977987485,0,0
2026-01-02 06:29:00,28.31188683209021,1.963364077375936,23.530777881714886,4.4234519789674085,27.9213616110914,0.020934898455062724,0,0
2026-01-02 06:30:00,28.49039354188702,2.8273887943946656,23.0041583643685,5.0271797860827085,28.030842382227547,0.012269866790633337,0,0
2026-01-02 06:31:00,28.369264379573472,2.83293227688955,23.414189581578384,4.71387209246072,27.954100992223957,0.030940718819944035,0,0
2026-01-02 06:32:00,28.16066395996462,2.174528962441911,24.837667498438297,5.4863832099319065,27.76849925759214,0.00803536533390704,0,0
2026-01-02 06:33:00,28.439069113680475,2.2535111020412053,23.474127783472497,4.710337470105831,27.92781991244278,0.022800852706876377,0,0
2026-01-02 06:34:00,28.47105218790875,2.460215432129275,25.020009006611605,4.950636943219418,28.344252277123054,0.01948536828814182,0,0
2026-01-02 06:35:00,28.384977993081044,1.6094565737517106,23.265993859186768,4.725424972739174,27.781435252895147,0.024397752708426906,0,0
2026-01-02 06:36:00,28.410715459825514,1.5465248332001442,24.573714943586314,4.231856134038857,28.028925978762512,0.04633485673723253,0,0
2026-01-02 06:37:00,28.326460042965465,2.4252183623317967,22.385065081746138,4.728350448201876,27.970852476608012,0.0013389999294053136,0,0
2026-01-02 06:38:00,28.64074343915857,2.0602110124806114,23.316218094668876,5.063694704410017,28.22037038742175,0.01804386377383136,0,0
2026-01-02 06:39:00,28.213941975063804,1.8630809889836004,23.13537723354924,5.010696431982737,27.866675402292923,0.014304553898490495,0,0
2026-01-02 06:40:00,28.271547658244717,1.9236002061723931,24.58108416284538,4.697356291760246,28.012156412353626,0.004276491210197936,0,0
2026-01-02 06:41:00,28.380225644808437,1.061358559208525,23.628557582471757,4.290135359079412,28.082343722063214,0.029224685225513233,0,0
2026-01-02 06:42:00,28.537225666152448,1.8060722817262613,22.031576491363744,5.02556050570665,27.978484639642623,0.05643431203114299,0,0
2026-01-02 06:43:00,28.11003435842975,1.585144226618397,22.57065420959105,4.946820304912221,27.907893633468444,0.03507478423599309,0,0
2026-01-02 06:44:00,28.144036933905657,2.1457398375757215,22.773551497916515,5.09519379884841,27.99733645997036,0.037008827093449326,0,0
2026-01-02 06:45:00,28.013208868607748,2.148260772434398,24.131081071401443,4.704060731667882,27.96286045073652,0.019861579158507548,0,0
2026-01-02 06:46:00,28.385775489409028,1.9774233161350268,24.035743401857122,4.210468822516654,27.962523699926773,0.03257471324970696,0,0
2026-01-02 06:47:00,28.17826648194959,1.8896999417436753,23.257113153507955,4.9868160640768435,28.11168548158654,0.017392472862087307,0,0
2026-01-02 06:48:00,28.309794921363064,1.203159546161686,23.07875355498555,4.79680003222428,28.048353949992755,0.03965777699965477,0,0
2026-01-02 06:49:00,28.49729632655399,1.9102520034629578,23.959663633100817,5.287089320690039,28.066212025277714,0.02840317955201179,0,0
2026-01-02 06:50:00,28.261787705801282,1.9005822307691984,22.663171667372957,4.810056561356246,28.03963554193995,0.024342543210078085,0,0
2026-01-02 06:51:00,28.41769733222589,2.0934596037425206,23.77001728534394,4.7840865887836745,28.115185647949847,0.025700705713345953,0,0
2026-01-02 06:52:00,28.320772407334367,2.3770583873755085,23.70638862989005,4.946039065153093,28.156511164068878,0.05137809149612464,0,0
2026-01-02 06:53:00,28.494007681986254,1.0221320217683134,23.24955684610857,4.591074125919604,27.965594411776436,0.028011957014399614,0,0
2026-01-02 06:54:00,28.45671322505577,1.458308272731263,23.7164547728154,4.57420249760675,28.098336268704895,0.00646703433314209,0,0
2026-01-02 06:55:00,27.444596606430032,-2.2847689863954637,25.506024569910785,0.0,27.844457404531187,0.031051436585646876,1,0
2026-01-02 06:56:00,27.536535778209938,-1.9827529137258753,25.779398740123433,0.0,27.729633283883835,0.3485963953268931,1,1
2026-01-02 06:57:00,27.752311993965357,-2.055410038540772,24.4941488239987,0.0,28.219168604073445,0.02239522261624629,1,0
2026-01-02 06:58:00,27.632590764979586,-2.1577324893404035,25.85515645044508,0.6788464751070449,27.95999698717198,0.02406214664271994,1,0
2026-01-02 06:59:00,27.3074773963194,-1.7305016239038555,26.140780373028917,0.36492180435422844,28.030296740795563,0.005808109878266351,1,0
2026-01-02 07:00:00,27.673895823692046,-2.4886038652378257,25.644150018593553,0.10781327948987748,27.85297410449244,0.02674736163583956,1,0
2026-01-02 07:01:00,27.35741874526963,-2.4789704297921205,25.837830327711924,0.5430870413342214,27.84743875436823,0.003139335760429643,1,0
2026-01-02 07:02:00,27.803479115652888,-2.4829931939826917,25.337701939184512,0.0,27.914446733012152,0.020486040194265937,1,0
2026-01-02 07:03:00,27.729960850158875,-2.258984436302398,26.036415877172427,0.8716539544579983,28.07714772757861,0.012952190048583551,1,0
2026-01-02 07:04:00,27.59402132131452,-2.569610079765745,25.456165421319582,0.0,27.938014863926504,0.04269231184064007,1,0
2026-01-02 07:05:00,27.56618991157993,-2.161682734634016,24.60511493083585,0.7013320634282127,27.959705146011835,0.052898977615330856,1,0
2026-01-02 07:06:00,27.496140262500994,-2.206004231499699,25.981178866846275,0.699791066722877,27.910658670551978,0.004402162143722483,1,0
2026-01-02 07:07:00,27.651615475312962,-2.425067079356362,24.261651508065132,0.0,28.13989457071724,0.024916832463880146,1,0
2026-01-02 07:08:00,27.458298436179447,-1.8439686005370153,25.60219885094438,0.513482250099635,28.104223601090087,0.019413531379740674,1,0
2026-01-02 07:09:00,27.562846085859775,-2.168907848279254,25.134169214680437,0.0,27.941902210268566,0.033359891413057285,1,0
2026-01-02 07:10:00,27.672649955717077,-1.7727561361431412,25.088482573935604,0.0,28.082093951846844,0.02673234986859834,1,0
2026-01-02 07:11:00,25.735466662324868,-2.207870952118151,25.521781472681724,0.18362334205774516,27.970571559750518,0.018027242010672153,1,1
2026-01-02 07:12:00,27.394886652214318,-2.1413379915842783,24.904279846522755,0.0,27.959494090554873,0.026687509400823137,1,0
2026-01-02 07:13:00,27.285668936094332,-2.3214881907369738,25.758891601677853,0.17569898077069743,27.994034707036164,0.02113627735712133,1,0
2026-01-02 07:14:00,27.303780373259265,-2.11704420539213,25.439844494211204,0.0,28.077188075785045,0.05360442283279782,1,0
2026-01-02 07:15:00,27.160888843940526,-1.8538279341783381,24.96789423401146,0.06197774774163654,27.89293605821272,0.010714383472532616,1,0
2026-01-02 07:16:00,27.615874063324256,-2.2341301316888735,26.336812550408226,0.46737690268155174,28.06028735410608,0.029634760718028383,1,0
2026-01-02 07:17:00,27.804511423996935,-1.8943595768752228,25.543695218998018,0.1352812774013586,28.299738516776028,0.034173402496383155,1,0
2026-01-02 07:18:00,27.7297718055783,-2.344562125283098,25.842342233492488,0.0,28.021974541642624,0.03289258994680046,1,0
2026-01-02 07:19:00,27.174733978862093,-1.777462731727881,39.489630119077525,0.18949388879327198,28.00428617103318,0.019637988489411666,1,1
2026-01-02 07:20:00,27.592037466678732,-2.2279427029494667,26.382295573784962,0.0,27.98989987952874,0.04962893081902753,1,0
2026-01-02 07:21:00,27.71160220197373,-1.7076368826721984,25.808975027412654,0.0,28.05738539940027,0.012599905857585608,1,0
2026-01-02 07:22:00,27.3673889275141,-1.964129952629845,25.192392289235645,0.0,27.80675153621126,0.0053091471179675075,1,0
2026-01-02 07:23:00,27.46180647872495,-1.4319812402881928,24.40476123004452,0.275397586141344,28.20413011674618,0.03694425895346484,1,0
2026-01-02 07:24:00,27.076003355202353,-2.3462815292655033,25.551711048763813,0.1420295638375001,28.117742434516483,0.00915806306243407,1,0
2026-01-02 07:25:00,27.479269182215845,-2.4363689208231443,26.174882849626247,0.18730825907546964,27.92265809542036,0.008106820976066575,1,0
2026-01-02 07:26:00,27.23361040687456,-2.112149110627401,25.658512805308984,0.0,28.003785667614483,0.01659047948331977,1,0
2026-01-02 07:27:00,27.45474942661225,-2.3573829235982346,23.001274245950768,0.0,27.933118216020187,0.010858420132757838,1,0
2026-01-02 07:28:00,27.131539639279946,-2.332667798385926,26.02368896974987,0.5208409277992675,28.03590820286704,0.03646760219039098,1,0
2026-01-02 07:29:00,27.503996389812414,-1.60687199964949,26.06902864036089,0.0,28.007362103618604,0.04127928611731645,1,0
2026-01-02 07:30:00,28.384412281576807,1.7985374223055604,23.208628488590023,4.946663632397037,28.027436026718192,0.02658967594799909,0,0
2026-01-02 07:31:00,28.052745715484818,1.6565264239639474,24.114012615054794,4.760763371396187,27.876601413937394,0.0439832746784862,0,0
2026-01-02 07:32:00,27.982797770072178,1.7132736762791194,23.86458085415035,4.997047608462129,27.94221477927933,4.417899642170792e-05,0,0
2026-01-02 07:33:00,27.793100728952826,1.6637359092719883,22.948165685337344,4.5880795551740725,28.137526949548022,0.0263659787370146,0,0
2026-01-02 07:34:00,28.126994405693654,2.47410228327261,24.32111587514624,5.168437006310468,27.93594503692029,0.04926316274522405,0,0
2026-01-02 07:35:00,28.064056419849265,1.6622800524889194,22.547324676584225,5.282397270542578,27.682780655818103,0.04258340446436301,0,0
2026-01-02 07:36:00,27.883392401430154,1.4796109607473766,23.398008927556145,5.146963078873729,27.98192435377816,0.05085329344329831,0,0
2026-01-02 07:37:00,28.237997434928253,2.242932763095272,23.331867942314847,4.855168864090777,28.289378933255428,0.014379178037101887,0,0
2026-01-02 07:38:00,28.0693906072173,1.9099572743098832,22.867819325548737,4.6477061638637105,28.101865319533793,0.04150941683953949,0,0
2026-01-02 07:39:00,27.950744468456367,2.7192956293886272,23.662304708132968,5.787739124350845,27.929902503286744,0.017318029519570278,0,0
2026-01-02 07:40:00,28.0386133411861,1.840803689812338,24.37109606177647,4.452931409333311,27.99392778674745,0.03571275226973468,0,0
2026-01-02 07:41:00,28.325405630192467,2.3392248925755252,24.331611174808753,5.108430343102047,28.081583124399156,0.04859578279567741,0,0
2026-01-02 07:42:00,28.235316054122293,2.4388697546268463,23.969275360837187,4.916474710826818,27.78924978665078,0.010706782829363213,0,0
2026-01-02 07:43:00,28.097688502508237,1.893336222491649,22.280247001764533,4.778111895237448,27.897272920608323,0.008403744451060902,0,0
2026-01-02 07:44:00,28.226934022022213,1.8301408816261016,22.53707155268374,4.864807028906905,28.04780162503957,0.31316000076378714,0,1
2026-01-02 07:45:00,27.901035847850387,2.3625871771503713,23.593564249354063,4.621424643823544,28.191338388857307,0.0337862899397022,0,0
2026-01-02 07:46:00,28.11044115056889,2.3157900874745825,23.458450543723618,4.949469440135837,27.94728121819911,0.023072567945885348,0,0
2026-01-02 07:47:00,28.12586329686283,1.6308008138495513,23.13908908864872,4.910888570086024,28.188042084711707,0.022083869587292096,0,0
2026-01-02 07:48:00,28.00962808305758,1.7379173079966523,24.826960948335373,5.737178628023811,27.909481168559967,0.012731453784835957,0,0
2026-01-02 07:49:00,28.167563434913717,1.251853002464796,23.5729855394663,5.1747877752793165,27.593738480589916,0.02875716164128689,0,0
2026-01-02 07:50:00,27.943820208420423,2.353068112446854,23.88437916112095,4.9805589702442425,28.089257300829992,0.01544982528911253,0,0
2026-01-02 07:51:00,28.171324218255105,2.0564431457813854,24.202179939940905,5.001445626658369,28.06484787316129,0.025944547283031208,0,0
2026-01-02 07:52:00,28.174296072193012,2.0930341421153345,23.55524534820433,5.44383817942351,28.08834211401615,0.025545272031429214,0,0
2026-01-02 07:53:00,27.54543005741357,1.5577813552610347,25.33679342384376,4.460350702340905,28.0836525846488,0.03579965867592033,0,0
2026-01-02 07:54:00,28.28048895804589,1.7637468397976312,22.87121903921656,4.73604353968338,28.023010006531372,0.033819371030586715,0,0
2026-01-02 07:55:00,27.513538138475088,1.9773970941556254,23.111812539025863,4.132501410312445,27.968942178020406,0.02840145093817474,0,0
2026-01-02 07:56:00,27.947269239750685,1.904289544144861,22.88281986706577,4.995570844756665,27.97351739472037,0.030818860104136137,0,0
2026-01-02 07:57:00,28.2389395871789,2.1741124071344733,24.643545041586993,5.096860812690505,27.944751831799486,0.021698444904216026,0,0
2026-01-02 07:58:00,27.99366162639465,2.3287281934195114,24.118180790140034,4.451539981717808,27.951953108367167,0.02588062068967403,0,0
2026-01-02 07:59:00,27.783437865847326,2.9089423154545266,23.182999731122823,5.302278006300246,27.78267582912891,0.02811055148637492,0,0
2026-01-02 08:00:00,27.8472427562098,2.0961029308137324,22.966525819479436,4.548392002581324,27.854283046368078,0.029936735509992034,0,0
2026-01-02 08:01:00,28.225912467623104,2.4805540824781964,24.548142506375466,4.680136161844203,27.98038944422489,0.03356055162917893,0,0
2026-01-02 08:02:00,27.692346256167394,1.7853132918194305,23.839525911621806,4.8418480704670115,27.73109596231868,0.030089729063554463,0,0
2026-01-02 08:03:00,28.238780215797494,1.4738694786757167,24.581406720640164,5.357968726965935,27.759059221237678,0.05829511890218121,0,0
2026-01-02 08:04:00,28.023188528350364,1.9198248533121063,23.559922278664008,4.499630763671686,27.959886139184594,0.01193173038121327,0,0
2026-01-02 08:05:00,27.8162241687789,1.4657730621343026,23.96815603189108,4.901936493877989,27.9846002900434,0.018250817108241592,0,0
2026-01-02 08:06:00,27.923849114052388,2.0108604468115554,23.828435675312836,5.071193214177348,26.299679791658544,0.05547321575355127,0,1
2026-01-02 08:07:00,27.84387251333281,1.7123127989035896,23.189732627425535,4.998964557287819,27.71441112023763,0.02221715326002472,0,0
2026-01-02 08:08:00,28.181267305424857,1.2803200616109547,23.534181813483414,5.011890361573346,28.18628742679287,0.04176948145208845,0,0
2026-01-02 08:09:00,28.155770437625225,2.5499666261275955,22.814679127267432,5.066525077760879,27.82765231985464,0.027439087691725615,0,0
2026-01-02 08:10:00,27.713285600360113,1.7315604505771016,23.9983102095557,4.605847046388207,27.901820671542982,0.02089938694498571,0,0
2026-01-02 08:11:00,27.949105166293037,1.3233063185054776,24.194187360330208,5.390722925390613,26.25324422433143,0.04275246801871818,0,1
2026-01-02 08:12:00,27.86561263961174,2.1871292184637707,24.363436321264007,4.761097710639651,28.15588370356594,0.03433160603309283,0,0
2026-01-02 08:13:00,28.253270265275916,1.5936955584472732,24.146046165253104,4.714653128956158,28.05057041464486,0.0026121770752671504,0,0
2026-01-02 08:14:00,27.777091809873806,2.205972877602182,23.59898847535389,5.271668925459814,27.943210825462177,0.028122877032153958,0,0
2026-01-02 08:15:00,28.308761238843303,1.543311982862686,24.784513961390335,4.57930159659306,27.93476129248783,0.007088889861272287,0,0
2026-01-02 08:16:00,28.014116598023513,1.5862710425975768,24.332276014033983,4.912097366744657,28.021551188089333,0.04788074682255477,0,0
2026-01-02 08:17:00,27.811290277804815,1.8719805129809495,24.68929316622976,1.130459366391525,27.850413483853096,0.05656462074725417,0,1
2026-01-02 08:18:00,27.89907670571204,1.9348576914602253,24.74298572635051,5.6817325354057555,28.045688728257552,0.05873149959983728,0,0
2026-01-02 08:19:00,27.877460356288196,1.972496233533259,23.64906160489109,5.608029080854376,27.9341626195118,0.03143524345896439,0,1
2026-01-02 08:20:00,27.79330329209501,1.648883551280756,24.01851380330371,4.761415656497209,28.062356701833608,0.016691782329620375,0,0
2026-01-02 08:21:00,28.04100226661938,1.8426580274675761,24.299329539515107,4.981950010725186,28.0582867013784,0.03079165022485806,0,0
2026-01-02 08:22:00,27.80432197014579,1.8966549654481342,22.962987694548225,4.801819931766583,27.92876660579686,0.008084958339746592,0,0
2026-01-02 08:23:00,27.634506977158228,1.6847274560167802,22.988874448006584,4.67799017905706,27.75367461769734,0.06721897840796123,0,0
2026-01-02 08:24:00,27.960468062314202,1.5443448220551323,22.878720290077055,4.841871024687053,27.970380971386856,0.046498426554639746,0,0
2026-01-02 08:25:00,26.906341212903317,-2.5308288952711777,25.723163549312517,0.0,27.826063234073303,0.030481474319656206,1,0
2026-01-02 08:26:00,25.284341918051112,-1.8334194747876493,25.57621756113211,0.0,28.009436162307203,0.04294688551929825,1,1
2026-01-02 08:27:00,27.071923297675724,-2.0453398942176846,24.815384985793965,0.09205816254795657,27.969211375974403,0.01614896575249547,1,0
2026-01-02 08:28:00,27.0813981787015,-2.2205693120850953,25.935827431925006,0.0,27.929440614414414,0.005056754358355817,1,0
2026-01-02 08:29:00,27.60124279157162,-1.6429449231371809,25.775371276935115,0.10927015982173784,27.844532526338867,0.014838561032121729,1,0
2026-01-02 08:30:00,27.254269509409323,-2.6028506628442134,26.681004341532173,0.0,28.14241470148387,0.026495021705193425,1,0
2026-01-02 08:31:00,27.291518124311,-1.5391652058269951,27.273755381628224,0.0,27.945558124608617,0.021253220372503146,1,0
2026-01-02 08:32:00,26.93102154359848,-2.132309996620437,26.19551939425053,0.30621852109649444,28.282402103653823,0.03434720705967681,1,0
2026-01-02 08:33:00,27.136663576957865,-2.0217384182272893,25.39979545690663,0.18659704129794238,28.00419155313478,0.025235308608009144,1,0
2026-01-02 08:34:00,27.29691253774026,-2.2778689442821918,26.351673282735252,0.48861655497749096,28.042190723402175,0.033529934702356386,1,0
2026-01-02 08:35:00,27.07769679591424,-2.728158232937438,25.917102571847433,0.17315541756531577,28.004705463325642,0.039599501208917885,1,0
2026-01-02 08:36:00,27.429685243247306,-2.196946127841919,33.5544736450085,0.0,28.040988607582022,0.0012832598663017544,1,1
2026-01-02 08:37:00,27.054033450476854,-2.0326260720442058,25.33099572801447,0.21586898416455247,28.131122479967377,0.040640194780419664,1,0
2026-01-02 08:38:00,27.223415588861645,-1.913107883215776,25.621060450745258,0.0,28.132507159689453,0.017681555439564872,1,0
2026-01-02 08:39:00,27.174067195659806,-2.2173942828325113,25.8335462164052,0.736287961055775,27.788007074541277,0.034316419373062984,1,0
2026-01-02 08:40:00,27.313875948945167,-2.91207165797582,26.532938433003928,0.09603305032214851,28.102659687953643,0.04340008284690146,1,0
2026-01-02 08:41:00,27.173892721507404,-2.6791849748005183,26.339943580903643,0.7645595629440137,28.05965673023076,0.043523696338377424,1,0
2026-01-02 08:42:00,27.245437801714587,-1.414662912386151,27.272365453366305,0.0,28.004307063910463,0.02732475069389587,1,0
2026-01-02 08:43:00,27.256841860855225,-2.5069019434186184,26.478815113993495,0.0,28.205506110817087,0.02821256488012862,1,0
2026-01-02 08:44:00,27.172424736107587,-1.6151106058209868,26.31617910387763,0.12804165243251012,28.210332018203072,0.041054420176428255,1,0
2026-01-02 08:45:00,27.397316896329478,-2.4300392494207115,25.817281523447615,0.12688715996833067,28.108551552386697,0.002021170887409992,1,0
2026-01-02 08:46:00,27.358405026169276,-2.1540227187990157,25.317962773614692,0.11838567105293045,27.934775921472568,0.007871577010953892,1,0
2026-01-02 08:47:00,27.305142683432397,-1.8569808729023876,25.65787751141777,0.06503917113766822,27.856902024284928,0.019973378895605458,1,0
2026-01-02 08:48:00,27.2493049042232,-2.347168745220393,25.57960190254573,0.0,28.090528015860016,0.001009706602585994,1,0
2026-01-02 08:49:00,27.475948738678735,-1.4858551321449764,24.28960822237375,0.0,28.163144027026092,0.020109098247305585,1,0
2026-01-02 08:50:00,27.295986210314826,-1.998470738066346,25.38902074424493,0.09910269482774008,27.75656106861441,0.019125718951565514,1,0
2026-01-02 08:51:00,27.28917142920384,-1.8444270420974798,27.229493766371604,0.0,28.130355367647983,0.02656791855810111,1,0
2026-01-02 08:52:00,27.369229481332805,-2.079134195288311,26.378912933579326,0.0,27.969416135517758,0.023976098276074435,1,0
2026-01-02 08:53:00,27.66183966172681,-1.733762946519081,25.870331802283147,0.0,27.78291965987027,0.044248273529333845,1,0
2026-01-02 08:54:00,27.121311778208987,-1.3897803661290764,26.42589790471008,0.1507306448649341,28.056327538627595,0.03531408450087602,1,0
2026-01-02 08:55:00,27.507317568769917,-1.9656571283321038,24.792698138176995,0.6957157330397025,28.109126398416862,0.023721437042122075,1,1
2026-01-02 08:56:00,27.034178032804327,-1.291073597773718,26.370722661788957,0.34274075613882776,27.957838161103908,0.0190012776066784,1,0
2026-01-02 08:57:00,27.420294045092973,-2.0868276247189046,27.080723395486263,0.5016261554951783,27.873117444207622,0.02414395402161134,1,0
2026-01-02 08:58:00,27.67095874369563,-1.5812769715629282,26.114971707968373,0.22878159064007508,28.205450911227313,0.024462501227644432,1,0
2026-01-02 08:59:00,27.481678424997664,-1.653224748125377,24.972681674707115,0.12839880163030615,27.91976356164233,0.07033761323593334,1,0
2026-01-02 09:00:00,28.230712514137164,1.4259962745611738,23.936682749774974,5.677026610199632,28.139136678090203,0.0012354898295214405,0,0
2026-01-02 09:01:00,28.105401005021896,1.8992481624335067,25.135334499762084,4.337000535137663,27.81843396097752,0.008327049224230203,0,0
2026-01-02 09:02:00,28.21814466136188,1.8512886635836536,24.434342922784047,4.655369389262014,28.04992060571845,0.005687333175490108,0,0
2026-01-02 09:03:00,28.173443816615574,1.5741518300893236,23.273975112730245,4.682687080646156,28.046500858919018,0.029846890308884745,0,0
2026-01-02 09:04:00,28.083575368745166,2.021773926503891,25.93765944686286,5.112744957475412,28.10480992078107,0.029134120239379644,0,0
2026-01-02 09:05:00,28.17907906119457,1.9709083913019658,23.416214592584108,4.457428134809869,28.17915800718809,0.01468470771710825,0,0
2026-01-02 09:06:00,28.273132713259958,1.9169523935190078,33.51058140693483,5.0672003626518105,27.90236443460375,0.04113011800817697,0,1
2026-01-02 09:07:00,28.105446868872423,1.9403129328045197,23.594928917829083,5.00287744111929,28.062492972626213,0.03165382356003251,0,0
2026-01-02 09:08:00,28.104483996323818,1.9539681518583556,23.60955044152765,5.084671602231379,27.83601191382298,0.04188580566409428,0,0
2026-01-02 09:09:00,28.0107792402209,1.8770299708661464,24.031924899232287,5.078328066395784,27.834650205943284,0.0466621783523965,0,0
2026-01-02 09:10:00,28.33189413049462,2.0739175966455305,24.80743855497152,5.338411872821409,27.930599850212705,0.013358807946931193,0,0
2026-01-02 09:11:00,28.365587373968932,1.8177604553333266,25.27922998829289,4.782776687971919,28.049119272712744,0.03734110013238274,0,0
2026-01-02 09:12:00,28.314911475716215,2.9899840109315843,24.119284393240942,4.985555268322046,28.20122413841741,0.0017789114968556584,0,0
2026-01-02 09:13:00,28.45263749511319,1.582537127849491,23.69626319586473,4.542207750052982,28.22307347078007,0.029489427243423363,0,0
2026-01-02 09:14:00,28.30032105597599,1.885505523362205,24.752188035581142,4.462321746406351,27.95741304051093,0.023687871907706846,0,0
2026-01-02 09:15:00,28.360561968725836,1.926099154722622,24.786504933768185,5.417690074611261,28.03666413503114,0.02445615247519519,0,0
2026-01-02 09:16:00,28.350076204176737,2.828750611218296,24.612994684889667,4.515758424425023,28.11316065583486,0.0033168159937197496,0,0
2026-01-02 09:17:00,28.284177519129457,1.6624672216062517,24.651558668097785,5.02445922693351,28.091845922617075,0.04354875765496179,0,0
2026-01-02 09:18:00,28.210253416349307,2.2819425849984407,24.39356038257175,4.9858649798276184,27.97966519077126,0.0017710904075048522,0,0
2026-01-02 09:19:00,28.709366536401163,2.2265414269628874,24.554882954317428,5.211243313018045,28.009132604554626,0.03850960500470674,0,0
2026-01-02 09:20:00,28.234350593369946,2.2614435201903635,24.3728442099635,4.219629772990323,27.98677828939654,0.000774026996081964,0,0
2026-01-02 09:21:00,28.200585521142912,2.5808027702927245,25.26299325279767,5.111922447391164,27.974995126458904,0.024678591108867047,0,0
2026-01-02 09:22:00,28.403160274903637,2.5753270653681644,26.087564755481786,4.779688797754681,27.95903074878087,0.057479042888298894,0,0
2026-01-02 09:23:00,28.374814958814056,1.9919519001746426,24.66721640713196,4.590031808538159,27.985640981198596,0.06750934986950963,0,0
2026-01-02 09:24:00,28.08090359001607,2.2159887707017933,24.550668176417794,4.712213870883863,27.951302310211016,0.00413693944344708,0,0
2026-01-02 09:25:00,28.53997008558289,1.4922470023010226,24.74817252746529,5.162869775464351,27.86374988075184,0.012318311748700156,0,0
2026-01-02 09:26:00,28.324886912086058,2.1742860571792755,24.122314225392422,5.055934181063775,28.10350963396572,0.01559209648760858,0,0
2026-01-02 09:27:00,28.14565546184866,1.854973480962133,25.13212117597919,4.755226789698074,28.061950928069407,0.06559096450337683,0,0
2026-01-02 09:28:00,28.563207903643605,2.059280500012195,24.919221372693126,4.401312387575752,28.225191249180234,0.023770120620678167,0,0
2026-01-02 09:29:00,28.465270260195464,1.5246977635188683,24.329812877730944,4.4260093910809255,28.044342162432315,0.04434395355203448,0,0
2026-01-02 09:30:00,28.128267014130575,2.244814191676231,25.26931333025047,5.063560555973631,27.949964782155288,0.030394728414984785,0,0
2026-01-02 09:31:00,28.678823477960997,1.4963641069428073,24.66486215759487,4.352790151020962,27.924827754396755,0.0034141749459978346,0,0
2026-01-02 09:32:00,28.480366454639764,2.1277033761394115,23.986208501100773,4.758645929114492,28.005683928081943,0.008476437854929693,0,0
2026-01-02 09:33:00,28.36260288156316,1.6308237313591971,24.925023993510447,5.738375244582966,28.066345019605073,0.013964348508645377,0,0
2026-01-02 09:34:00,28.653132478833943,1.745756067363096,24.858420117252333,4.960846293429533,27.970634727497178,0.06670371799186159,0,0
2026-01-02 09:35:00,28.397818272830797,2.4291318992810997,25.378412148321733,5.059787221398252,27.823569103775522,0.029637038680887955,0,0
2026-01-02 09:36:00,28.3661352194144,2.211496119372135,25.301763843618243,4.428637654846785,27.911318762493025,0.04397873127524323,0,0
2026-01-02 09:37:00,28.254173084384938,2.3876928406663187,24.656749389474122,4.370444420339644,28.002163001897426,0.0005283661104761306,0,0
2026-01-02 09:38:00,28.47938630980495,2.5102195433505177,24.41623698155485,5.078537712963318,28.088834039178334,0.019146005519570575,0,0
2026-01-02 09:39:00,25.43813283409103,1.6718642775776138,24.76136952176656,4.701176803886799,27.8217011485946,0.039019190625398575,0,1
2026-01-02 09:40:00,28.379907820722345,2.444347132018297,25.0278750916494,5.210767518547286,28.0318100140746,0.005358994747234034,0,0
2026-01-02 09:41:00,28.23605070867731,1.3835460948733387,25.12555372135442,4.850096633168581,28.02653434363092,0.023848586956009124,0,0
2026-01-02 09:42:00,28.402401314916183,2.133904208876933,25.011235674764336,6.044726974942545,27.94581082056472,0.009164209895295688,0,0
2026-01-02 09:43:00,28.366997747609584,1.6760423852260307,24.749987828286734,4.6346880646403275,27.929569333689866,0.039875818910570265,0,0
2026-01-02 09:44:00,28.13986497149128,1.4988097158866873,25.524517653750998,4.9361960352163,27.911641151034647,0.03217329782429019,0,0
2026-01-02 09:45:00,28.115073776761644,2.0150644535565556,24.367907367947147,4.5220490180943855,28.01689675640384,0.03730093753722041,0,0
2026-01-02 09:46:00,28.481617957049195,2.106318267998778,26.588620387296306,5.196228003728351,28.135218239529735,0.04067935064441085,0,0
2026-01-02 09:47:00,27.911221632337465,2.0716333499902713,25.400250765082916,4.989179337856,28.143734138738917,0.020901853542299804,0,0
2026-01-02 09:48:00,28.415987836019315,1.8024318693269619,24.08986743327296,4.498583551304986,27.86512235833378,0.0430581709945107,0,0
2026-01-02 09:49:00,28.292193301977793,1.749711980929281,25.021713598240066,4.7239502870603,27.97756261831973,0.014382733296560885,0,0
2026-01-02 09:50:00,28.61274978478058,1.864696254830985,25.44581547057564,5.315142170725184,27.736778823721846,0.03626296182584743,0,0
2026-01-02 09:51:00,25.471288111329326,1.7639596013544867,24.673198631210184,5.273098186880359,28.01310211732254,0.010477159041730431,0,1
2026-01-02 09:52:00,28.49336038929502,1.8251594968800282,23.883910200217226,4.3399615262570235,28.071717750415736,0.011565588592794199,0,0
2026-01-02 09:53:00,28.301582613846094,1.6859280689071308,24.2158523201658,4.671910624693727,28.188515342266477,0.06668445766446929,0,0
2026-01-02 09:54:00,28.391664840560633,1.8892495002748615,25.335278200134496,5.472488864703939,27.78562511352106,0.03599778286114878,0,0
2026-01-02 09:55:00,27.701775247307072,-2.5944983956829417,32.760744747877325,0.0,27.869432809362326,0.036004243957533454,1,1
2026-01-02 09:56:00,27.483633064883595,-2.0890761459408824,25.96628614302381,0.09919788009224054,28.017296416225076,0.010169873234211566,1,0
2026-01-02 09:57:00,27.74381806158538,-2.5444469617630436,27.369005860552782,0.39442617083102693,27.805793396023045,0.005304211792299705,1,0
2026-01-02 09:58:00,27.38291731045468,-1.9789580576006456,26.849753394890858,0.0,28.020665458102158,0.020241517043696262,1,0
2026-01-02 09:59:00,27.61195727837511,-1.5154875888454695,26.530728052658503,0.0,28.074760305408457,0.023791687276701574,1,0
2026-01-02 10:00:00,27.721959722783012,-2.269038565005993,26.683616538386115,0.0,27.846245473125634,0.05946040936804374,1,0
2026-01-02 10:01:00,27.671455405830415,-2.070039705600685,26.012430406712095,0.45661826694933744,28.015910244405816,0.04334090959497107,1,0
2026-01-02 10:02:00,25.15919861249899,-1.8597439988758016,27.393102923117794,0.39191787188830407,27.854534687798193,0.026960701682745725,1,1
2026-01-02 10:03:00,27.40820398187157,-2.8565728068215877,26.501302998647446,0.28691822851548415,28.165051104272596,0.026182830470858696,1,0
2026-01-02 10:04:00,27.293595070406464,-2.3223421729470632,26.702665563748713,0.0,28.024797531095224,0.038646533693604435,1,0
2026-01-02 10:05:00,27.358907680232296,-2.017102232808775,27.33215907008792,0.43034940818789275,27.923192316523956,0.0012616744208491862,1,0
2026-01-02 10:06:00,27.652645730564647,-3.162030817358942,26.921394506589742,0.0,27.851423034364,0.009584298382408485,1,1
2026-01-02 10:07:00,27.619107292229444,-2.4916697620329233,26.61930586139297,0.23728880433034266,28.04669796322363,0.03838098545596857,1,0
2026-01-02 10:08:00,27.543444705419155,-1.7644864987732325,25.731388946732682,0.35421364138811184,28.16295226025229,0.026296227949392247,1,0
2026-01-02 10:09:00,27.31831124030531,-1.7970337482211418,27.392528065871964,0.6288870236287263,27.907419530895776,0.0013819048945420027,1,0
2026-01-02 10:10:00,27.653737882542806,-2.0136713339747385,27.2018588548476,0.015286395396360656,27.94724264007137,0.0127078552609391,1,0
2026-01-02 10:11:00,27.29037220558152,-1.8308343302164867,26.79552426098491,0.0,27.909743115915017,0.041089602343109835,1,0
2026-01-02 10:12:00,27.714412270240484,-2.0575832986557905,26.442543953637276,0.4882763769759281,28.186659108526257,0.015612007056364861,1,0
2026-01-02 10:13:00,28.01499363878991,-1.9301261314935667,27.188579309456834,0.5151484025388794,27.77096314372389,0.03220469230313403,1,0
2026-01-02 10:14:00,27.561346673944854,-2.225056714298923,27.52679072978781,0.0,28.154271186736025,0.020252319527075728,1,0
2026-01-02 10:15:00,27.59495946441839,-2.0625744523018246,27.26959760565057,0.0,27.954736229386345,0.02438369848406859,1,0
2026-01-02 10:16:00,27.39579012290026,-2.311492785639804,28.358407422070893,0.46166206315813924,27.99140618561605,0.014339486971912918,1,1
2026-01-02 10:17:00,27.153068408626403,-1.6335845932985429,27.71558648315177,0.0,27.95912384203394,0.023622819561327797,1,0
2026-01-02 10:18:00,27.364723110408203,-1.5275548955913214,27.157514891405842,0.0,28.02875210577786,0.03538731825506573,1,0
2026-01-02 10:19:00,27.27070804341709,-1.5601609494166755,27.759661218200723,0.0,27.912424149407226,0.02003688663797997,1,0
2026-01-02 10:20:00,27.201102802043916,-2.16781372997754,27.287065411395314,0.03585390050520403,28.12700597639052,0.019009175906103862,1,0
2026-01-02 10:21:00,27.76564784854671,-2.3395457520801504,27.29465356455994,0.0,28.131879645135292,0.22061267411727575,1,1
2026-01-02 10:22:00,27.4987299772917,-1.5385309612190667,28.18036962489645,0.07765251843201287,27.88199091522679,0.03713523817835279,1,0
2026-01-02 10:23:00,27.511889705718453,-1.7739475260680664,26.65404873023185,0.09326453102276806,28.080096035864084,0.004525176150195671,1,0
2026-01-02 10:24:00,27.38180007861187,-1.82735330554326,27.30865668101517,0.0,27.957220736772026,0.024479640846680754,1,0
2026-01-02 10:25:00,27.40013987714023,-2.1414782798947867,28.134662492018272,0.7117124627087499,28.006196018807373,0.015572269422997994,1,0
2026-01-02 10:26:00,27.59867028097589,-1.74749074011309,27.527557819816412,0.15041642350255655,28.183018107682113,0.025246923567244093,1,0
2026-01-02 10:27:00,27.412994442023038,-2.252616412667898,27.062198170208458,0.39497116278262456,27.919115899846204,0.0508114039876531,1,0
2026-01-02 10:28:00,27.508081074118394,-1.6267887607083633,26.135364683047793,0.0,26.69806776930485,0.0314614115262354,1,1
2026-01-02 10:29:00,27.371001135794348,-1.3418044209482782,25.749443902576996,0.0,28.054855021474275,0.06395640836121558,1,0
2026-01-02 10:30:00,28.13841247966823,2.370865940367779,26.80089139988589,4.961021913727124,27.976716623265894,0.02895270153523221,0,0
2026-01-02 10:31:00,27.940473540785213,2.0723981847488786,25.572266806599295,5.449200191297095,28.04408842810346,0.022003746840749905,0,0
2026-01-02 10:32:00,27.831449003499973,1.365003042968623,24.956066077989895,4.446522477359666,28.029809430798025,0.024645715610911435,0,0
2026-01-02 10:33:00,28.13410373441987,1.9418346376173194,25.618009260903506,4.850181826275448,27.860997602547435,0.027567337295468647,0,0
2026-01-02 10:34:00,28.18511824638597,2.645361684956149,24.718351786545618,4.367716314356288,27.927193138765638,0.030811325703176476,0,0
2026-01-02 10:35:00,27.93723992141237,1.615692993509178,25.158077799635056,4.548482090274871,27.87456971380491,0.007144587620809158,0,0
2026-01-02 10:36:00,28.15637041994657,1.9216442745579507,24.739314900693827,4.867588961582873,27.966805747421358,0.020803116553577625,0,0
2026-01-02 10:37:00,28.16612952013035,2.459048570105395,33.07566682805972,4.627586075323033,28.161404235528185,0.011960870015757583,0,1
2026-01-02 10:38:00,27.762303834862255,2.201468615207371,23.940166027028848,4.343066633890613,27.226683446572043,0.04353319690858601,0,1
2026-01-02 10:39:00,27.9796545023062,2.8737795518721496,24.302920669486173,4.335228808284895,27.82808931069997,0.00966203524669721,0,0
2026-01-02 10:40:00,28.211743875073765,1.768471379260283,26.143662152808435,4.1398971651875165,27.96719587755048,0.02782425432617731,0,0
2026-01-02 10:41:00,26.318346095201765,1.696715904651357,24.745276557127138,4.966804331125107,28.028034983310317,0.0023270561743242955,0,1
2026-01-02 10:42:00,27.9191259192944,2.488544591459397,25.81770380007503,5.009153358900898,28.089290617636745,0.03278028409406626,0,0
2026-01-02 10:43:00,28.149613842667918,1.6572462438673154,26.11996893180377,5.0073937027915845,27.92190795544984,0.017819711725393095,0,0
2026-01-02 10:44:00,28.299528419263424,2.021294354308124,25.4688079097817,4.481788470747165,27.851508181148294,0.0077023021927708005,0,0
2026-01-02 10:45:00,28.24987313261836,2.080132600623701,25.254940299423502,5.152082951700963,27.99323885154707,0.04196015001242803,0,0
2026-01-02 10:46:00,28.08746309077551,2.477174231889782,25.563636393447812,5.0473725336288,28.06828356052377,0.020294969469735726,0,0
2026-01-02 10:47:00,28.015109540976894,2.33950813790721,25.18531583712802,4.802553042325749,28.028181578395984,0.024434449262786928,0,0
2026-01-02 10:48:00,27.980916647407145,2.292842500665205,26.32596205000603,4.745109939859263,27.89383870233501,0.03744142917154426,0,0
2026-01-02 10:49:00,28.173388495365117,1.9987526969310159,26.802919488624152,4.57280958583741,28.210554256417637,0.04978117083506054,0,0
2026-01-02 10:50:00,28.11941694542214,2.569934120232952,26.510178038972292,4.867256641875053,27.988142135212776,0.003982822356555716,0,0
2026-01-02 10:51:00,28.192849211953803,3.557121078333438,23.995022303412,5.366036731861299,28.023245232808243,0.015711570626298937,0,0
2026-01-02 10:52:00,28.098698779679186,2.3917355240797042,25.20084655868093,5.19824981546578,27.92056391179334,0.04450575449753878,0,0
2026-01-02 10:53:00,28.21789634700158,2.184672062098076,25.51516642924927,4.710326351729822,28.132780959803746,0.045722332653265675,0,0
2026-01-02 10:54:00,28.083260587346455,1.6938306235316398,25.84172549981368,4.988517511621025,28.06862162710613,0.04805338337532114,0,0
2026-01-02 10:55:00,28.203355969142287,1.9215642062932687,24.313633958085642,4.4144994826673845,28.03775961149927,0.07110846455519063,0,0
2026-01-02 10:56:00,28.214906163016785,2.064804922315041,24.307351274444,5.0555235120918205,27.86180142120256,0.01584352814685011,0,0
2026-01-02 10:57:00,27.909562147572043,1.9457596966098079,26.447360068157035,4.509200000067123,28.131283627194193,0.03170287438186996,0,0
2026-01-02 10:58:00,27.725307308503357,2.1188871070139776,25.145906066455304,5.041589446447185,28.090828356757235,0.018774438995181872,0,0
2026-01-02 10:59:00,28.325180056774464,2.7368835430872607,24.500623698576955,5.83917526666604,28.121792007704705,0.010552047590105355,0,0
2026-01-02 11:00:00,28.09031399884701,2.5396173124037857,24.773613602518598,4.600495648685505,26.11467945452434,0.02337994755965319,0,1
2026-01-02 11:01:00,27.732461972096093,2.0345716996303738,25.823683249539858,5.82298115823331,27.991016660337205,0.010898560795505378,0,0
2026-01-02 11:02:00,27.90972956216678,1.6529057831293037,24.978590587394663,0.9599762191486814,27.978148854190344,0.01562508656160324,0,1
2026-01-02 11:03:00,28.1744991902509,2.5281793639329324,25.72736838827353,4.537631028358318,28.273479753317304,0.001426846124472695,0,0
2026-01-02 11:04:00,27.982765076574058,2.025961433949169,24.87681064879405,4.521590341642955,27.934906447849336,0.03289942842564726,0,0
2026-01-02 11:05:00,27.938684272781092,1.4207005144294669,24.34450138807268,5.627734462746936,27.85765061878919,0.0109865268602017,0,0
2026-01-02 11:06:00,28.280968561923206,2.2550753797749277,26.565861020461067,4.972546039646084,27.955209260090577,0.007133744609425313,0,0
2026-01-02 11:07:00,27.838461208382018,2.3444620819633313,25.850712497967518,4.601846500341956,27.936024760542754,0.04058185593758847,0,0
2026-01-02 11:08:00,27.881679164874452,1.11524710524793,25.34136933305833,4.7287887861349835,28.15118162037671,0.014132472608271636,0,0
2026-01-02 11:09:00,28.061982997376603,1.653763700330013,34.488275694682656,4.950771522198133,27.837280912166033,0.017222161976194097,0,1
2026-01-02 11:10:00,28.093016492227502,1.8810481462062894,26.60594623415422,4.796947763675439,27.932645098236073,0.007400369255437796,0,0
2026-01-02 11:11:00,28.11109349380785,2.153551893493968,25.997091799852235,4.921064701195959,28.022862779708664,0.04568337136569005,0,0
2026-01-02 11:12:00,28.18500890685612,1.6922577871677547,26.388123660773683,5.420763813828996,28.152195142556177,0.029869342009048224,0,0
2026-01-02 11:13:00,28.056182622675905,1.5574609196451505,25.178932044969265,4.4052102674030635,28.08557587679166,0.013964407639236662,0,0
2026-01-02 11:14:00,28.108198760145473,2.0789240031985443,25.62497414639202,5.0256206147173685,28.194282082073865,0.009452639933324736,0,0
2026-01-02 11:15:00,27.973342333323284,1.6360871693400425,25.872865412643495,4.774485838361254,28.04149514809454,0.07019141564134826,0,0
2026-01-02 11:16:00,28.03139534571917,1.965304361881605,25.20792406505232,4.62533412887945,27.975565662390636,0.06062861349858979,0,0
2026-01-02 11:17:00,28.039794623362884,1.3622589354228718,25.52757364237688,5.175260958726479,28.102666783380663,0.050975836261050594,0,0
2026-01-02 11:18:00,28.059703723281135,1.253914351481043,25.187219732139216,4.2885010278603515,27.83594068809743,0.012342909516391169,0,0
2026-01-02 11:19:00,28.160808912991413,1.9678711306136936,25.87621622853823,3.9717483246481065,27.794813797090686,0.015982950251512987,0,0
2026-01-02 11:20:00,28.122660827207874,1.7686749184470416,24.672853486575693,4.878586555166752,28.11715163134976,0.032211977184835115,0,0
2026-01-02 11:21:00,28.031892492389947,1.9805016815561491,25.998989665739558,4.751637091044486,28.025268019116865,0.008910634611445676,0,0
2026-01-02 11:22:00,27.879704091980933,1.449277402702437,25.816717661124684,4.326503462332014,28.11568045737334,0.0071908141208128495,0,0
2026-01-02 11:23:00,28.03915372118239,1.336241401650468,25.457336638256507,4.201306626335238,27.897715307438265,0.051254054109235433,0,0
2026-01-02 11:24:00,28.02376662578564,2.070526772336959,25.914575150580657,5.475721682184082,28.154174056492934,0.02400747351506423,0,0
2026-01-02 11:25:00,27.265628012624912,-2.5580112307883507,27.344541675386917,0.1620551967858879,28.08044306526555,0.004842358231506753,1,0
2026-01-02 11:26:00,27.630281461463248,-1.6051191814474304,27.130821629695095,0.0068760030751229655,27.996265554218123,0.04214801206367746,1,0
2026-01-02 11:27:00,24.40697959824697,-1.5979240412982496,27.980260916563704,0.768335718135804,28.024881750015048,0.014669830258206751,1,1
2026-01-02 11:28:00,27.314229095108715,-1.7747724337692246,28.01012822351271,0.35772187257294846,28.041631347272403,0.010628381979257563,1,0
2026-01-02 11:29:00,27.433392605389365,-2.3308957813479214,27.243521485100295,0.6192468696890719,27.897192139620426,0.004573375029042398,1,0
2026-01-02 11:30:00,27.261755771856688,-2.388892234178426,27.18269279670096,0.0,27.95379825383382,0.015703118253721348,1,0
2026-01-02 11:31:00,27.668163464142832,-2.1880974367540773,27.46879335165436,0.0,28.03973468169342,0.028959269073379364,1,0
2026-01-02 11:32:00,27.182726164428427,-2.5777782359893617,27.20934301308768,0.21597633229060567,27.94898393007013,0.028091277134885843,1,0
2026-01-02 11:33:00,27.312713001030115,-2.4694626802670605,28.66202949559702,0.14507472633352606,27.8236697350574,0.04709986375225747,1,0
2026-01-02 11:34:00,27.114373030270052,-1.9139465021684323,27.814505441507954,0.4373817124809562,28.03538665174467,0.020733408126269934,1,0
2026-01-02 11:35:00,27.198837547912788,-1.9174105235758163,27.601546334928976,0.0,28.100324100871276,0.2913348032180083,1,1
2026-01-02 11:36:00,27.311042035285467,-2.5154338526661295,26.936600086683995,0.24625909559007556,28.128224155470857,0.04741083952868794,1,0
2026-01-02 11:37:00,27.42285356715443,-1.9131441121016572,28.104809532137352,0.34624402169710305,28.063877267624623,0.36669493969863415,1,1
2026-01-02 11:38:00,27.33239856344162,-1.9907806324477517,27.157231108667567,0.3276602233839855,28.098196870102797,0.021157762693485165,1,0
2026-01-02 11:39:00,27.506197163735653,-1.61962247427691,27.1260976502254,0.0,28.11850108838799,0.030256532457660634,1,1
2026-01-02 11:40:00,27.26720447434974,-1.9454849589006404,28.121346239955166,0.18151531005862676,28.00955869808619,0.016444199594746467,1,0
2026-01-02 11:41:00,27.22939059907036,-1.7691001353895683,27.848966462317,0.0,27.745729998120172,0.004081086483546232,1,0
2026-01-02 11:42:00,27.780915973897642,-1.965892623877731,25.822581609530122,0.0,28.139173746001006,0.0645502504462292,1,0
2026-01-02 11:43:00,27.37030805427483,-1.7815391607043602,27.46154002543022,0.0,27.89280180497888,0.015246008739026741,1,0
2026-01-02 11:44:00,27.17510785416188,-2.565068921003433,27.656658640589473,0.0,27.86429477414267,0.03030986884526844,1,0
2026-01-02 11:45:00,27.185032522795346,-2.1457194513133753,27.327724168194685,0.0,27.867591105602056,0.002276254081561631,1,0
2026-01-02 11:46:00,27.1458127340829,-2.1038071192739003,27.674174368699465,0.0,28.298149351850316,0.038256129062434995,1,0
2026-01-02 11:47:00,27.489675677632185,-2.1611162451897057,26.291448836708387,0.0,28.052865722361318,0.003294560355587027,1,0
2026-01-02 11:48:00,27.26119949152557,-1.9047403683062367,25.572659548380603,0.0,27.875006031007274,0.05520325446618365,1,0
2026-01-02 11:49:00,27.355496058803304,-1.8210975505871365,26.867523232362117,0.6863835259606538,27.917990028106193,0.05735338108695202,1,0
2026-01-02 11:50:00,27.32700481280249,-1.8876856864153844,27.743735153161676,0.0,27.99991300290492,0.03518150300457901,1,0
2026-01-02 11:51:00,27.476045574441873,-2.0676551967298367,25.284338775529594,0.11548795073593028,28.065088453324762,0.027067867817331646,1,0
2026-01-02 11:52:00,27.197971339233813,-2.2429772704274153,26.9468073424145,0.0,28.033515080551858,0.20733472398593583,1,1
2026-01-02 11:53:00,27.162851047286317,-1.5802999210203765,26.18667456497969,0.4751771965182958,27.888567227076656,0.024144207895432614,1,0
2026-01-02 11:54:00,27.402949410945485,-1.8199513392616904,27.357924915930333,0.058506227670396205,28.03805758524139,0.0323662322405146,1,0
2026-01-02 11:55:00,27.476915999265934,-2.2762219006037765,28.89328361504617,0.0,27.926657462845085,0.026615411280689553,1,0
2026-01-02 11:56:00,27.434804658184763,-1.9642637141133141,27.36556173125303,0.0,28.1256298024857,0.04267068671166287,1,0
2026-01-02 11:57:00,27.2354832053743,-2.482923978983795,27.43700304037085,0.3042934502181191,28.00675559227417,0.00847063373671152,1,0
2026-01-02 11:58:00,27.50939110630251,-1.836330870314417,28.094226948434773,0.0,27.90887990826136,0.05250548321938109,1,0
2026-01-02 11:59:00,27.259823123716334,-1.893847745719948,27.516031158220898,0.0,28.08267449515084,0.01739214230003998,1,0
2026-01-02 12:00:00,28.10612304393845,1.5989365673756297,25.344815518580084,4.758320656839582,28.045989396374203,0.011574178545159044,0,0
2026-01-02 12:01:00,28.03637027495649,2.3790248322416803,26.13799792362451,4.754286121569057,27.9430161160597,0.03152699626176918,0,0
2026-01-02 12:02:00,28.446764668031307,1.4440566434962885,25.813546571924654,5.6768591872874445,28.08761104650662,0.03267794494167522,0,0
2026-01-02 12:03:00,28.332831000773098,2.1200066248750313,25.678988126791417,4.681842285343154,28.075494053237676,0.006260061681374322,0,1
2026-01-02 12:04:00,28.333949965795007,2.661820930862107,25.373374242281223,5.146579447221579,28.14421866380914,0.016340023835384444,0,0
2026-01-02 12:05:00,28.455754727785685,2.2967508164648205,25.221692054739307,5.4340800152875826,28.08521662385874,0.01409689953591469,0,0
2026-01-02 12:06:00,28.743700969030165,1.9313192513423105,26.099221749798645,5.034714930025951,27.974326374351733,0.01283727243624022,0,0
2026-01-02 12:07:00,27.935885242504114,1.5673910231768993,25.214791924996696,4.564164375051531,27.797136418872345,0.013612421093122865,0,0
2026-01-02 12:08:00,28.116706939489177,1.5087499806770588,26.305156337362227,4.350429344904569,28.022397591381605,0.03035429773101722,0,0
2026-01-02 12:09:00,28.144711543836074,1.8616817450672325,24.703091473571664,5.0608970989499715,28.04101650701196,0.01081967638784673,0,0
2026-01-02 12:10:00,28.108416093769733,1.7845254065204228,26.43240948620626,5.375758828279757,28.006143633022567,0.015081140405903333,0,0
2026-01-02 12:11:00,28.073464202246193,1.7912890115253,25.75170890220825,4.9910870834351915,27.63869507172937,0.048469978783482706,0,0
2026-01-02 12:12:00,28.21927504422368,1.9458909795021522,24.735681042978992,5.231706853877652,28.081459595002485,0.460925481305925,0,1
2026-01-02 12:13:00,28.05991813766994,2.0400172812523643,25.762170901577885,5.70718146670833,27.890553969036535,0.008423720292664513,0,0
2026-01-02 12:14:00,28.344812507458194,2.2599873320701165,24.94276114696681,5.093080999536716,28.08228673738531,0.04334662127665043,0,0
2026-01-02 12:15:00,28.29930569785715,1.6698802145127032,25.413318331855674,4.414778496972128,28.204082167019106,0.03198053126997859,0,0
2026-01-02 12:16:00,28.381970627219435,1.8757925875581425,25.04108468735629,4.817871267926559,27.96966429028513,0.006298197190987918,0,0
2026-01-02 12:17:00,28.392045843919618,2.068629120110506,25.280350923619462,1.7012239855171245,28.052618083897855,0.010758935377031424,0,1
2026-01-02 12:18:00,28.414342579029444,2.06444996300516,26.02391883101719,4.712927073168196,28.003933334355402,0.029500988703261753,0,0
2026-01-02 12:19:00,28.243605456930315,2.7823518017912954,25.71926668822641,5.326996958184536,28.06307002958241,0.0308241931226026,0,0
2026-01-02 12:20:00,28.697507582217636,2.225969021007623,24.559808792815012,4.776572085704063,28.012413412558598,0.005617762039160729,0,0
2026-01-02 12:21:00,28.36264111011137,1.5833262291930974,24.59101925295169,4.917021597331392,27.937962362659825,0.027410684867691465,0,0
2026-01-02 12:22:00,27.989791251210153,2.296150266012051,25.51921944599545,4.677240635879652,27.891406933861948,0.07127713459093418,0,0
2026-01-02 12:23:00,28.149053529823036,2.3407690924170765,25.560766248793644,4.855837719112376,28.190855886418927,0.05367648411245479,0,1
2026-01-02 12:24:00,28.020475530560923,2.104287853493237,24.839152943523022,4.874356599719339,28.052626358166773,0.011193886219356861,0,0
2026-01-02 12:25:00,28.341008233008647,1.7199938775110535,26.415786328250984,4.237010325754149,26.55997814554188,0.006841920062555514,0,1
2026-01-02 12:26:00,28.31991699531961,2.7549226475563113,25.861786383465414,4.6454423475966236,28.04788754833868,0.04827366770400359,0,0
2026-01-02 12:27:00,28.261306433365586,1.7584104109498633,24.844785789160856,4.368377169601295,28.117092173685936,0.006913573645932078,0,0
2026-01-02 12:28:00,28.711193463292,2.355784621343954,24.76733624570754,4.6575119874140745,27.892483926128705,0.04284020980670357,0,0
2026-01-02 12:29:00,28.451465574642,2.1845956013770866,25.103549386794814,4.52169268061718,28.009981773336357,0.0742455790826475,0,0
2026-01-02 12:30:00,28.486582277741537,2.313392583484977,25.02070372876965,5.154137411682451,28.06065833375504,0.03715752810042391,0,0
2026-01-02 12:31:00,28.191337338885027,2.6875634238528328,26.122176334545372,5.158189977979928,28.15512035149447,0.04631224692909142,0,0
2026-01-02 12:32:00,28.181936847894267,2.272377369011716,25.921779135274097,4.996102954016717,28.320769131940068,0.04422453982282722,0,0
2026-01-02 12:33:00,28.37106317221312,1.8645682094518565,25.24679299077923,4.356322769074808,28.04890223464509,0.014972230109606622,0,0
2026-01-02 12:34:00,28.398034378959423,2.4302277259554383,25.68629545034884,4.76565282797526,27.92066791118173,0.03022343007774481,0,0
2026-01-02 12:35:00,28.035008589660862,1.8040908558748474,25.777249047164744,4.328482690876956,27.856522829595864,0.007784158290485236,0,0
2026-01-02 12:36:00,28.33873490882021,2.062970142290715,25.231243007206345,4.748447314917116,27.891422231965677,0.048218706533720804,0,0
2026-01-02 12:37:00,28.375560080186126,1.5328924796760983,25.461478649957733,5.026597408530245,27.90710566667928,0.005467714787647144,0,0
2026-01-02 12:38:00,28.335926380890875,1.6026666174071986,25.584654615328663,5.147236513020286,27.65187010812174,0.03761779287906785,0,0
2026-01-02 12:39:00,28.229656293909684,1.9603431597292014,25.49901948791749,4.965495672950665,27.918921398552822,0.04537092430343584,0,0
2026-01-02 12:40:00,28.28014906279639,2.048537398167292,34.47828177153638,5.240465047404914,28.086008884160577,0.016150437224646822,0,1
2026-01-02 12:41:00,28.34641359753038,1.3006363565940986,24.660933143622252,4.89091473542811,28.009047968702575,0.01202207972814092,0,0
2026-01-02 12:42:00,28.395357945416098,2.0468196705864545,24.9219795808592,4.718253904796396,27.968965047963533,0.021945527013554327,0,0
2026-01-02 12:43:00,28.48842401390587,1.5619104435266216,24.617898182804183,5.105781178394794,27.805365681911354,0.00893623141196655,0,0
2026-01-02 12:44:00,28.574444465754596,2.2723055712953615,24.06986338056274,5.117266635061836,28.126049197550238,0.027815156701515863,0,0
2026-01-02 12:45:00,28.327017409765094,1.6768124499114279,25.562575847141225,4.6165399055867,28.06141759491045,0.008494537436141359,0,0
2026-01-02 12:46:00,28.29778223356267,1.3823174398470637,25.320177781765725,4.932643790499524,27.998448202647584,0.009797992528009988,0,0
2026-01-02 12:47:00,28.458339550282943,1.7778210099497145,24.128326883754877,0.527634505400919,27.735697694514347,0.034844252157850426,0,1
2026-01-02 12:48:00,28.48896602612024,1.4065486578362356,24.885343823590063,4.096991819229858,27.941107299565843,0.03611604705165523,0,0
2026-01-02 12:49:00,28.300092174386883,2.1476577249656463,24.913000003626284,4.9540372722396615,28.05204620620292,0.019716742102167426,0,0
2026-01-02 12:50:00,28.519536221396105,1.6804785224725995,25.157290141468845,4.3469172363733195,27.996571914723905,0.00463562782609624,0,0
2026-01-02 12:51:00,28.55239192954016,1.604555356840824,24.260428611328503,1.6325930584620536,28.02303256818044,0.04607549122181176,0,1
2026-01-02 12:52:00,28.60715679454824,1.8428153096507924,24.05774188148755,4.262642794243577,28.082253539388184,0.016928775410513158,0,0
2026-01-02 12:53:00,28.693124868478463,1.2627966537982742,25.357028684922774,4.54811652304274,28.018568677042587,0.06212167033742726,0,0
2026-01-02 12:54:00,28.21523526797443,1.1430713823326584,23.90705393472799,4.64824041939251,28.077961003959047,0.022616856307757914,0,0
2026-01-02 12:55:00,27.571646349421314,-1.8820526105857152,26.805492775583318,0.420603669608971,27.89877410916576,0.027443992973118524,1,0
2026-01-02 12:56:00,27.56892307921338,-2.4280151774637337,26.727559109061854,0.0,27.853267389231636,0.01722847424821849,1,0
2026-01-02 12:57:00,27.546784940039817,-2.4451042427293954,26.85689805652628,0.0,28.057283281872795,0.02938136504351484,1,0
2026-01-02 12:58:00,27.444915602804024,-1.7829391528350413,27.10741336834542,0.1275207786977578,28.08188901538458,0.08757821239095592,1,0
2026-01-02 12:59:00,27.291529406133012,-1.9063907118998875,28.036756437541968,0.0,28.062276855499313,0.018718558159550328,1,0
2026-01-02 13:00:00,27.57256687296642,-2.5419492311830756,25.785292467539513,0.27669619622726865,28.0157903414466,0.047973913323886445,1,0
2026-01-02 13:01:00,27.41434463858953,-2.331275531234176,27.505660174497503,0.0,27.961115087436003,0.026631406916629886,1,0
2026-01-02 13:02:00,27.564705589594478,-2.440820393679589,25.120596681200006,0.07379885874892243,28.02531832086623,0.04612827960614843,1,0
2026-01-02 13:03:00,27.402695221481697,-1.5111580263890998,27.841699303147408,0.8643483788545152,28.04551599263986,0.00977396315626853,1,0
2026-01-02 13:04:00,27.343903433397227,-1.8224998545468858,25.423029432411923,0.0,28.05271569371468,0.06000798531138909,1,0
2026-01-02 13:05:00,27.580061704629255,-2.291978409656119,28.545394940436797,0.06535564339521983,28.31285674679544,0.031138458031407627,1,0
2026-01-02 13:06:00,27.5609319434111,-1.946414522108673,26.553908259100734,0.0,27.889503545739746,0.020180405713611287,1,0
2026-01-02 13:07:00,27.633751918898724,-2.624451954532474,27.7167893312581,0.0,28.38711917489775,0.04125957817650214,1,0
2026-01-02 13:08:00,27.918493984637788,-2.385212942373006,27.55915634545666,0.16090224571496942,27.849181468980607,0.027590381849735786,1,0
2026-01-02 13:09:00,27.57035562476255,-2.1113805202992357,26.481383293005802,0.0,28.04628024716927,0.004338226429973512,1,0
2026-01-02 13:10:00,27.60301648781512,-1.986401951353203,26.52173442315002,0.21505153621027276,27.856618890288637,0.01861903596129979,1,0
2026-01-02 13:11:00,27.3168580263625,-2.173714198126303,26.174137622533504,0.14872854002880748,28.03674925328768,0.05786905702433207,1,0
2026-01-02 13:12:00,27.274158006116096,-2.0460650519533257,27.29785695355532,0.0,28.11785473898245,0.020988706759408764,1,0
2026-01-02 13:13:00,27.785564023043936,-2.097096588114781,26.436780147961336,0.3553571989186861,28.00390992158116,0.013967272683365633,1,0
2026-01-02 13:14:00,27.329159107173982,-2.171830006912522,26.146392508930337,0.0,28.116769651475824,0.01536610024001612,1,0
2026-01-02 13:15:00,27.302090067135644,-2.2067598485913673,27.082212654413603,0.0,27.949158134631727,0.05136045169766041,1,0
2026-01-02 13:16:00,27.47746707548248,-2.239355855831488,26.06450185588878,0.08031972043697454,27.75401630308135,0.016177993960321026,1,0
2026-01-02 13:17:00,27.462672172014106,-1.9946256357423497,26.448613277487972,0.5484580528023026,28.07520509590471,0.03659858095016679,1,0
2026-01-02 13:18:00,27.310761424593853,-1.9163152326972792,34.52717973336043,0.0,28.00367659894182,0.0189766579113776,1,1
2026-01-02 13:19:00,27.412534007446503,-1.9737047210990557,26.201868677270213,0.05168955869684325,27.942446324574398,0.0024134322914245027,1,0
2026-01-02 13:20:00,27.682851254975642,-4.774607057909345,26.29378248027678,0.05460716409061931,27.950732616106972,0.04122312819626788,1,1
2026-01-02 13:21:00,27.310544209397765,-2.355349586202482,27.698630264158453,0.23007599222035333,28.048789808221436,0.04485408189095878,1,0
2026-01-02 13:22:00,27.19875367686115,-1.8458631103997962,26.467433246136732,0.4144106923876811,27.902256052338647,0.012772263140024907,1,0
2026-01-02 13:23:00,27.613212792969904,-1.4492293917402579,26.344897444357294,0.0,28.04502937714741,0.024320372803364274,1,0
2026-01-02 13:24:00,27.526037548496042,-1.8890124135309663,26.46027188943262,0.35414723444203233,28.142636442274835,0.026746158165750877,1,0
2026-01-02 13:25:00,27.31956332026329,-2.0637909945309385,26.887188063431594,0.46561260158923273,28.247208417353566,0.033012245961610544,1,0
2026-01-02 13:26:00,27.140261095269963,-1.8179539151309818,25.831564172126043,0.6243857126050506,28.168543184531472,0.06048323030212962,1,0
2026-01-02 13:27:00,27.284782919229233,-2.270656589665916,26.840509981257796,0.17567315490256713,28.019409451955994,0.019170334685776128,1,0
2026-01-02 13:28:00,27.402709366641076,-1.3905804805482673,26.706717238029142,0.05510291862342174,28.03091981198857,0.019059202774506116,1,0
2026-01-02 13:29:00,27.616102885585537,-1.7591068152326372,25.261763875019806,0.0,27.951970176742584,0.02184432811423969,1,0
2026-01-02 13:30:00,28.01341524452346,1.5656899753763085,25.755978922386134,4.289354643747637,27.944122782806083,0.008040135342296004,0,0
2026-01-02 13:31:00,28.178504511921485,1.7660363526779315,25.50874684866256,4.702716263569526,28.104643815815255,0.005998910071760278,0,0
2026-01-02 13:32:00,28.308969873507138,1.6642479041137546,23.911962842090944,4.839318207679278,27.963098793001087,0.027407735867908553,0,0
2026-01-02 13:33:00,27.75255675538988,2.331853583672108,23.672842222674973,4.761677694148482,28.043931956930763,0.03449098321748375,0,0
2026-01-02 13:34:00,28.36103035205619,1.8256890432294735,24.60436729791992,5.009201297485189,27.884498859111304,0.02504414423983116,0,0
2026-01-02 13:35:00,27.955902225022793,1.9740850613044394,23.432826127035856,4.291039353957715,28.164437517916664,0.023871284256692653,0,0
2026-01-02 13:36:00,28.222335084475052,2.1431620849044744,25.372138581510853,4.736309005398568,27.96130520036197,0.008822860256962085,0,0
2026-01-02 13:37:00,28.200857025721994,1.7050467356574674,24.075446068767512,1.371011981738071,28.130557500479796,0.02954324395438599,0,1
2026-01-02 13:38:00,28.34561082641643,2.053270055628925,25.524866963479834,5.148459565825778,27.915541218727068,0.02805746538252834,0,0
2026-01-02 13:39:00,28.24354332957335,2.101777287590332,23.798775617368783,5.015666545224452,27.90919474088455,0.03354805309756442,0,0
2026-01-02 13:40:00,27.710524085689983,1.4810480760330675,24.28359198318256,4.9367388312578715,28.159363813762944,0.03082616796866709,0,0
2026-01-02 13:41:00,27.991310548697058,2.1315742007328113,25.235479504851053,4.6720988499104665,27.92487909823774,0.03208869393887896,0,0
2026-01-02 13:42:00,26.17312233510647,2.044083966186984,24.10848421621999,4.186075411885151,27.811851969955395,0.048738063852882846,0,1
2026-01-02 13:43:00,28.085996814076406,2.1212919660029486,24.511563338508648,4.959995006644199,27.875207135591033,0.03529954664302192,0,0
2026-01-02 13:44:00,28.201465050054757,2.1026335501159625,25.072335764073802,3.943050089298616,28.102805041719794,0.03365097535491493,0,0
2026-01-02 13:45:00,28.252085980020546,2.1938183468570784,23.904647338371788,4.686055448085528,28.091274465190224,0.006365205198012432,0,0
2026-01-02 13:46:00,28.214135844995365,2.5826480451913616,23.39710165805077,4.798719283674184,27.908499870044043,0.04396294377810696,0,0
2026-01-02 13:47:00,28.06077578771546,1.7116867548685872,23.24569476167044,4.643483347607545,27.924193755856123,0.019638608282392056,0,0
2026-01-02 13:48:00,27.761857992585668,2.0131164632781546,24.661705087562193,5.559984071047331,28.080761899155117,0.02642579908925366,0,0
2026-01-02 13:49:00,28.007194309647513,2.372920024333591,24.511995974172237,5.438519974785021,28.15791046542313,0.0020877724448995737,0,0
2026-01-02 13:50:00,28.159244496921435,2.3130067672590418,24.969605345275426,5.161484106786867,27.99174405526339,0.06261772345447869,0,0
2026-01-02 13:51:00,27.88327598539632,2.3088746070486246,24.0212430397933,4.4761356318746675,28.06650860985242,0.01953588281051826,0,0
2026-01-02 13:52:00,28.188590944739264,3.113538814942351,23.198236790610565,5.472495364437909,26.509728457322822,0.0517860241095179,0,1
2026-01-02 13:53:00,28.234029629447154,2.364734222897531,22.539552196885925,5.016639198588295,28.258360387821586,0.03265289019840998,0,0
2026-01-02 13:54:00,28.08906998714732,2.543910892068155,33.74759072303023,4.470307119086446,27.861314082255944,0.009295288251142203,0,1
2026-01-02 13:55:00,27.510631624302356,2.0372074929558956,24.52892741916381,4.8114509189536845,27.919753191008343,0.06165515279945327,0,0
2026-01-02 13:56:00,27.828102159062663,1.7920841733325497,24.242716258469674,1.5822795731175696,27.939223199906227,0.03424777875755962,0,1
2026-01-02 13:57:00,28.393890989552602,2.0228586804715305,24.32894633324439,0.6786341821659267,28.09930289784577,0.017449696448169003,0,1
2026-01-02 13:58:00,27.952396434194984,2.373700409068568,23.118955520745327,4.849186394135477,27.96976987335386,0.017395780400533033,0,0
2026-01-02 13:59:00,27.690205562528625,2.2569676653949196,23.551536539741296,1.5985915430801028,28.037469500646928,0.03462126562963019,0,1
2026-01-02 14:00:00,28.26645995721465,2.244246871034159,25.315394081640722,4.414701029461,28.014621154380972,0.05583828126124542,0,0
2026-01-02 14:01:00,28.043473439763254,2.015142615015271,24.543086095022577,4.705467503284734,28.000208455106883,0.01763353333781417,0,0
2026-01-02 14:02:00,28.237106359678542,1.9449728471778103,23.534970606139524,4.441088098734884,28.012887588926365,0.022644394689145315,0,0
2026-01-02 14:03:00,28.085414379163815,1.9971506534144372,23.1980321910567,5.104033805497352,28.12358808579145,0.051262371127214205,0,0
2026-01-02 14:04:00,28.115647550696167,2.296696837218475,23.683200984646195,4.4821806010479746,27.883529722127314,0.03396763885659231,0,0
2026-01-02 14:05:00,28.096196992847148,2.319230263249934,23.810841326222405,4.902131296445987,27.98218525708829,0.015185970680055783,0,0
2026-01-02 14:06:00,28.15435772321265,1.653540260917432,34.35583868457059,4.313445463562241,27.854166670504057,0.031168530604014533,0,1
2026-01-02 14:07:00,28.4369103754712,2.25229163828263,23.874991299124797,4.4032970909005416,28.027186831375797,0.03307419655363206,0,0
2026-01-02 14:08:00,28.200127909742974,1.7365626162103796,23.161775904423255,4.386341576790262,27.976536536711148,0.019155106358749834,0,0
2026-01-02 14:09:00,27.739472354655717,2.106480403220903,23.941204020091078,4.698648696141972,28.128309175908146,0.010108910316381831,0,0
2026-01-02 14:10:00,28.103133677208007,1.852519040302114,24.155107886352717,4.863133566989661,27.999421213534074,0.014024836126056858,0,0
2026-01-02 14:11:00,28.227218285885098,2.444499066769592,23.06161731998572,4.927664353317071,27.946739303991638,0.01914363165417533,0,0
2026-01-02 14:12:00,28.237472204010217,1.7264429716428187,24.227530352317498,4.179717703901397,27.97039479423127,0.03138496748864935,0,0
2026-01-02 14:13:00,27.943649574002592,1.9112247296491973,24.78035767943044,4.740976215589616,28.20681090563286,0.039190478708150164,0,0
2026-01-02 14:14:00,28.229799651270426,2.0367223709562405,24.01937780531811,4.5372997616014645,27.811590326687355,0.013660966677566076,0,0
2026-01-02 14:15:00,28.186993631919215,1.4941144024569946,23.35264491922833,4.98696247246959,27.92469806792613,0.029607492738798778,0,0
2026-01-02 14:16:00,28.483162789791113,1.7500852647901253,23.5287569122932,4.706327284122258,28.00432096528001,0.033783036647026206,0,0
2026-01-02 14:17:00,27.8854381584285,1.6579847050458756,22.726251638199688,4.77170914803353,27.923628826410393,0.028044544853145843,0,0
2026-01-02 14:18:00,27.929653955081633,1.5473961890216967,23.782319492088796,4.539267871523929,28.058881800731676,0.017712597046343086,0,0
2026-01-02 14:19:00,27.966650318903724,1.549623874944916,24.082215996016444,5.403626698356675,27.99322174742669,0.05055658702378902,0,0
2026-01-02 14:20:00,27.934494617450824,2.0694980591839,23.225793413072445,4.350747201868379,28.030718188315642,0.04919924672425138,0,0
2026-01-02 14:21:00,27.863729696910465,1.4481494177573557,25.20009462435607,4.660093103363886,28.014139376233395,0.018408173195115955,0,0
2026-01-02 14:22:00,27.528065178249047,1.8339277119599995,24.385872319351737,4.837659458645539,27.98763455285232,0.02350459620222769,0,0
2026-01-02 14:23:00,27.948726989460937,1.7246365082292836,22.565410288336725,4.7120238382246695,27.845101151773182,0.038893124397261045,0,0
2026-01-02 14:24:00,28.095294277812854,1.1053321211763247,22.568955711624938,4.532622406052594,28.021131091503236,0.048087303905487926,0,0
2026-01-02 14:25:00,27.142075396067472,-1.8432663599410353,25.11001694938377,0.0,27.78839093969271,0.010320576821889537,1,0
2026-01-02 14:26:00,27.581475519213217,-2.537860053075838,26.889468227005104,0.0,27.919364682204417,0.006168416212085671,1,0
2026-01-02 14:27:00,27.237969463913185,-1.8402685490592807,26.401400866058403,0.0,28.05870463432272,0.029934913619611526,1,0
2026-01-02 14:28:00,27.470602301599293,-2.2533208388581505,26.903985482713125,0.5877286074495623,28.142762504285013,0.004775572357111905,1,0
2026-01-02 14:29:00,27.288125107576786,-2.0872346117545035,25.764280411660803,0.7926435750093185,28.28192993503382,0.010009954880888572,1,0
2026-01-02 14:30:00,27.392868743099587,-2.5561068736937718,25.60035565390485,0.0,27.948609522591514,0.010233233076912304,1,0
2026-01-02 14:31:00,27.29761482239988,-2.0717441029430197,24.86372472336348,0.0,27.89618504437359,0.03250894510823648,1,0
2026-01-02 14:32:00,27.497154470682734,-1.8000817028086569,25.97186378066302,0.2583154369993303,28.062674026103224,0.052964985459300916,1,0
2026-01-02 14:33:00,27.264446024036342,-2.4153076805112206,25.579993038227872,0.0,28.22439625777944,0.012242236063361863,1,0
2026-01-02 14:34:00,27.34745979180677,-2.352111984347001,25.543389539285997,0.0,28.18392937513131,0.022763203996872827,1,0
2026-01-02 14:35:00,27.32805192829559,-1.9855653553056507,26.830770098573435,0.0,27.875790495370975,0.027799810976819286,1,0
2026-01-02 14:36:00,27.21434254895115,-1.9802162501024667,25.600293648900816,0.0,27.983138897504524,0.013325211308766564,1,0
2026-01-02 14:37:00,27.34341565334548,-3.0017495438996606,26.61115175086678,0.0,28.10204407397745,0.011911050507915686,1,0
2026-01-02 14:38:00,27.67715101763296,-1.4443945621327132,24.558671218390458,0.0,28.110365338292365,0.031029729111810796,1,0
2026-01-02 14:39:00,27.230885041278228,-1.9630889441369799,27.54299180089145,0.0,28.071023430861484,0.0034462310121993432,1,0
2026-01-02 14:40:00,27.359801910970006,-1.9007611816957373,25.391146109717873,0.35698048675220223,27.946150169918905,0.011186552645913101,1,0
2026-01-02 14:41:00,27.515581145597878,-2.1898426605283055,26.13872028456809,0.0,28.06995582614888,0.021353418164629618,1,0
2026-01-02 14:42:00,27.49944424515732,-2.7822435086965926,26.24147376301228,0.04385984452106973,28.11152209658524,0.030804300917373392,1,0
2026-01-02 14:43:00,27.301454232564748,-1.8883616276607937,25.278460850224576,0.0,27.888157590921935,0.0022744384015908163,1,0
2026-01-02 14:44:00,26.875604565905693,-2.31239372608552,26.191597379683373,0.33172428048334496,28.159628307893268,0.022645296619488907,1,0
2026-01-02 14:45:00,27.403006507356718,-1.9127327983603895,26.219783529794427,0.0,28.11903514167576,0.0017645968128327666,1,0
2026-01-02 14:46:00,26.915989752146388,-2.166743524986223,25.10282567347906,0.39338899402869315,27.9109646200562,0.012684385645541021,1,0
2026-01-02 14:47:00,27.58568189514739,-1.9924899810716221,25.103203985681407,0.05399618146919381,28.110989179403134,0.03919527990148308,1,0
2026-01-02 14:48:00,27.35729270106114,-2.3313494224103293,25.618059287323927,0.0,28.097573638658133,0.023670780683455073,1,0
2026-01-02 14:49:00,27.51251213676209,-1.7405942997230268,25.49787339257391,0.0,28.102138318332845,0.05504326138906502,1,0
2026-01-02 14:50:00,27.17605636932879,-2.4409083272004755,26.546430349042456,0.7611960850998265,28.18911676653288,0.02370044459658494,1,0
2026-01-02 14:51:00,27.064925595818497,-1.2197755394336558,26.055773799487394,0.28113654556658435,27.99874458651162,0.0424242308099019,1,0
2026-01-02 14:52:00,27.39732106509835,-1.2021897202361718,25.507424179562822,0.30207603989115145,28.03978255789875,0.039305944751968504,1,0
2026-01-02 14:53:00,27.35040543959995,-1.3928701920617845,25.973938812183253,0.6365896969084188,27.683352609380776,0.024762034992732378,1,0
2026-01-02 14:54:00,27.274098546944515,-1.4959401800554497,24.11014071540584,0.07843045428010142,28.133898723588924,0.0013182522181855519,1,0
2026-01-02 14:55:00,27.383982358551847,-1.9492989755457626,25.10534497040953,0.47334001798361347,28.122350370110823,0.023107728063914878,1,0
2026-01-02 14:56:00,27.873087302392996,-1.488181727524428,25.730954356744775,0.0,28.162724116574168,0.015410127706682758,1,0
2026-01-02 14:57:00,27.531399475138254,-1.9064308661828582,26.303805757629817,0.2581524864916225,25.903764443476906,0.014714458963238159,1,1
2026-01-02 14:58:00,27.576353583781454,-2.3924417251218846,25.656612967692666,0.0,28.115445446295414,0.027804777825650603,1,0
2026-01-02 14:59:00,27.545626731073153,-1.2982942708997038,26.531421523261354,0.0,28.122249915572553,0.001092276867338482,1,0
2026-01-02 15:00:00,28.466303185893395,2.1950885620228795,24.112248142905063,4.833950201408997,27.92189000647125,0.009270807745756334,0,0
2026-01-02 15:01:00,25.075924876339155,1.8134460781310378,23.157052835396563,4.356410381514096,28.126715731235688,0.00678283838249236,0,1
2026-01-02 15:02:00,27.842699129892388,1.41989609527012,23.39521325794935,4.915298477831138,28.055564885323957,0.02042395769018631,0,0
2026-01-02 15:03:00,28.1848696194471,1.667598854983578,23.77364014826454,4.690814626544006,27.796238587152516,0.011173096273452749,0,0
2026-01-02 15:04:00,28.37116358597218,1.2590721198253183,23.168370185482644,4.104353778524311,28.07013769845639,0.012356282164062224,0,0
2026-01-02 15:05:00,28.056692600859332,2.250485348580276,24.54914899006454,4.639818339984377,27.9079351763886,0.027438341456106997,0,0
2026-01-02 15:06:00,28.205678233259118,1.3811996866740703,22.696129869293127,4.679230853896312,27.798888170246613,0.016977672297942135,0,0
2026-01-02 15:07:00,28.119027387467522,2.064705851526396,23.68866727187781,5.098492762693384,28.043986393067996,0.025086513163874908,0,0
2026-01-02 15:08:00,28.51997998937882,1.6901790707587314,23.97752318004139,4.899819283372822,27.992160315628304,0.004917433925155656,0,0
2026-01-02 15:09:00,28.390525321760673,1.5063786325525519,23.23877897188301,5.3066153284581015,28.168457628523708,0.22417474092632803,0,1
2026-01-02 15:10:00,28.378840937514532,2.1083999460377867,23.076678299220855,4.982038358468689,28.021806294524858,0.06173491204436756,0,0
2026-01-02 15:11:00,28.379317423176637,1.9263006448014388,23.396392093263692,4.606113625418,28.093422319208443,0.0124467144821825,0,0
2026-01-02 15:12:00,28.26650773029426,2.3534668758159696,24.014024991030507,4.779574223833214,28.06105712392602,0.01291571136074312,0,0
2026-01-02 15:13:00,28.314466937276983,1.6321419197073044,23.09187596298581,4.67818318708096,28.122514882563134,0.0311583078309685,0,0
2026-01-02 15:14:00,28.071171656805642,1.8251030244784276,22.689835366446893,4.970790499639609,27.89363111859517,0.012256557904197682,0,0
2026-01-02 15:15:00,27.896440443824897,1.267434118352739,24.239967866653625,1.503184833755159,28.023824395613524,0.029389244203839184,0,1
2026-01-02 15:16:00,28.322400071024077,1.350056577389935,23.71071262484877,4.5800041281143775,27.983111691631336,0.02338837013277081,0,0
2026-01-02 15:17:00,28.358972968753722,2.7538816925908556,24.13352064127743,4.80301016487188,28.07844200606065,0.03489777232173449,0,0
2026-01-02 15:18:00,28.52346896772921,2.8621291661381867,23.956537275962194,4.961413232944166,28.0306975692117,0.023206789469303227,0,0
2026-01-02 15:19:00,28.593659512453446,2.172057676024982,24.948081958174704,4.447752461594377,27.9263154560817,0.02092205925936983,0,0
2026-01-02 15:20:00,28.598301497043387,1.8563426454869938,24.199964449123026,4.9109530665756465,27.959447975209777,0.0456625677015966,0,0
2026-01-02 15:21:00,28.140799262351695,2.043625539457358,22.9101235387055,1.3365169039029994,28.19782032502467,0.014926559093316506,0,1
2026-01-02 15:22:00,28.261630800391657,2.455537760326911,23.743833038433454,5.186949970099563,27.796677865814647,0.0011412210716589162,0,0
2026-01-02 15:23:00,28.415941337319605,1.9697506325189673,23.022240976057812,4.98451328377019,28.08512376482384,0.010148291387627297,0,0
2026-01-02 15:24:00,28.78950891057952,2.2312545168434874,23.0926041170472,5.37024906246763,28.148973555607963,0.005471190351346401,0,0
2026-01-02 15:25:00,28.604305856429917,2.1402180958858357,22.419923548123368,4.409191246078601,28.069460458300288,0.01637103710338246,0,0
2026-01-02 15:26:00,28.543333424808914,1.9405190696676002,23.206748331121414,5.196708105085761,28.23652099015576,0.01459456301962235,0,0
2026-01-02 15:27:00,28.275821226988615,1.9487023196061501,23.787077883294863,5.1275230222488455,28.112621877649026,0.042544603092196265,0,0
2026-01-02 15:28:00,28.190250829451983,2.2271766541883036,23.358037836348892,0.2408421328401539,28.046094845648522,0.02341110400830861,0,1
2026-01-02 15:29:00,28.494652076317138,1.7726670684691068,22.633567327439238,4.668174826430782,27.943992452989853,0.0211657966989795,0,0
2026-01-02 15:30:00,28.157765545119013,2.2612141622927857,22.336057066001082,4.4201988802284875,28.04832009366171,0.01816290651898783,0,0
2026-01-02 15:31:00,28.31601202353815,1.9251105145170508,24.879681502569778,4.328966605797127,28.08180183042257,0.006064074638445462,0,0
2026-01-02 15:32:00,28.341122897513504,2.120382320389237,23.628394107224402,4.53706798818444,28.000420050923232,0.041034290104163956,0,0
2026-01-02 15:33:00,28.651162358417775,2.5444875870760852,22.82349897306845,4.360478525158965,27.910860806890653,0.04678138551431203,0,0
2026-01-02 15:34:00,28.30304757928928,1.984263213831215,23.723335273167816,5.358502869256716,27.855493280079227,0.0031810119880541707,0,0
2026-01-02 15:35:00,27.93007973679839,2.3469071824574907,24.932430254464258,4.27428182685587,28.02224882624572,0.05416100536311941,0,0
2026-01-02 15:36:00,28.461990209512372,1.3785133387430273,23.83441050312793,4.852113417337133,27.82236205506621,0.012922313533659793,0,0
2026-01-02 15:37:00,28.24720317171019,1.8208446877074211,21.449399883468395,4.952496794409787,27.9434148772651,0.011454700854536568,0,0
2026-01-02 15:38:00,28.382326815128472,1.9740060643516921,25.257385761686212,4.925124731181783,27.708191143494776,0.033510286090607376,0,0
2026-01-02 15:39:00,28.360459721980504,2.6155235627987925,22.106916811530116,4.955851013639642,28.09996222355455,0.035116794520619846,0,0
2026-01-02 15:40:00,28.327998676294996,1.2337238210230304,23.257962236965117,5.131240111107386,28.13848560510054,0.023717245746790502,0,0
2026-01-02 15:41:00,28.520509557094726,1.8627996228734824,22.609742199690327,4.643927243147165,28.009473767231494,0.01876687462027226,0,0
2026-01-02 15:42:00,28.1030982630628,2.3826101896069094,22.88625155296126,4.830642725991574,28.219775083823176,0.04610235189333585,0,0
2026-01-02 15:43:00,28.286498968554984,1.5739534434926257,23.604640660808414,4.697253470461995,28.161686410265954,0.013780613088573515,0,0
2026-01-02 15:44:00,28.503017173224567,1.7499211821614638,21.957311102268964,5.255883956937563,28.057574285817665,0.02376215684806492,0,0
2026-01-02 15:45:00,28.269464740438014,1.91610864476944,23.345501918711363,5.534953073216206,27.986414276690535,0.05548817446018964,0,0
2026-01-02 15:46:00,28.090305141194843,1.8401632279925368,24.213632127652637,4.382123183943518,27.95807222573401,0.0009325011947105555,0,0
2026-01-02 15:47:00,28.49990149083298,2.299309081073026,22.82221485357701,1.0744786532882762,28.0674989289232,0.01674430851267006,0,1
2026-01-02 15:48:00,28.581170974645765,1.8841967417394259,22.441445919411834,4.999196049156657,27.983052779092684,0.0434524347128596,0,0
2026-01-02 15:49:00,28.37014911499774,2.168247438894034,23.319465660508854,5.174630509482498,28.065787624198894,0.03450400074745026,0,0
2026-01-02 15:50:00,28.02431318781768,1.5542900247775506,23.18264498116248,5.484942059636959,28.074694433659943,0.04109231661830142,0,0
2026-01-02 15:51:00,28.503141122537873,1.3984582809858663,23.0055000731432,1.9716226578968563,27.972450490262784,0.0011880823791158325,0,1
2026-01-02 15:52:00,28.075873412074134,1.5566818354680718,22.59316281079266,5.288523335540522,28.13149429787476,0.03078007033319639,0,0
2026-01-02 15:53:00,28.428610975101567,1.2088421748397205,23.791449646765052,5.381021256506708,27.97257384916331,0.019866279562200207,0,0
2026-01-02 15:54:00,28.211446684479537,1.7635042553711675,23.847889551803068,5.312672220070803,28.00256062583744,0.06590350545403083,0,0
2026-01-02 15:55:00,27.360373600303408,-2.16003300285462,24.68860580863896,0.30840617855710206,27.882697047961077,0.03956880050953038,1,0
2026-01-02 15:56:00,27.487349290747677,-2.2782565446527636,24.789002646060766,0.0,27.967525991800848,0.024598264989939216,1,0
2026-01-02 15:57:00,27.53144462221876,-1.8855702455497378,25.537313957059315,0.0,28.25898381471705,0.03014617293855932,1,0
2026-01-02 15:58:00,27.445825443264287,-2.47610428605335,24.770145871419523,0.10501351667070873,27.891953611735573,0.025977179576755372,1,0
2026-01-02 15:59:00,27.66489715679333,-3.749212101284944,25.574712388666445,0.0,28.052525483244892,0.03758227014050054,1,1
2026-01-02 16:00:00,27.475592084558606,-2.27052697729653,26.481470402106574,0.0,27.94546106173065,0.009586589663907645,1,0
2026-01-02 16:01:00,27.729083014209085,-1.7088941607717416,25.416315987645962,0.5485298222907664,27.734331819818088,0.04957391211701166,1,0
2026-01-02 16:02:00,27.599837932875733,-2.261972501478723,24.613178953310378,0.0,28.06707645079442,0.0011549087718915364,1,0
2026-01-02 16:03:00,27.420062761800153,-1.9117013974080308,25.741865204705963,0.27966832700332844,27.93326508892715,0.028690788859737006,1,0
2026-01-02 16:04:00,27.385972756559397,-2.076756673376083,25.347879852633994,0.1107545687077308,28.03828494596096,0.010162963593419196,1,0
2026-01-02 16:05:00,27.241338665932876,-1.884317057754202,25.372135939279005,0.0,28.118766275508623,0.02577089426459093,1,0
2026-01-02 16:06:00,27.586098040601957,-2.109601251127226,25.815141083497245,0.0,28.02815180610257,0.04278433739147014,1,0
2026-01-02 16:07:00,27.465655405555708,-2.731975883776819,25.97147114984237,0.0,28.039395861508538,0.005822217576364506,1,0
2026-01-02 16:08:00,25.152160843150835,-1.7967090507219377,25.518086225948302,0.16995196048207042,27.895847209143152,0.021949390376962384,1,1
2026-01-02 16:09:00,27.4240148320461,-2.178771686239163,25.456407210550005,0.0,28.084819043302954,0.0009156259020883344,1,0
2026-01-02 16:10:00,27.353515644477685,-1.8683520864800889,26.94916928561875,0.0,27.977237918345168,0.019971115235781687,1,0
2026-01-02 16:11:00,27.794441032149336,-1.898017237292499,26.3510420225121,0.0,27.760188567123937,0.0009630772184795779,1,0
2026-01-02 16:12:00,27.199301195271847,-2.4035235490572724,26.10025671607923,0.15144881564711182,28.09926933144543,0.027912142934635373,1,0
2026-01-02 16:13:00,27.241211578672605,-2.4446927409097308,25.614894068421236,0.0,26.723659581439705,0.01732894180061089,1,1
2026-01-02 16:14:00,27.695180003321,-1.8852036306975573,24.82545938579507,0.0,28.177734694667016,0.03844820568015647,1,0
2026-01-02 16:15:00,27.73421736834351,-2.209246051618232,26.325233122105548,0.0,28.260498760288748,0.047114045998107895,1,0
2026-01-02 16:16:00,27.350407952330848,-1.7624129025809925,25.643803772566134,0.0,28.09282414571533,0.025191665952010008,1,0
2026-01-02 16:17:00,27.36513135831643,-2.1381740937644107,25.14566593141169,0.1644987700087407,28.061676654132224,0.041085789737613274,1,0
2026-01-02 16:18:00,27.584134967133238,-1.701907266810185,25.386522360675595,0.0,28.13098572903461,0.04988425558233984,1,0
2026-01-02 16:19:00,27.048551223364708,-1.8949738601874655,24.887578273659134,0.0,27.893560582398173,0.008402144879137572,1,0
2026-01-02 16:20:00,27.126548762587618,-1.9241844155903365,26.311369612037886,0.0,27.799363668262618,0.05082974018133996,1,0
2026-01-02 16:21:00,27.405091046834364,-2.1366287578614664,34.562381117286115,0.3659416135384159,27.94275894297947,0.02433509578688766,1,1
2026-01-02 16:22:00,27.728595025950302,-1.904122077560093,25.71348723395445,0.014093656935473809,28.15326930128236,0.007389219798126144,1,0
2026-01-02 16:23:00,27.365114525337923,-1.5468165967416128,25.56416424107104,0.02394823980300092,27.920668104137867,0.0303723229814327,1,0
2026-01-02 16:24:00,27.455592726859525,-1.9613332356086972,25.125558610136203,0.0,28.055873270519093,0.02370228760995406,1,0
2026-01-02 16:25:00,27.63533874104157,-1.7337959948746366,24.11903045555659,0.0,28.06879567632586,0.0003262125057129431,1,0
2026-01-02 16:26:00,27.804290410162878,-1.8802470478485516,24.62922748897999,0.0,28.02931181649303,0.005181109030462577,1,0
2026-01-02 16:27:00,27.31498239822148,-1.8291576768253233,25.106758823823874,0.0,27.846684117379787,0.05447165795079898,1,0
2026-01-02 16:28:00,27.409525555001924,-1.2455168204076201,25.01000625724002,0.413429042735503,28.04112468953346,0.03001434741652771,1,0
2026-01-02 16:29:00,27.73425184924816,-1.4038092549465992,25.846243905507517,0.16185896161674726,27.949413584350236,0.05167229644872599,1,0
2026-01-02 16:30:00,27.926004130465543,1.8277913353184965,24.220481052327955,4.828870393738514,28.204343343064675,0.017501683448409154,0,0
2026-01-02 16:31:00,28.37868268329324,1.8994736965880545,23.57140578465668,4.903453968372086,28.136425415552225,0.010570677812645618,0,0
2026-01-02 16:32:00,28.00414703890103,1.6030559090931762,24.656565335775287,4.918835288678712,27.95364483089031,0.005299662496605188,0,0
2026-01-02 16:33:00,28.19962990269039,1.8122290505934777,23.131436336322757,4.542908798410777,28.211888377418955,0.04242358440407833,0,0
2026-01-02 16:34:00,25.416924297981566,2.004762300177964,23.593859582182212,4.6861581847473435,28.041245369115025,0.03239138106663253,0,1
2026-01-02 16:35:00,27.996301239893732,2.2174218065131717,23.662443484342127,4.634026962916084,27.799403616226943,0.01766418600877516,0,0
2026-01-02 16:36:00,27.985617548674313,2.2045851389953484,24.472190502807393,5.678998405906251,27.990603366063237,0.010732127928710786,0,0
2026-01-02 16:37:00,28.206208644357734,1.5760743774084829,23.79143171252731,5.157070714509629,28.196233351355474,0.045283652692622994,0,0
2026-01-02 16:38:00,28.329582355022225,2.3274156982191365,23.820583273411955,4.8587587996888875,27.90161937966217,0.021808939647823312,0,0
2026-01-02 16:39:00,28.12102442443858,1.9746540505202195,22.578591183100368,5.278094496295389,27.991811211383713,0.022002456121439886,0,0
2026-01-02 16:40:00,28.15105674277336,1.6795286889031507,23.117063487030915,5.233890885577946,27.836818441868342,0.014186127481137307,0,0
2026-01-02 16:41:00,28.235382145117526,2.510865087761817,24.52430050265518,4.316816492352249,27.85586404401578,0.017665729130578525,0,0
2026-01-02 16:42:00,27.951896025104023,2.5722483377753695,22.314647361304292,4.722001351623764,27.899891230731527,0.03490221102011014,0,0
2026-01-02 16:43:00,28.25423784509229,2.168115207581584,24.717850525373187,4.794286461116995,27.852712210625022,0.0004959241331498124,0,0
2026-01-02 16:44:00,28.262976876169294,2.338240911061093,24.138003584541572,5.014034782143723,27.925807109835706,0.026453270494042145,0,0
2026-01-02 16:45:00,28.578652733775073,2.3717161143851033,23.27556868142181,4.721602539147648,28.208593994140124,0.042200531059129104,0,0
2026-01-02 16:46:00,28.0369157781373,2.603098169688992,23.22710521909513,4.765514109719243,27.995671292080107,0.023474342993836238,0,0
2026-01-02 16:47:00,28.016890553075005,2.379338332999477,25.147523135494446,4.638527910448031,28.094262604109453,0.0439760726914157,0,0
2026-01-02 16:48:00,28.23261251147063,1.6681788835998042,24.81926073707153,5.167127306904788,28.13098828202897,0.04913078462128602,0,0
2026-01-02 16:49:00,28.236619684845568,2.8430362163364915,23.75869597855628,4.294830845045181,27.866987624215383,0.041264482213550974,0,0
2026-01-02 16:50:00,27.987982542648613,2.517662624872287,23.947650433094946,1.1299122101809487,27.900218510508886,0.01532939615480396,0,1
2026-01-02 16:51:00,28.006987209008,1.9697491915334278,23.41234307359832,4.154713401961364,28.091898247295305,0.024362109556402868,0,0
2026-01-02 16:52:00,28.172365044196628,1.78941801413159,23.97035294043884,4.439626194898111,27.923886039338374,0.031223863340355797,0,0
2026-01-02 16:53:00,27.921553672606805,2.326471490098113,23.41570423986449,4.911012113230166,28.083950460594956,0.016544504743634437,0,0
2026-01-02 16:54:00,27.992337813571364,2.050691649950243,23.843986101670378,4.917654001486226,28.201278690524518,0.01594409059672786,0,0
2026-01-02 16:55:00,28.078238698364903,2.26018108745391,25.17782109135842,4.690382907785771,27.82535405351071,0.014860359715016997,0,0
2026-01-02 16:56:00,28.237427027618796,2.399795898643992,23.855378074457278,5.193394801148222,27.95716790045878,0.0707840908188433,0,0
2026-01-02 16:57:00,27.94554919010019,1.9346151199044257,23.200501195948803,5.2739150105547505,27.976207435274688,0.020120367054755266,0,0
2026-01-02 16:58:00,27.719144033774572,1.7338765516588601,22.989554044611182,1.1346805148111971,27.93683602587155,0.04423616095831223,0,1
2026-01-02 16:59:00,27.702363798538567,2.2496143799599024,24.046982354452012,4.887651499737974,27.927043119200135,0.009350758927894508,0,0
2026-01-02 17:00:00,27.817421075311696,1.9164231419776132,23.43744435034316,4.64160944522181,27.940945502230196,0.05563195067409178,0,0
2026-01-02 17:01:00,27.804699244009406,2.1412966754006026,24.154847874005906,5.019410702508034,27.99816991288458,0.018185785622883324,0,0
2026-01-02 17:02:00,28.010387135114566,1.6056395108255626,22.86080998812638,4.3820788319913735,28.019786176196046,0.025953584329643592,0,0
2026-01-02 17:03:00,27.821563389976763,1.971836735350965,24.48995355650408,5.428542183282746,28.114409301117156,0.007989009889746754,0,0
2026-01-02 17:04:00,27.90661101341016,2.2933635915246455,23.277057246428868,5.198994841954879,27.9969857597428,0.045098817634836884,0,0
2026-01-02 17:05:00,27.891519868961765,2.2370520410666703,24.064050860772557,4.380375776120614,28.134180993676118,0.04899795690282584,0,0
2026-01-02 17:06:00,27.949518412114234,1.7297995484967217,23.807374608699405,4.523843533574761,27.928983990790208,0.2786859062626411,0,1
2026-01-02 17:07:00,28.265023674405263,1.5765792132203007,25.25967519431018,4.947437067415689,27.855836459486607,0.04614647599742234,0,0
2026-01-02 17:08:00,28.144497335367813,1.9698323383881915,24.189531387879747,4.681612113710733,27.96342951587057,0.0009288230301288392,0,0
2026-01-02 17:09:00,28.026836726617596,2.1387193040333226,25.444073358606232,4.990609842052577,28.05549911854864,0.036377209231130046,0,0
2026-01-02 17:10:00,27.93974987395325,2.061518349231373,24.48758267209055,4.674211278544362,28.10325600437737,0.01981654405100285,0,0
2026-01-02 17:11:00,27.943769869434373,1.7172171290094937,25.105731079034154,5.33368411534202,28.175228030274706,0.049052569774866626,0,0
2026-01-02 17:12:00,28.07998042342506,1.977007646656526,23.974734040011985,1.794583306662067,28.034824036478042,0.02948544641947222,0,1
2026-01-02 17:13:00,28.125588904156643,2.374535000282617,24.375750635667938,5.647194295853061,28.090363120700058,0.04176642829137037,0,1
2026-01-02 17:14:00,27.856738500038453,1.8962154063686056,25.000012541525336,5.01093635398949,28.164253524085776,0.04727962005089886,0,0
2026-01-02 17:15:00,28.026566536010563,1.2283982224634817,24.79355327019639,4.327708481613153,27.90649037222337,0.019761432687902362,0,0
2026-01-02 17:16:00,27.654418128777216,1.846705352524776,24.54494955499446,5.5302738042156365,27.974783080073088,0.024479741232802117,0,0
2026-01-02 17:17:00,28.05854695210394,2.466674354588392,23.956924428331615,5.1845376342046805,28.332509585263956,0.004998728478658638,0,0
2026-01-02 17:18:00,28.158172922386274,1.2766441236233241,24.088609325266237,4.933051668778343,28.10276667307631,0.019599562164693093,0,0
2026-01-02 17:19:00,27.97133939478796,1.7139305571042125,25.00943770920346,5.02632170966945,28.061284037043563,0.05968731322518734,0,0
2026-01-02 17:20:00,28.349709463763023,1.60107554827477,25.16857899823116,4.383833632383984,28.107242901319086,0.03860408463805242,0,0
2026-01-02 17:21:00,27.865310511329426,1.6912012106697405,23.824847192778133,4.168468361382308,27.839718742523278,0.006197208274455336,0,0
2026-01-02 17:22:00,28.064486044024907,1.703673206628762,23.7326708809072,4.785387602374525,27.9223808285702,0.054365967464543176,0,0
2026-01-02 17:23:00,28.02052444033123,2.0135184526404024,23.633898527296587,5.282569618702208,27.878524254462633,0.03200205721250665,0,0
2026-01-02 17:24:00,28.01075624692706,1.623949311937916,24.861109452445262,4.938498095144012,28.0502329983651,0.039947640656364955,0,0
2026-01-02 17:25:00,27.21027733801768,-1.5779348183660693,25.643248038511935,0.5982100240932005,27.955724072210767,0.03382951867412963,1,0
2026-01-02 17:26:00,27.252385811579682,-2.084309910235918,26.87979701934242,0.4624272741172664,26.21500244574435,0.03255565175346758,1,1
2026-01-02 17:27:00,27.388194391447797,-2.1826485598082113,26.70308235847034,0.007213047374908496,27.96267805032414,0.010958849164641793,1,0
2026-01-02 17:28:00,27.486209594195604,-2.310017807825863,25.95318756091112,0.4143149224645289,27.804831288701724,0.044925268854908176,1,0
2026-01-02 17:29:00,27.240664389274645,-2.726143610586318,27.443132199942784,0.5329083850491554,28.106197172458483,0.015578038103833458,1,1
2026-01-02 17:30:00,27.390872320309693,-2.0065853971505065,33.5301715779336,0.0,27.78853642754345,0.04328778797233059,1,1
2026-01-02 17:31:00,27.121033292363823,-1.3956778152395626,27.53753079647016,0.0,27.912682391287444,0.02679219866875129,1,0
2026-01-02 17:32:00,27.388645218430813,-1.9641319320483241,26.612822218635515,0.049157670566634705,27.842143326401427,0.04003835698043542,1,1
2026-01-02 17:33:00,27.11721846672365,-1.892508206746714,24.951937234133094,0.0,27.894431059575172,0.02785121574562139,1,0
2026-01-02 17:34:00,27.45447685284665,-2.284164467951657,27.531456258994403,0.09815116555154507,28.02422302753837,0.04378753474016047,1,0
2026-01-02 17:35:00,27.66002735816937,-2.230199400500058,27.111479181471747,0.2521532940796848,28.14820275527234,0.025290664948525936,1,0
2026-01-02 17:36:00,27.244258831579216,-1.803458142462253,26.144983071613126,0.05057888199542549,27.812680601327955,0.030056680235853502,1,0
2026-01-02 17:37:00,26.875861007593706,-1.4467440153552462,25.783236403394092,0.12063604712648082,27.93313503780389,0.03228568174911323,1,0
2026-01-02 17:38:00,27.176308365333313,-1.6290050119277963,25.37401017432546,0.0,27.790114684846884,0.058815561026287065,1,0
2026-01-02 17:39:00,27.501294015027476,-1.8662470429740887,28.176989669395585,0.0,27.927350556916707,0.30545935325238177,1,1
2026-01-02 17:40:00,27.383852051920964,-2.1323800107675948,25.85363268808671,0.5819081663161776,28.008627048235955,0.001296648828561297,1,0
2026-01-02 17:41:00,27.333985382202886,-2.066201884203038,25.629310650471037,0.0,28.092049308058307,0.014848364092943437,1,0
2026-01-02 17:42:00,27.475758958659224,-2.3965973425031946,26.71518649203277,0.0,27.745772561623347,0.0357640722095754,1,0
2026-01-02 17:43:00,27.386546896439977,-2.631372981554306,25.394933774204148,0.47529397245813965,28.066066218390944,0.047675426984813495,1,0
2026-01-02 17:44:00,27.523805066179225,-2.508957341420691,25.86818487108656,0.34254516396142504,27.883283198911357,0.012000830266740014,1,0
2026-01-02 17:45:00,27.475496261796454,-2.0856788792418777,27.26554800739457,0.09557304959152213,27.85405710673677,0.06531779709394073,1,0
2026-01-02 17:46:00,27.58940120019119,-2.192360441893602,26.907806902454293,0.2692794030848582,28.00809852341101,0.028160868488170353,1,0
2026-01-02 17:47:00,27.38567648868109,-2.5901083604142467,26.326177344388245,0.0,28.075257556539707,0.03257021324637813,1,0
2026-01-02 17:48:00,27.489734096515264,-2.0731638715844984,26.623212557388303,0.0,27.987945431784045,0.0024266771069174735,1,0
2026-01-02 17:49:00,27.277287940029694,-2.1545810432237302,26.314412652220827,0.4531744383100373,27.86882432265135,0.04507857847245308,1,0
2026-01-02 17:50:00,27.230173428120754,-2.4354727627397224,26.594468090362408,0.0,27.987882279862855,0.016975884860480978,1,0
2026-01-02 17:51:00,27.651595116287922,-2.135287492019393,26.11830135196135,0.0,27.91297857598003,0.011574109035254966,1,0
2026-01-02 17:52:00,27.38930211769102,-2.097805292732351,26.25908062436363,0.02751138349284153,28.072483896994587,0.0192905274541598,1,0
2026-01-02 17:53:00,27.501332560647285,-2.180138045948631,26.251426185432567,0.03571995388422796,28.12904293975631,0.049889995209614874,1,0
2026-01-02 17:54:00,27.38484909824685,-1.6180232674049542,26.18442276857377,0.22665023494400638,28.121375438906174,0.03338336902659142,1,0
2026-01-02 17:55:00,27.263170510854355,-4.738622929829386,27.436857143535832,0.0,27.9976301802424,0.008996465745266417,1,1
2026-01-02 17:56:00,27.376925762492014,-2.5915027212847956,27.258763152974986,0.0,28.13471928214747,0.015453178512153453,1,0
2026-01-02 17:57:00,27.63966379981001,-1.8716190672290365,26.080553533040597,0.3224311746036043,27.87748236560541,0.05037219834967836,1,0
2026-01-02 17:58:00,27.487387048096352,-1.8150660690487153,25.910622182264518,0.0,28.213943959890976,0.020745141726181353,1,0
2026-01-02 17:59:00,27.085652921842065,-1.682939468203809,26.650055246534663,0.0,27.876810150712224,0.035087426063931504,1,0
2026-01-02 18:00:00,28.16125599781629,1.6113592721023147,26.282260194684024,4.035867581316115,27.75638569715793,0.039492682641979124,0,0
2026-01-02 18:01:00,25.49319381264599,1.5031414340281288,24.0675320143313,5.158019438708945,28.163852369139363,0.036538177891014975,0,1
2026-01-02 18:02:00,28.17407273014095,1.846149938892786,24.68739005627623,4.922618378425386,27.914783869455686,0.04775903706549589,0,0
2026-01-02 18:03:00,27.894728958876023,1.7182167444144152,24.875625478319336,4.908568090417832,28.014008665900626,0.009657673224248889,0,0
2026-01-02 18:04:00,28.56579995754887,2.4393480661654445,24.75069621790313,4.906209279466338,27.876303034369087,0.018509413300399725,0,0
2026-01-02 18:05:00,28.35408732374635,1.8062275126901624,24.5191717818588,4.07894324608898,28.283632408880855,0.052707747615074324,0,0
2026-01-02 18:06:00,28.22482178976089,1.9237430219755516,25.661593951326914,4.455191904057233,28.21861812040691,0.05104464453252758,0,0
2026-01-02 18:07:00,28.17669074871317,2.830711395834343,25.1842225350357,4.641895511343831,28.185586471746923,0.03387003826374782,0,0
2026-01-02 18:08:00,28.444438071409568,1.9173056631258776,25.471170942113524,4.537940030102282,28.01060292847292,0.03811190106606605,0,0
2026-01-02 18:09:00,28.158066046946775,2.2003797411220463,25.304619031351006,4.704970957623828,28.117683907570044,0.04260331100998009,0,0
2026-01-02 18:10:00,28.468249782211497,2.2511839650755143,25.530700833217335,4.886169895937578,27.993633752360957,0.05074194300021648,0,0
2026-01-02 18:11:00,28.36502433824523,2.2991210049620285,26.026841088155823,5.152253410689316,28.134664161567216,0.053033534928299875,0,0
2026-01-02 18:12:00,28.31725534234137,2.161421231811026,25.862241810272756,4.281928590535754,27.950726876358196,0.026938640169162337,0,0
2026-01-02 18:13:00,28.30509947138244,2.1436480418060326,26.57055985100217,4.796907614620533,28.19016452988843,0.01172796895449263,0,0
2026-01-02 18:14:00,28.253010634692906,2.125280151837253,25.807952036077644,5.049040287623322,26.513866003373508,0.02040725114073453,0,1
2026-01-02 18:15:00,28.47821522163767,1.9015110255427328,24.499744477152323,4.476570890509863,27.958325091480962,0.02728960118343713,0,0
2026-01-02 18:16:00,28.13962375778365,2.228509497198454,25.573945772580107,4.732508529181242,27.94401652303698,0.02404478731154657,0,0
2026-01-02 18:17:00,28.008708199795294,2.834540392196981,25.49052616298825,4.9632932404205725,28.023094283766003,0.006780005340189254,0,0
2026-01-02 18:18:00,28.416400567533287,2.556608448840549,26.349744280346165,4.803923100817831,27.9534164988489,0.032862295132920244,0,0
2026-01-02 18:19:00,28.424441964610704,2.2459748119752225,24.34076336370846,5.035969216198122,28.058470668304835,0.0032201781097332127,0,0
2026-01-02 18:20:00,28.402145177195695,2.4442231428913685,25.42049479848694,4.833144351467358,27.942281561991837,0.026536974559291743,0,0
2026-01-02 18:21:00,28.39383461567584,1.8438710953231676,24.56525083436625,4.690848111117514,28.094894622542085,0.027691003105001683,0,0
2026-01-02 18:22:00,28.26734123858186,2.0586075354867823,25.41276709466943,4.389551585797644,28.182204042173026,0.02707433323365309,0,0
2026-01-02 18:23:00,28.47122805085035,2.481534234921103,24.915560821939852,4.886508994744782,28.009305657255407,0.04032186638877085,0,0
2026-01-02 18:24:00,28.325565605770112,2.6685911810892624,25.413320255891044,4.834990472122329,28.26619941217238,0.037934909076024564,0,0
2026-01-02 18:25:00,28.250207558814683,1.8748795533208915,24.102172744219896,4.45250879026804,28.135303521144603,0.06500821011080032,0,0
2026-01-02 18:26:00,28.28570149944324,1.9703475958984944,25.65629231849682,5.003719538695842,28.25658838141299,0.015681187891222942,0,0
2026-01-02 18:27:00,28.70933820476714,2.896351308560791,25.256804838767277,5.243773227219007,27.99265612875378,0.030027996960122573,0,0
2026-01-02 18:28:00,28.03693106829173,2.1582057865175175,25.23053086127976,4.5689674262125965,27.800624895966006,0.028874261912246693,0,0
2026-01-02 18:29:00,28.4426105160814,2.752754606649842,26.500489783657624,4.545328749502715,27.915263533088712,0.028027354564434826,0,0
2026-01-02 18:30:00,28.05364469570893,2.17550895237108,24.878825398734246,4.532548005077539,27.92750359717993,0.002232623778017799,0,0
2026-01-02 18:31:00,28.33944856581647,2.1763262492081696,25.39728127870365,4.2124684567344595,27.885636946148555,0.0036974336325014887,0,0
2026-01-02 18:32:00,28.283729981006093,1.9688819530813892,25.238912816791547,5.501568590406283,27.73649144244412,0.02511639645954366,0,0
2026-01-02 18:33:00,27.98913308897329,2.389994988445667,25.31827298656788,4.642890116819481,28.12295760888547,0.376363161126028,0,1
2026-01-02 18:34:00,28.436919860100097,2.518352572267052,26.745723230669718,4.499541037905017,27.776797700588272,0.01898430360926804,0,0
2026-01-02 18:35:00,28.300737820546868,1.662724882840986,25.24583135341318,4.40562873355373,28.111465514060836,0.013344287191126873,0,0
2026-01-02 18:36:00,27.9933330312721,1.8823671450252188,24.814665698084603,4.664211386762107,28.26226599633638,0.019636406086144854,0,0
2026-01-02 18:37:00,28.524149361608263,2.305749226012602,26.5318762881413,4.556676721667839,27.906600007317476,0.04538188520080619,0,0
2026-01-02 18:38:00,28.632954342767686,1.9189730237505476,25.017230918370405,5.303325615366194,28.046508458936085,0.0055899589646357314,0,0
2026-01-02 18:39:00,28.64428894974547,1.769672911089913,24.119241385886784,4.362941764377668,27.952164125044632,0.04065638471007847,0,0
2026-01-02 18:40:00,28.44187755485946,2.273046804018278,24.73441122202136,4.261513019049081,28.099249113612974,0.014716821566341494,0,0
2026-01-02 18:41:00,28.38653871731736,2.2826816961853287,24.390407390564086,4.993124428800594,27.856670705619383,0.016958450883023328,0,0
2026-01-02 18:42:00,28.618082132927533,1.7153943600509738,24.01293914035862,4.762477726291742,27.984185070449136,0.0333798218077965,0,0
2026-01-02 18:43:00,28.682390574407986,1.9230388701318069,25.02857874187252,4.7219693073023095,28.13454163164783,0.02006532699779367,0,0
2026-01-02 18:44:00,28.58393271538105,1.401448587243962,25.24318875168529,4.995872686206562,27.994135536420657,0.008935580176340528,0,0
2026-01-02 18:45:00,28.210523231598636,1.4865816813324617,26.128235030753785,4.847849073053086,27.80456467746928,0.01833500852108979,0,0
2026-01-02 18:46:00,28.416132422442125,1.8190430654362417,25.751845557537433,4.7836138445989,28.14899841004608,0.00697940609192077,0,0
2026-01-02 18:47:00,28.458674435019226,1.7622817903169317,25.729219275656664,4.308023864326726,27.844482890756037,0.031861321356405924,0,0
2026-01-02 18:48:00,28.05328288676119,1.388824276108068,24.70442951517131,4.2161666976148595,28.009448097185707,0.03083330054671607,0,0
2026-01-02 18:49:00,28.46273317110522,1.4529360518101013,25.958140045487475,4.554850066548308,28.06991731562308,0.04098435249406212,0,0
2026-01-02 18:50:00,28.786403924218487,1.3075274203515783,26.321427552532484,4.420472270685375,28.01438203818822,0.03607471511989477,0,0
2026-01-02 18:51:00,28.491255077976227,1.8169131248430985,25.63250815580604,4.894222029483116,28.30449245706003,0.05382582629491688,0,0
2026-01-02 18:52:00,28.639867585389194,0.947011234182775,25.66067955075883,4.170449781251583,28.088057609328633,0.06427738804699909,0,0
2026-01-02 18:53:00,28.405951756692062,1.2604762271723169,24.488104828722633,4.643493967472668,27.975717985510357,0.04184387727386559,0,0
2026-01-02 18:54:00,28.35801087461604,0.9422456199563262,26.11982874868169,4.739423799583879,28.07231954855175,0.013706709399306726,0,0
2026-01-02 18:55:00,27.63777352195604,-1.8783184520399943,28.636500077945435,0.0,28.025193355432883,0.06410720293711758,1,0
2026-01-02 18:56:00,27.420044297184823,-2.6740871721797888,27.624039855121683,0.13963749194833922,28.005324329512632,0.003509201322799943,1,0
2026-01-02 18:57:00,27.39095864867348,-2.048995469429646,26.98983576253403,0.0,28.029254463247927,0.00924866539115686,1,0
2026-01-02 18:58:00,27.789717748624334,-1.501970358250754,27.3002590899239,0.0,27.947909562950546,0.058344350953159194,1,0
2026-01-02 18:59:00,27.80595218843058,-1.5044612569494444,27.126986343537546,0.43556805265742693,28.02554819963559,0.20106714234665896,1,1
2026-01-02 19:00:00,27.377485435875474,-2.735176540537139,27.17644596084001,0.0,27.939341063421292,0.008764716019036556,1,0
2026-01-02 19:01:00,27.72688844212785,-2.010134555633874,27.88968207456,0.49669562864400507,27.77245644906108,0.1589148557433001,1,1
2026-01-02 19:02:00,27.53357396745082,-4.089576457020035,27.638904199982257,0.0,28.136824073291525,0.034923130559815586,1,1
2026-01-02 19:03:00,27.60678860239577,-2.550467393201893,28.153071383092076,0.0,27.932146260707846,0.009340632906447894,1,0
2026-01-02 19:04:00,27.62468129074752,-2.179317988233125,27.71683391148123,0.0,27.09710898500788,0.011929319873760882,1,1
2026-01-02 19:05:00,27.716871084023794,-1.714780808627678,26.85907576626352,0.08092651302131376,27.908749312418465,0.06039560380876115,1,0
2026-01-02 19:06:00,27.548655344921304,-1.93820205740177,27.120035932383875,0.0,27.912371660538167,0.0636674940741466,1,0
2026-01-02 19:07:00,27.783310323215307,-2.400086114425692,27.082961342743396,0.03364724081101219,27.87532130352773,0.02764172326945177,1,0
2026-01-02 19:08:00,26.078313823948818,-1.9030248903631826,27.352696512933473,0.5357849093084694,28.11379563494482,0.02229111722033102,1,1
2026-01-02 19:09:00,27.63279667818911,-2.9333805795374834,28.745645360713223,0.3670981264035965,28.1427665916873,0.041244193215939376,1,0
2026-01-02 19:10:00,27.365714503266872,-2.408213743005907,28.863739471865962,0.36950842026683667,28.003112147747874,0.014891080810453886,1,0
2026-01-02 19:11:00,27.899377687485487,-2.427965544842036,28.086737408066107,0.0,27.93560107238821,0.015149453012783531,1,0
2026-01-02 19:12:00,27.59036983158954,-2.1054575385946785,27.58989994766654,0.0,27.796831592277858,0.02470753177925488,1,0
2026-01-02 19:13:00,27.628994259186854,-2.195504136379375,26.55909847844938,0.07621282296494634,28.095451742100618,0.02367522992724313,1,0
2026-01-02 19:14:00,27.205912021543895,-2.1640927989716663,27.671590741528963,0.2697582739095775,26.95339586240331,0.04087381463558851,1,1
2026-01-02 19:15:00,27.34191363584576,-2.164260726861703,26.969749026971137,0.0,27.865928719307732,0.025287999182560302,1,0
2026-01-02 19:16:00,27.70732394512683,-2.0823206160480834,28.66912716429842,0.0,28.003511610580507,0.03957929383218372,1,0
2026-01-02 19:17:00,27.5305472077147,-1.8867579253269715,26.408333260565918,0.4878450509355374,27.95990491706396,0.2305327933551531,1,1
2026-01-02 19:18:00,27.128732243484436,-2.007834829781255,27.806428622813232,0.24005683336377406,27.817833496073696,0.049948732018741906,1,1
2026-01-02 19:19:00,27.654321374031948,-2.142653565472243,26.92984057113896,0.37029533825532723,27.834313527927446,0.02835276191359662,1,0
2026-01-02 19:20:00,27.36368272101513,-1.8843637654586187,27.53950153808624,0.0,28.040385180732134,0.029965755633501918,1,0
2026-01-02 19:21:00,27.709660116445296,-1.7165815980238992,28.016598732439046,0.0,27.921317039733864,0.024337608545035368,1,0
2026-01-02 19:22:00,27.433804301898395,-2.18008080423454,28.26975205006658,0.33211171163210523,28.061231028963565,0.020348748274314366,1,0
2026-01-02 19:23:00,27.480393144691636,-1.985106002710502,27.515747298092588,0.0,28.017583756777206,0.003296539300479802,1,0
2026-01-02 19:24:00,27.64963592849369,-1.5356905280102258,28.094771387843668,0.0,28.125705035956347,0.04609571361749533,1,0
2026-01-02 19:25:00,27.269707937226205,-2.3056732872075565,27.101712408213025,0.0,27.900142589922005,0.01809231571918532,1,0
2026-01-02 19:26:00,27.246338732762702,-1.2648273058463733,27.740671775547398,0.0,28.0279261393006,0.017061130143003655,1,0
2026-01-02 19:27:00,27.383445407716515,-2.3414733329450677,28.273524750171738,0.3062792430105367,28.076592950784875,0.015250877003212088,1,0
2026-01-02 19:28:00,27.561447269205765,-1.9695881992576876,27.807464570623004,0.0,27.924853901691616,0.0008730190432351022,1,0
2026-01-02 19:29:00,27.16672400393602,-2.1569812647170514,27.20729997016136,0.22016836392037417,28.135264390676333,0.023460222291239063,1,0
2026-01-02 19:30:00,27.899753772019963,2.565774448904282,25.385186318507156,4.5521234344388475,27.800046677010243,0.03429565003525174,0,0
2026-01-02 19:31:00,28.341987857461433,1.648242255713944,26.293980011765683,4.726394861824569,27.900047080362445,0.012304824759498562,0,0
2026-01-02 19:32:00,28.078907738463993,1.6734161805510432,24.821063306778946,4.7488140467839255,27.79555746746357,0.043676819921263876,0,0
2026-01-02 19:33:00,28.110584194286172,1.743007032807235,24.92649632540649,4.7227392949269404,27.911695003201096,0.018368595562620247,0,0
2026-01-02 19:34:00,27.84072296947796,1.9299340572988266,26.010619700134534,4.699505329529586,27.981449913347138,0.0025877752667051272,0,0
2026-01-02 19:35:00,28.0465270514366,1.804752427547403,25.283925655266668,4.644475423155581,28.099780086283147,0.04972657076340409,0,0
2026-01-02 19:36:00,28.161213782259196,1.8958474434586912,24.575831704127225,4.600001189120508,27.981365159530554,0.02857232815472347,0,0
2026-01-02 19:37:00,28.323922073164177,0.7290915634167576,26.540019185608767,5.261920741437915,26.691106133621716,0.04053909782147844,0,1
2026-01-02 19:38:00,28.011563846030707,2.005477685082251,24.826026768541556,4.8087672606244745,27.81409326445784,0.04096347377218551,0,0
2026-01-02 19:39:00,28.44270464265436,2.0119571558226843,25.45727378096293,4.755918097371268,27.854298562550998,0.007970023435271395,0,0
2026-01-02 19:40:00,28.015216289849015,2.3884747424846227,25.16416495069013,4.57437154717677,28.037224714061423,0.015605552126930827,0,0
2026-01-02 19:41:00,28.009614288899805,2.5013017615584383,25.390232212388465,4.657219662604261,28.105774571342064,0.04361714935462348,0,0
2026-01-02 19:42:00,28.403511763587957,1.9944028674299599,24.97998479954871,4.575590077073521,27.949693366695406,0.05803391527396942,0,0
2026-01-02 19:43:00,28.15915602100347,2.36148394234824,26.099648074597056,5.0678704601700755,28.145321742738954,0.02613915697623331,0,0
2026-01-02 19:44:00,28.016130667476457,1.7046140772385763,25.677489615639036,4.5362403197351755,27.886009912110502,0.013710582205869577,0,0
2026-01-02 19:45:00,28.08207603638749,2.371678711268186,26.288557516647625,4.013813944923125,27.953135125743657,0.05528205066659152,0,0
2026-01-02 19:46:00,28.348167776395595,1.9142113865076045,25.17349540054499,4.82040781311271,27.96326253042632,0.013720716328661717,0,0
2026-01-02 19:47:00,28.363261784907888,1.7098702352528559,27.092767847176077,4.702213210350426,28.18352965459653,0.03092146943946797,0,0
2026-01-02 19:48:00,27.947175882318707,2.067913743331887,24.26596427005189,4.594974124117444,28.016039095216115,0.01729990841224491,0,0
2026-01-02 19:49:00,28.081542848627144,2.629768860715818,24.489016216721012,5.119044641981693,27.78418806528908,0.02984330990968495,0,0
2026-01-02 19:50:00,28.10052645923659,2.2080346514100677,26.8249887946726,3.8432681389331593,28.11419851663108,0.007981861948975055,0,0
2026-01-02 19:51:00,27.90203327096242,2.671853515066328,25.928703957499145,5.351685422739461,28.221511309195346,0.01825610239603741,0,0
2026-01-02 19:52:00,28.064938183840383,1.887730339621152,25.834717228196745,5.169137216156622,27.970031113347837,0.013708649734687562,0,0
2026-01-02 19:53:00,28.071476950820347,2.5165346760484804,25.896338833802037,4.580181357881814,27.892350120994454,0.03692028746117543,0,0
2026-01-02 19:54:00,28.271471637622682,1.9198266503459647,25.992817530677325,4.642225504910949,28.10371088976213,0.027937860113321902,0,0
2026-01-02 19:55:00,28.279448505334603,2.2235477485754944,25.801163575749694,4.976535433011941,28.235711756406108,0.04084361352073868,0,0
2026-01-02 19:56:00,27.99890037264617,2.2154424942273963,24.913374424128744,4.985925596444349,28.10184781047435,0.010136320835152679,0,0
2026-01-02 19:57:00,28.015865375117563,2.364391887576766,26.16025055276266,4.578141349849954,27.805239237584487,0.021247882242146826,0,0
2026-01-02 19:58:00,28.170345851310106,2.212273566067341,26.04782928670542,4.2341281361475085,28.09056181784469,0.03625056786193616,0,0
2026-01-02 19:59:00,27.94201742188498,1.8558633279670722,26.58292257070001,5.539792452420701,28.04850488653324,0.04045660270570998,0,0
2026-01-02 20:00:00,28.150070654631534,2.411216324556954,26.815484729632374,5.1346434174774425,27.885444361187293,0.0010241148003563433,0,0
2026-01-02 20:01:00,28.025246265558934,2.696242958408154,25.809173813372954,4.854898559903022,28.154658141513917,0.03072032813135791,0,0
2026-01-02 20:02:00,27.863725327673198,1.871472565972717,24.715710623582485,4.861521337234016,28.052602137853498,0.01036149654392062,0,0
2026-01-02 20:03:00,27.863331209305993,1.4177694621613304,26.812745611906728,5.017460959973782,28.157795031107913,0.04136741730647282,0,0
2026-01-02 20:04:00,28.293577471463575,2.217892278584477,24.85608995170408,5.059372150115753,27.872622861986336,0.05848908974003509,0,0
2026-01-02 20:05:00,28.002699462012743,1.9090625254720355,25.80201641281216,4.069771662879211,28.047853329323804,0.022014526621115096,0,0
2026-01-02 20:06:00,28.324073563968568,1.959838838718016,25.382206054222003,4.677194807222135,27.892588629791398,0.013192933253923848,0,0
2026-01-02 20:07:00,27.93451836780242,2.1801339569874774,25.25679269361534,4.640809515328486,28.029720037418674,0.02974787342078528,0,0
2026-01-02 20:08:00,28.07776370547399,1.8045776965361007,26.08938405299118,4.743497869524306,28.177267054030587,0.024930803446246357,0,0
2026-01-02 20:09:00,28.454615242011197,1.8482596351062492,25.72147271870888,5.069777880099634,27.828829872204487,0.041913716527018044,0,0
2026-01-02 20:10:00,27.83240499041841,1.88466521923618,25.90543121181236,4.17347193088994,27.835719860594498,0.026423159538112473,0,0
2026-01-02 20:11:00,27.68014513764456,2.4108869528307126,24.970827732379863,4.3278001650528175,28.114656961184508,0.015464661943027093,0,0
2026-01-02 20:12:00,28.25257228246541,1.8832934532259735,25.41543711371989,4.561389237212531,27.998305267008465,0.006634037550227727,0,0
2026-01-02 20:13:00,27.87161283198248,1.4162248320507878,33.25271907218253,4.854020794263296,28.140551587138305,0.0036063848841853888,0,1
2026-01-02 20:14:00,28.016382505597438,1.405857297411051,25.38841172511805,5.091243964669131,27.90312582700446,0.011630503597164932,0,0
2026-01-02 20:15:00,27.914534722118713,1.8487304725808642,25.43962057706989,5.370963196846405,28.006142871133925,0.014828236250987416,0,0
2026-01-02 20:16:00,28.068378951708517,1.380285433947714,26.80859784876126,4.699776030040478,28.08257545838983,0.03190754292174007,0,0
2026-01-02 20:17:00,27.849341953659795,1.2044831942405276,25.33068307197434,5.090668318368745,28.025224022804828,0.02217891536393672,0,0
2026-01-02 20:18:00,27.988596843014715,1.9496685050406912,24.018846462711558,5.048556867393012,27.785350320560532,0.013283907926183175,0,0
2026-01-02 20:19:00,28.102718506406692,1.9431013664680759,26.47768064387805,4.989584202874545,28.338711790746274,0.00683230654822739,0,0
2026-01-02 20:20:00,27.841239004928436,1.551445162973164,25.809791319530838,4.79150167105663,28.025478937828304,0.012352689323266655,0,0
2026-01-02 20:21:00,27.897918306531654,1.7604229268265617,25.397638472535636,4.660163821545823,27.839149949735617,0.014847409350552059,0,0
2026-01-02 20:22:00,27.962817859222586,1.7015275284933717,25.177174809763628,4.427110234289085,28.03770398710483,0.011533737371725791,0,0
2026-01-02 20:23:00,27.769786116570373,1.8253750426075634,24.81410213445508,4.403942496857397,28.05149740521274,0.03711603010792947,0,0
2026-01-02 20:24:00,27.952748850163097,1.8059376280765662,26.827154017038993,4.921478638224301,28.119270828949837,0.04962479890915318,0,0
2026-01-02 20:25:00,27.25223870544106,-2.937001669024818,27.500228770110276,0.0,28.111257388127065,0.003830872656785153,1,0
2026-01-02 20:26:00,27.161188096692058,-2.12730506512949,26.240776329699443,0.0,27.97433865455242,0.04514657053771603,1,0
2026-01-02 20:27:00,27.18671404889662,-1.8788342230547468,27.679733782211787,0.23268301920388307,27.793350437363678,0.03747826128631966,1,0
2026-01-02 20:28:00,27.234634770902964,-2.219463570626002,28.287599513237407,0.0,28.05536356381647,0.02823763523410617,1,0
2026-01-02 20:29:00,27.123035610047573,-2.0774922266533227,27.54559819782161,0.0,27.802910073480433,0.05247995639425308,1,0
2026-01-02 20:30:00,27.368506689174836,-1.8403638977372254,26.797645287515497,0.0,28.14582935238227,0.021935171907729735,1,0
2026-01-02 20:31:00,27.50582740515616,-2.0862540845664523,26.7275288438291,0.28722044652279766,27.9120690441382,0.0322341473325629,1,0
2026-01-02 20:32:00,27.16718476634491,-1.596742553066174,26.77153223971193,0.0,26.26309581648374,0.027227028615228833,1,1
2026-01-02 20:33:00,27.341712622678493,-1.7384245924049078,28.47104645532414,0.07324688613814019,27.921259742578737,0.025888330730090663,1,0
2026-01-02 20:34:00,27.215026976372553,-2.181100957736599,27.34780833712313,0.0,27.94095572054521,0.2049989020079623,1,1
2026-01-02 20:35:00,27.32789972234551,-2.2139988733079448,26.214811603537402,0.0,27.903883622008696,0.025835592595494856,1,0
2026-01-02 20:36:00,27.54807424703065,-3.145696100199373,27.650617431449092,0.0,28.085929783235283,0.033390115632147874,1,0
2026-01-02 20:37:00,27.3620775536823,-2.264062558368368,27.472115188414104,0.0,27.925438362313653,0.012943238210328795,1,0
2026-01-02 20:38:00,26.955746876331638,-2.6234309019053677,27.05069044853195,0.03837406795506647,28.092223850582936,0.013505562673431346,1,0
2026-01-02 20:39:00,27.361275704515855,-2.070652323678679,26.642023802461562,0.0,27.928577156952628,0.012861540404212154,1,0
2026-01-02 20:40:00,27.506213704052044,-2.0911779646622732,26.602838137212355,0.37535302602797643,27.972229809699357,0.0184336440791229,1,0
2026-01-02 20:41:00,27.24929362384172,-1.8960539895872275,28.09933043293903,0.0,28.00426779279511,0.04323912196781636,1,0
2026-01-02 20:42:00,27.473412919688563,-1.6440351155214368,27.502935517873283,0.0,28.0184585927098,0.016680313343970944,1,0
2026-01-02 20:43:00,27.175124479967916,-2.1337086494835633,27.65558582522985,0.4061957648197586,27.889095479853626,0.03674429566994386,1,0
2026-01-02 20:44:00,27.03721748372401,-1.3164322070315955,27.482595595800078,0.0,28.084456917916164,0.029778032733373906,1,0
2026-01-02 20:45:00,27.33541042338987,-2.021750885497592,27.531247583601832,0.0,26.58341915726349,0.017054410602396455,1,1
2026-01-02 20:46:00,26.9993293089642,-2.5487388881950896,26.964463662976932,0.0,28.06526808847666,0.04856528565197853,1,0
2026-01-02 20:47:00,27.277934411257117,-2.2725289200508962,27.13860869679367,0.4583272065164719,27.99805260763447,0.038250001212735515,1,0
2026-01-02 20:48:00,27.558419011522545,-2.1905620340248255,28.088353230576264,0.6555029938076189,28.07037446805099,0.02503207760755321,1,0
2026-01-02 20:49:00,26.988813490150804,-1.8358859267569634,28.253231753867464,0.0,27.950638990242382,0.023539505391739296,1,0
2026-01-02 20:50:00,27.108126950936875,-2.3565131284705534,26.39753742508973,0.0,27.905248229215076,0.1672298540850977,1,1
2026-01-02 20:51:00,27.158611136883422,-2.110016397285661,27.09708490575768,0.024434753527818123,28.051222988132672,0.0025316775917788963,1,0
2026-01-02 20:52:00,27.338987701204964,-2.041835840760257,27.820112805473244,0.0,27.94075193970409,0.01015069875433025,1,0
2026-01-02 20:53:00,27.29062503737574,-2.121157329654504,28.539700143879266,0.0,28.175054373969534,0.0333252790663969,1,0
2026-01-02 20:54:00,27.6144204443581,-1.6583624414886273,28.45913326465791,0.0,28.008118804265404,0.0034926555224577653,1,0
2026-01-02 20:55:00,27.540526027256455,-1.6952445642011142,26.644135918261014,0.14264315106240658,26.652603543722215,0.011542758178972571,1,1
2026-01-02 20:56:00,27.464097972119532,-1.4881745772495751,28.082992780163853,0.0,27.07574092563836,0.017934202453860924,1,1
2026-01-02 20:57:00,27.40739833319372,-1.9886279051751434,27.220690985874278,0.06743087758548531,27.88008345520197,0.0772657835462878,1,0
2026-01-02 20:58:00,27.458225194583324,-1.4278259366592618,27.89981497467708,0.0,28.128750253645798,0.037127270486169615,1,0
2026-01-02 20:59:00,27.23856126663714,-2.301813745902411,27.70949055793817,0.0,28.092824871143034,0.0447521528604818,1,0
2026-01-02 21:00:00,28.35429786364019,1.3140654946535526,24.261788947726387,4.192137035371492,27.992674804479602,0.010507350023138637,0,0
2026-01-02 21:01:00,28.006113943621795,1.399584175678515,25.520311743403518,4.6584081329919504,28.034808844408037,0.0315170066957373,0,0
2026-01-02 21:02:00,28.362924024176344,1.8519346777572536,25.827983457857936,4.599541845982209,27.989478466853413,0.006683141153091425,0,0
2026-01-02 21:03:00,28.432320773769565,2.293601432588423,25.098454499617528,5.130252774858532,28.103248246082167,0.01904893565323926,0,0
2026-01-02 21:04:00,28.263006786548665,1.6857233463120755,24.92861228229306,4.7792589746881395,28.06237979713884,0.034096586702579146,0,0
2026-01-02 21:05:00,28.19953832136689,1.752864358426431,23.989244736235733,4.842876131586336,28.083997084506713,0.0005164018026910626,0,0
2026-01-02 21:06:00,28.309479887842937,1.8667515407182558,25.556224354543083,4.792141790025986,27.976978482378453,0.03207646491787675,0,0
2026-01-02 21:07:00,27.728472634589817,2.164804890160738,25.212007344629402,4.054811904457941,27.924212823435703,0.03356928581300361,0,0
2026-01-02 21:08:00,28.304021203374443,1.8183028863075212,24.408456781502277,4.101068808939916,28.079807570202906,0.014154941788254953,0,0
2026-01-02 21:09:00,28.235219339376325,1.8190289030315852,24.813912077889643,4.688462828316719,28.186160841845705,0.009973513986859283,0,0
2026-01-02 21:10:00,26.558146910705286,1.554087321215095,25.138081315901328,4.897495995860832,28.132721252672013,0.012125647814234149,0,1
2026-01-02 21:11:00,28.394605039136472,1.843028040748657,24.62672927304499,4.717797182547961,28.18979904446562,0.01875491885157126,0,0
2026-01-02 21:12:00,28.25975418987199,2.4722123024444507,25.007411835940566,4.497579358773292,28.01944382186488,0.019298067654944906,0,0
2026-01-02 21:13:00,28.073669572224823,2.107627866729818,23.768268684656626,4.715890408222004,27.88360106891875,0.034172957504712394,0,0
2026-01-02 21:14:00,28.25905240055289,1.8312140718074947,25.925422531112396,4.685520063084462,27.894257540847462,0.015380754454276547,0,0
2026-01-02 21:15:00,28.302159987134548,2.535759281779683,24.97949372019798,5.0726511371088305,28.165548381461647,0.05383827060033358,0,0
2026-01-02 21:16:00,26.52492936353157,1.9097531904836418,24.186265684549394,5.053056993653032,27.776566777375567,0.053707736935747874,0,1
2026-01-02 21:17:00,28.329800208736042,2.6214988019172356,23.221400885413658,4.606304915324727,28.18057080468075,0.029251623162113206,0,0
2026-01-02 21:18:00,28.492887773497984,2.6241322229683375,25.6509054922443,4.782526511152776,27.90548383965516,0.018796586109185852,0,0
2026-01-02 21:19:00,28.11533284601247,2.1592075734277323,25.308421091980534,4.896669750167343,28.230806796202728,0.015400936624339523,0,0
2026-01-02 21:20:00,28.347327851853247,1.6201903789741823,25.052417007381482,4.948625538404238,27.991527784998276,0.030701655049862484,0,0
2026-01-02 21:21:00,28.55263085489588,2.9494078787499105,25.496606667469795,5.378409331776655,28.086708498670763,0.033850866835042945,0,0
2026-01-02 21:22:00,28.01280843723392,2.2853334091492745,25.481736092899666,4.790148329030434,28.28620556779195,0.02138192138695129,0,0
2026-01-02 21:23:00,28.361817566601363,2.036426330804477,25.002208148012762,5.209060681472281,27.96038226387332,0.017923668807458607,0,0
2026-01-02 21:24:00,25.310290182802945,2.4827274335501657,24.675088018707466,4.393970922824739,27.95836803722745,0.031349379419802405,0,1
2026-01-02 21:25:00,28.271160130556254,2.3904886890117445,24.547919574781762,4.576814161407251,27.91661929611111,0.026242746933389287,0,0
2026-01-02 21:26:00,28.178976585070615,2.5984319266568523,25.12140515646838,4.052461454046023,27.87978600769612,0.014701795350488635,0,0
2026-01-02 21:27:00,28.315103930161413,1.9010480546653383,25.79144315113252,4.852957289003407,27.96042108145177,0.027034711407299093,0,0
2026-01-02 21:28:00,28.68065277365675,2.235980043569417,24.72821490914788,5.026633384200592,27.933419096516968,0.014105153470617858,0,0
2026-01-02 21:29:00,28.125051192296258,1.6995233356189834,25.820459841060593,3.9056152115887484,27.849969164304134,0.01147014413309357,0,0
2026-01-02 21:30:00,28.14535477223501,2.336325929833987,38.08953950872016,4.865900228656794,27.974742267018645,0.024910410188095252,0,1
2026-01-02 21:31:00,28.124582344085173,2.082132271024749,25.026632574687763,5.011473621531145,28.05397438833181,0.014655951618901746,0,0
2026-01-02 21:32:00,28.672718219926907,2.174157003182735,26.430274464171095,4.991533158718454,27.892491351888573,0.011806024791099542,0,0
2026-01-02 21:33:00,28.281217035381836,2.008878285572919,25.89008257226716,4.381448607987873,27.980506023432806,0.04382285238884199,0,0
2026-01-02 21:34:00,28.36227806295944,1.9552843424547297,25.894707449637604,5.070591990582287,28.168780536947825,0.017940305122698424,0,0
2026-01-02 21:35:00,28.29664374234234,1.7210947524851434,24.147789885187496,4.803256574084889,27.82965626305811,0.058180509976148556,0,0
2026-01-02 21:36:00,28.20119405482057,2.2823754134418497,26.22705311638221,5.00686316662078,28.231800070472392,0.03627950131952191,0,0
2026-01-02 21:37:00,28.330699988878298,2.5068681553411243,24.621349125830402,4.75594973820354,27.91911717124348,0.010227338982865711,0,0
2026-01-02 21:38:00,28.817137079762258,1.7694811213565282,24.50600432220537,4.933363078469411,28.024108492143103,0.045875672988927085,0,0
2026-01-02 21:39:00,28.626639333907452,2.1360970018164243,23.140095430363836,5.188232530014272,28.153499579883583,0.012100849000538884,0,0
2026-01-02 21:40:00,28.223736588339587,2.070971318795077,24.866270134108415,4.728592281064154,28.19012082572674,0.06052025516657179,0,0
2026-01-02 21:41:00,28.494811590924584,1.8993073085080554,23.86579425268899,4.899436683113848,28.056378484433623,0.029071475251241055,0,0
2026-01-02 21:42:00,28.22933984208634,1.338460585108567,24.89617556631923,5.237419043339877,27.916659337867003,0.03476621325946604,0,0
2026-01-02 21:43:00,28.059815354054447,1.393151512447314,23.783540722939435,4.753369442316584,27.906062647267547,0.025557150522062373,0,0
2026-01-02 21:44:00,28.56340231404307,1.5510710829073893,25.84124937253709,4.4061113421037525,27.931012909773482,0.029785886522781302,0,0
2026-01-02 21:45:00,28.58881671239584,1.0513483467498355,24.955171345495955,5.036615093454598,28.226710785215733,0.020876025823078896,0,0
2026-01-02 21:46:00,28.56817975405206,2.268395989656529,26.15117885302245,5.30220716371328,27.95402253927007,0.008335449525551836,0,0
2026-01-02 21:47:00,28.294985784187244,1.8799855448768812,23.825342378892174,5.2510742294861465,28.038835289518712,0.031114151506973213,0,0
2026-01-02 21:48:00,28.34899430904593,1.7167445412740925,25.612068576283257,5.0502457182151055,27.874749132720254,0.04344638858534627,0,0
2026-01-02 21:49:00,28.513206052031943,0.9369443887203079,23.251923951948704,3.979544845567887,27.8612387323709,0.003568437868784604,0,0
2026-01-02 21:50:00,28.447734682264855,1.041938150578889,24.64565283353201,4.577458545551291,28.003167066886117,0.052728528826165424,0,0
2026-01-02 21:51:00,28.305211823298617,1.6568226890580442,24.044041172168953,4.595389829319419,26.925799849306767,0.03582046944136011,0,1
2026-01-02 21:52:00,28.08322030310841,2.3253564409443364,36.01079571013571,4.815703937139841,27.96979532099718,0.017135652762955103,0,1
2026-01-02 21:53:00,28.39352464021446,1.3700027889628026,24.096993306526894,5.390892692054234,27.82251162184642,0.01681400254986366,0,0
2026-01-02 21:54:00,28.565411907995625,1.8966044667419877,23.804429920256325,4.4218104282549815,27.991181527243278,0.05855492387766651,0,0
2026-01-02 21:55:00,27.353578779715313,-2.192941506076528,25.549148613862272,0.7847707310087506,28.18591241999602,0.04189704463030573,1,0
2026-01-02 21:56:00,27.681869782523698,-2.0237966889095365,26.107441749067245,0.0,27.89763544003439,0.04552092134658786,1,0
2026-01-02 21:57:00,27.62411568749973,-1.6349613418045554,33.90483681549487,0.0,28.10769222493041,0.020480889033268286,1,1
2026-01-02 21:58:00,27.69680961571567,-2.1968868343206394,27.20418816330188,0.29582164930912586,27.584276393496406,0.034999285869066143,1,0
2026-01-02 21:59:00,27.715886156664027,-2.33169986821251,26.582603254273906,0.32350649338844395,27.903718576549608,0.03128881502663275,1,0
2026-01-02 22:00:00,27.430880829134633,-1.6067841973808865,38.91343730268167,0.22748141885830697,27.770753121450866,0.021856295568410615,1,1
2026-01-02 22:01:00,27.261595965278467,-2.0986326788149476,25.313706869876935,0.0,28.148344446673157,0.026966628011877523,1,0
2026-01-02 22:02:00,27.45319324843699,-1.7425925673932177,26.031673267971048,0.17570984470867543,28.105453326995498,0.04498092114678984,1,0
2026-01-02 22:03:00,27.705665976142352,-3.5391824623511936,26.818802561681128,0.0,27.875880007584282,0.05379264777967749,1,1
2026-01-02 22:04:00,27.444281233014536,-1.647267531060256,26.54770816418115,0.0,28.034713258144315,0.02047305913333264,1,0
2026-01-02 22:05:00,27.41296020146704,-2.0489131674671586,25.69105797369428,0.0,28.14420513151492,0.0013649874204731613,1,0
2026-01-02 22:06:00,27.205923007039495,-1.9959069942037653,26.93416724595028,0.0,28.16286300274789,0.054584672765230824,1,0
2026-01-02 22:07:00,27.844957723880125,-2.103716530456472,25.894900951719006,0.36846188675752134,27.951305120683212,0.05481084261243441,1,0
2026-01-02 22:08:00,27.673666962139176,-2.3267030331554595,25.70914766998008,0.0,27.734937258440084,0.032206974667877135,1,0
2026-01-02 22:09:00,27.659024785774054,-2.1486716470521365,26.580714535621667,0.0,27.89217520402445,0.05726735732454724,1,0
2026-01-02 22:10:00,27.68989233936388,-2.2995892968505522,26.23075967985262,0.0,28.09193735139091,0.030897075852828377,1,0
2026-01-02 22:11:00,27.614626570636432,-1.8037623822709243,25.847035708561087,0.36316343399758294,28.251867300863005,0.008636939841215219,1,0
2026-01-02 22:12:00,27.46182215148033,-2.203939789177338,25.80994490325798,0.0,27.993480999811425,0.0013816611144896948,1,0
2026-01-02 22:13:00,27.471177183882737,-2.6482918788262424,25.43762105141834,0.3997038859606637,27.927181385714498,0.001209611439617373,1,0
2026-01-02 22:14:00,27.418423881935396,-4.3183516463950795,25.89623048802406,0.3739902548487881,28.28792337851188,0.025082022849020807,1,1
2026-01-02 22:15:00,27.964253335794698,-2.7074602446367004,26.930087911028764,0.0,28.048687918560475,0.0166075782758019,1,0
2026-01-02 22:16:00,27.58456904693536,-1.8738733852503873,26.318147353303782,0.010383732891355224,27.85266783929256,0.014580598843807994,1,0
2026-01-02 22:17:00,27.395422726978772,-2.4788302727430587,26.804914357568855,0.0,27.9857310855901,0.023075680742606682,1,0
2026-01-02 22:18:00,27.557002015103574,-1.9550706673735943,26.482140760880327,0.191002698339942,28.119991317601922,0.04044348423752659,1,0
2026-01-02 22:19:00,27.285472781600728,-1.995329348538657,25.679374588535158,0.0,27.991555097881182,0.015153851021062925,1,0
2026-01-02 22:20:00,27.73237483514468,-2.047623671608711,24.940664099697887,0.0,28.095323270280627,0.012122917796970343,1,0
2026-01-02 22:21:00,27.336630621742202,-1.8522830171185336,25.433444939633365,0.016162707134016324,26.222775828563293,0.016341808148751705,1,1
2026-01-02 22:22:00,27.5398101019191,-1.93006550449994,25.599623898710814,0.0,27.827899102897234,0.04157665863006648,1,0
2026-01-02 22:23:00,27.635421914561704,-2.9127204569484024,25.53279491151081,0.0,27.91181727470276,0.02373967801358594,1,0
2026-01-02 22:24:00,27.506682442304097,-2.055626659373507,26.730900809709194,0.227364189548783,27.96613679330257,0.03003833903828769,1,0
2026-01-02 22:25:00,27.448261270507583,-1.7709209532417858,26.711054706073217,0.04831903309140922,28.040073858504602,0.052954423752959216,1,0
2026-01-02 22:26:00,27.426995533446892,-1.3223740907716994,27.567488404877622,0.33307979800370296,28.076411229379556,0.07617891841806204,1,0
2026-01-02 22:27:00,27.408655725948496,-1.2825089259823375,25.472173642466295,0.0,28.29593365750614,0.03652697348120412,1,0
2026-01-02 22:28:00,27.30875043726699,-2.325813265090855,27.112675967561454,0.0,27.911373184824043,0.03474441989176637,1,0
2026-01-02 22:29:00,27.325374892047904,-1.946818620569923,27.096112718583033,0.0,27.962321320107314,0.003678513232870509,1,0
2026-01-02 22:30:00,28.466326267257166,1.2518598152021956,23.80748632786091,4.657989283757946,27.914721370839366,0.031633279802184056,0,0
2026-01-02 22:31:00,28.174181496710222,2.3563745420989712,24.289488702155047,5.488062418737529,26.86903925247962,0.026115915253503326,0,1
2026-01-02 22:32:00,28.046000506237156,2.2032102581880175,24.814527752599513,4.896440177815258,28.136074047143758,0.041060468562013064,0,0
2026-01-02 22:33:00,28.088251309176748,1.995474852188332,23.892869276976757,4.595062324470622,27.946281337696398,0.017946756501945563,0,0
2026-01-02 22:34:00,28.37301556435269,1.9546062759770126,23.82683366299233,4.447850321676527,28.247889499864417,0.0286129071492653,0,0
2026-01-02 22:35:00,28.29035252198956,2.402927935286293,23.471454330740894,4.240514245981927,27.91493212041041,0.03589418187576795,0,0
2026-01-02 22:36:00,28.26343514773461,2.366321643242575,22.24693925552819,4.509362250707438,28.123590146105634,0.05917376634682005,0,0
2026-01-02 22:37:00,28.1101002429883,2.369630690804703,23.936766953404927,5.065717727988524,28.174542707320054,0.05314789226701014,0,0
2026-01-02 22:38:00,28.25359052058407,2.145309693405415,23.37909562674317,4.650538879365313,27.836610424754795,0.04778930241962945,0,0
2026-01-02 22:39:00,28.02853593852139,1.8834949334724136,23.111925989703725,4.4646398881501,28.06931587494411,0.03808814686609059,0,0
2026-01-02 22:40:00,28.09170584855914,2.293469354596426,24.1489703775793,4.503135675588015,27.672994475049354,0.017236122398861825,0,0
2026-01-02 22:41:00,28.307135620915652,2.3287450964999343,22.82638595006196,5.027318279978976,28.098905482676027,0.03807769663808968,0,0
2026-01-02 22:42:00,28.28415738645179,1.9933775745598998,24.395532596432368,4.77155792361643,27.86780730151539,0.01109917728331841,0,0
2026-01-02 22:43:00,27.94434942130682,1.952866642170368,24.158873946283,4.580478455026461,28.06809635367958,0.02128806036895044,0,0
2026-01-02 22:44:00,27.961500357174994,2.4868227947396395,23.52940425439215,4.6920640706559,28.090598640156475,0.05701063894185996,0,0
2026-01-02 22:45:00,28.129566387506415,2.6855495293939096,23.754516434285325,5.5720590939416,26.36262998895559,0.034683671041137884,0,1
2026-01-02 22:46:00,28.415318359878537,1.852289392884536,22.955083676365646,5.226868075971975,28.10682584200812,0.029086235286732882,0,0
2026-01-02 22:47:00,27.754543547770847,2.0323325126915823,24.302992691027512,5.314018865384447,28.006707399094193,0.03140279552507444,0,0
2026-01-02 22:48:00,28.144298583710047,2.255696357462447,23.89854191455821,4.1867636190296,27.954342818661225,0.023311098332738905,0,0
2026-01-02 22:49:00,27.841493134758213,2.3099131534086124,23.940428879279555,4.7471142027570705,27.99107328039969,0.013804731195180268,0,0
2026-01-02 22:50:00,27.970118651421824,1.9618544878198205,24.09832144924963,4.57432381529719,27.866079818245943,0.002241031325256892,0,0
2026-01-02 22:51:00,28.013959375603843,2.80731488399931,23.28729057388171,4.990344068541846,27.974597446062486,0.03611029029394815,0,0
2026-01-02 22:52:00,27.999269991498743,2.2975201323974934,22.663744240776616,5.170932407458269,27.96511652220523,0.008430187291148701,0,0
2026-01-02 22:53:00,27.974435566800388,2.3357709824213773,24.38743361750863,4.914249174522014,27.90541378073967,0.023063456668852417,0,0
2026-01-02 22:54:00,28.067531202281813,2.76369209190801,24.18976296215199,4.494635485069189,27.791056813828977,0.002906023804829943,0,0
2026-01-02 22:55:00,27.96576599824508,1.987511144718666,23.32338334754679,4.568645331700967,27.84676766588749,0.012064343055115962,0,0
2026-01-02 22:56:00,27.79491573507704,2.108652347441803,23.975112710297044,5.017199803146499,27.62198661394013,0.024923292420782037,0,0
2026-01-02 22:57:00,28.19475347126661,1.6942070005457373,24.560046147135964,5.052025610623299,27.96305449697286,0.04162949145847533,0,0
2026-01-02 22:58:00,28.18629022702689,2.0641916838096264,24.467414043349045,4.849333330353091,28.043259837795965,0.04523789265358629,0,0
2026-01-02 22:59:00,28.199122718495925,1.5934532828273336,23.26612205238501,4.84542682178635,27.67809205144283,0.011776529791202266,0,0
2026-01-02 23:00:00,27.766783217991264,2.364856165292164,22.610302701142658,4.817542887518992,28.028405773580555,0.03052065829460365,0,0
2026-01-02 23:01:00,24.605954257240004,2.2371620129187604,22.721640870558545,4.89418379521153,27.985303100666997,0.0006577168191039817,0,1
2026-01-02 23:02:00,28.159893265711396,1.9788295062988661,23.416874515581142,5.050586341310134,27.858789308593902,0.02601539078771005,0,0
2026-01-02 23:03:00,27.84994544530521,2.0249523911808485,24.650232554788396,5.020557997532785,27.948255375090234,0.042159722573282626,0,0
2026-01-02 23:04:00,28.03475809085076,2.309643674976801,23.108364528143078,4.808254901859196,28.12609649982608,0.023793146924232025,0,0
2026-01-02 23:05:00,28.00992733210267,1.6274470329788273,23.192651809081006,4.782832703935433,26.775052243552445,0.04868237033734878,0,1
2026-01-02 23:06:00,28.36039694560916,2.0771835919107486,23.170189055528276,4.769445591825585,28.009462129090206,0.0400645474454952,0,0
2026-01-02 23:07:00,28.373382181393364,2.2303001747421796,23.221902585206664,4.526884274530082,28.041591508604235,0.029343841870503727,0,0
2026-01-02 23:08:00,27.725762618470885,1.3405191198825301,23.57848572002397,4.522440147733888,27.90133512322903,0.02050531394831848,0,0
2026-01-02 23:09:00,28.47284029289895,2.1820861270722367,22.682684033767416,4.9903846961810885,28.12099252067095,0.015382063782539855,0,0
2026-01-02 23:10:00,27.857993974650203,1.3337851880224414,24.330291251376654,4.550495889761903,28.048460913374274,0.0012434036016066644,0,0
2026-01-02 23:11:00,28.198272940605452,1.855315005187916,23.462531315419085,5.084876853769558,27.969770687397347,0.0016871684234954464,0,0
2026-01-02 23:12:00,28.19567569538918,1.465582205352886,25.292114880494715,4.78203005113753,28.2835888566301,0.04290882380097881,0,0
2026-01-02 23:13:00,27.841214230121704,2.349646888087534,22.728184542102873,5.086858340452307,28.121509412462217,0.052246434512522144,0,0
2026-01-02 23:14:00,28.1088978540276,1.4194223968571247,24.655704190140955,5.022935581244182,27.79766069371746,0.0055413402092556845,0,0
2026-01-02 23:15:00,28.000643926032108,1.222433537812115,24.51000443054229,5.095025473670227,27.95330111146405,0.02622736464566827,0,0
2026-01-02 23:16:00,28.119889051970393,1.8222584837482723,23.241300844729597,4.6332719852243445,28.295997112933286,0.003340521509081793,0,0
2026-01-02 23:17:00,28.061959485381742,1.606493371656691,23.246507476846794,4.943114807667665,27.882138222839085,0.007417895805233773,0,0
2026-01-02 23:18:00,28.236327166200354,1.2006190781814063,22.871865962142678,5.058260796341927,28.00796005513979,0.02967692804573274,0,0
2026-01-02 23:19:00,28.03532366539281,1.8875622451682526,22.873779225609304,0.8948574049239665,28.147719205195155,0.015663453364772283,0,1
2026-01-02 23:20:00,27.992517271961066,0.9832682779786298,23.50426607744498,5.395592706642101,28.078278590524615,0.009491483456803972,0,0
2026-01-02 23:21:00,28.221224993818208,1.2949578345193746,23.513370621218957,5.593083566139926,28.095576321486494,0.055939565813313566,0,0
2026-01-02 23:22:00,28.12981804294487,1.434358558377659,22.371586023258175,5.131550903074235,28.088510964222003,0.02411536051404658,0,0
2026-01-02 23:23:00,28.15869930570886,1.8953060947726783,25.093198694225645,0.4199811413331786,28.00304712719875,0.005120700133782869,0,1
2026-01-02 23:24:00,27.909184226060326,2.047689090152244,23.300753272467954,1.7160707762284073,27.904922272871563,0.027304615737483634,0,1
2026-01-02 23:25:00,27.04270802760681,-1.639001876825635,25.523174459574957,0.0,28.052171703098747,0.023544390536119435,1,0
2026-01-02 23:26:00,27.13091692039249,-2.09677625632243,25.033871959908318,0.0,27.951666804748932,0.03259286047585655,1,0
2026-01-02 23:27:00,27.123813968201823,-2.9096585745953947,25.280486079216455,0.3375417133761851,27.94223785589681,0.018882613612492778,1,0
2026-01-02 23:28:00,27.379732940023672,-1.9390052063358612,25.2121957326469,0.0,28.17789662645639,0.03065665273167859,1,0
2026-01-02 23:29:00,27.41674656233832,-1.57546234166565,25.456140566428097,0.0,27.95428048101078,0.04198544752168202,1,0
2026-01-02 23:30:00,27.216191975202968,-1.6712822485898011,25.443624894775652,0.0,28.204735648288796,0.0012726854869877131,1,0
2026-01-02 23:31:00,27.504916766080225,-1.952545762794405,26.013055444757445,0.22968861121342796,28.030811960937857,0.01252142703427105,1,0
2026-01-02 23:32:00,27.497097727817813,-2.540840316616834,25.60467998805003,0.0,27.98090227222312,0.040106715313784395,1,0
2026-01-02 23:33:00,27.298188745964605,-2.31672723197325,25.934767675534957,0.0,27.781892593130927,0.015075067691220195,1,0
2026-01-02 23:34:00,27.110217545473045,-1.4627684646356145,25.431212622019594,0.0,28.25438268735261,0.023529895092257534,1,0
2026-01-02 23:35:00,27.545679797136977,-2.640538050686718,25.59643531133263,0.0,27.999283653369467,0.016532935011129686,1,0
2026-01-02 23:36:00,27.255250808228954,-2.54982709323153,25.26229111591557,0.0,27.72750642465951,0.017655549546850953,1,0
2026-01-02 23:37:00,27.293228571296616,-1.8198937465488338,26.13019865397112,0.0,28.118527075856964,0.016127169443577147,1,0
2026-01-02 23:38:00,27.213832588708197,-2.300692525138618,25.650840764736135,0.09131028106084237,27.993976982555548,0.0023436153456941507,1,0
2026-01-02 23:39:00,27.11939423212191,-2.561696956150513,25.3115070442183,0.1701502138971157,27.888240945748027,0.03326554515692418,1,0
2026-01-02 23:40:00,27.019943132799668,-1.6098928010012163,25.28794693001252,0.17302704435149174,28.111742009780702,0.04412145742620078,1,0
2026-01-02 23:41:00,27.40309723268169,-1.978233911845802,25.34051169314498,0.21335033819509835,27.69415211235578,0.021823168358244917,1,0
2026-01-02 23:42:00,27.15318646488596,-2.2665001882353177,25.435956207945267,0.0,27.914308576680856,0.04209033273928258,1,0
2026-01-02 23:43:00,27.85006089859469,-2.525535541663207,25.37303030993505,0.0,27.964071712879704,0.016160510046162944,1,0
2026-01-02 23:44:00,27.109121287567778,-1.3979856188537296,25.019303273085733,0.1312703016977997,28.102262553653294,0.015097914999409118,1,0
2026-01-02 23:45:00,27.083671154503353,-2.1116670278858636,25.944104217241854,0.0,28.26883018536778,0.03239254425309833,1,0
2026-01-02 23:46:00,27.407320087508957,-1.6010983285299478,25.98668075321171,0.3174775178911358,27.97062774243012,0.032692743668038954,1,0
2026-01-02 23:47:00,27.596369619792075,-1.7630320231490535,26.654253667851094,0.13348074751814218,28.055193303376207,0.022970342872344493,1,0
2026-01-02 23:48:00,27.338413542496134,-2.2424162354992228,24.981712232491176,0.4493371969915105,28.329806595375178,0.03717858598711287,1,0
2026-01-02 23:49:00,27.435574448818844,-2.222659819907073,25.869632317319798,0.0,28.000568416947274,0.001834416321129035,1,0
2026-01-02 23:50:00,27.006597839058813,-1.5187654491134148,24.065774477331022,0.373636987537746,28.056183886722796,0.01952850292882032,1,0
2026-01-02 23:51:00,27.222424862787992,-1.4938437718853685,25.981719493248704,0.7121365639984114,27.851517820299335,0.04236672086971889,1,0
2026-01-02 23:52:00,27.157134444708174,-2.6423923341238877,24.38117409959032,0.018809896562669372,28.235100059397034,0.04231827251415103,1,0
2026-01-02 23:53:00,27.015345805801438,-1.7718919556313009,24.71131561928777,0.17475733692926887,27.914442838613724,0.04004846240930894,1,0
2026-01-02 23:54:00,27.3836323377771,-1.9847830067298002,25.632644581686876,0.0,28.032228555421607,0.04337330484652722,1,0
2026-01-02 23:55:00,26.965034356130076,-2.281370157192461,24.96495067520438,0.31291978405881843,28.028828294454375,0.01829427005375129,1,0
2026-01-02 23:56:00,27.136953567931446,-1.8048619413849276,24.869239394373768,0.39517035933350514,28.010240598641815,0.0056935654988178215,1,0
2026-01-02 23:57:00,27.284489993689405,-2.3451279686314663,25.060976176039528,0.0,27.94788235865159,0.020341844951921203,1,0
2026-01-02 23:58:00,27.23781238425486,-2.0119699594621676,25.911519774438318,0.20515584987619329,28.028959149400794,0.036447923157288675,1,0
2026-01-02 23:59:00,27.46507162099082,-2.1038805722799387,24.748366070240962,0.09816545859561172,28.210881697025236,0.039389861304984605,1,0
2026-01-03 00:00:00,28.255004434542446,1.625073057545398,23.364262193773126,4.936774851596548,28.273712077109558,0.015527113148126347,0,0
2026-01-03 00:01:00,28.36716568367483,1.7993972930287478,23.13806581053579,5.084206909267845,27.978982855129086,0.007575716138342688,0,0
2026-01-03 00:02:00,28.347985237162224,1.493262253669107,23.97817656987282,4.9816148281498185,27.946064405318648,0.009366831492694332,0,0
2026-01-03 00:03:00,28.424161425473223,2.423381751891858,23.99909910917856,4.751354260839505,27.902948268708712,0.015213962820911087,0,0
2026-01-03 00:04:00,28.22470584617118,2.069122206223885,22.122330300222714,5.0916537244005475,28.322336272764677,0.2556956485562014,0,1
2026-01-03 00:05:00,28.285880714127046,2.5478041100976982,24.140250421689096,5.189149631333614,28.015460187795618,0.015511375470252511,0,0
2026-01-03 00:06:00,28.329496570692648,1.8863298358992215,22.982963297212514,4.606031948093001,28.13380510834846,0.02586178097061318,0,0
2026-01-03 00:07:00,28.269044146738327,1.772238560171075,23.577887619805967,4.7993703055336985,28.0835992769535,0.023238082218983987,0,0
2026-01-03 00:08:00,28.178119748261985,2.6009172075541773,22.757409343103035,4.180957518172685,28.265008203841926,0.019055129295218076,0,0
2026-01-03 00:09:00,28.19578340280633,1.8034039293464694,23.67677345391472,5.004259316635925,27.97027596663011,0.012593319665886378,0,0
2026-01-03 00:10:00,28.114403114099225,1.962573455694089,25.205428291733213,5.228091151692494,27.867151802916847,0.01468947099785221,0,0
2026-01-03 00:11:00,28.34332021619863,2.2951470233347058,23.511175335276853,4.709946670378758,28.223134210202446,0.015007755956286355,0,0
2026-01-03 00:12:00,28.256289864418317,1.6268966560130398,23.103111661722536,4.846702655242143,28.108396773356976,0.03769864296737218,0,0
2026-01-03 00:13:00,28.159535531307416,2.324756903440132,23.265507575661886,4.722931492769621,28.05475397227855,0.024983279164429037,0,0
2026-01-03 00:14:00,28.16530081382303,2.2943346235518733,22.402884123727244,4.665636321643447,28.184223115169672,0.08200313218017828,0,0
2026-01-03 00:15:00,25.76101734994142,2.5473727526377945,24.448832823073623,4.881259950396308,28.06159965826579,0.019017936650557038,0,1
2026-01-03 00:16:00,28.47157690898467,2.426093492258255,23.657098372601027,4.525515111340275,28.188388082876767,0.0328817166806,0,0
2026-01-03 00:17:00,28.314805903140453,2.579506772605524,22.707541026846812,4.717653072244799,28.02959102746108,0.01941939188617957,0,0
2026-01-03 00:18:00,28.150497341889455,2.09422211552536,22.73420322899076,4.483407175162942,28.108233858964226,0.01898196874225458,0,0
2026-01-03 00:19:00,28.45635766048698,1.8376688926491258,23.46034666618287,5.006176805047387,28.063166959053337,0.05312268822162364,0,0
2026-01-03 00:20:00,28.21482098398059,2.883177608483449,24.106234607412272,4.883733342093696,27.96096595179637,0.04295587075206979,0,0
2026-01-03 00:21:00,28.067273396282392,1.6137391979462075,22.652498928389903,4.649066728915276,27.975353146799502,0.006584416596650343,0,0
2026-01-03 00:22:00,28.508858518742063,1.650507211850851,24.242096949824866,4.8129775609678385,27.952856534162777,0.0065945322080648745,0,0
2026-01-03 00:23:00,28.232803705939055,2.3475816036347745,23.403249270210907,4.722746160478278,28.03185845143796,0.022547651077783042,0,0
2026-01-03 00:24:00,28.260164232348348,2.7168277802409677,22.82106779379276,5.200363309700422,27.945303711232178,0.01569197037665828,0,0
2026-01-03 00:25:00,28.345300403424265,2.2110255096242315,23.149862566921836,4.6456456896297995,28.052307947692462,0.0021498880783206373,0,0
2026-01-03 00:26:00,28.54750799575143,2.4893597990923713,24.706402786472896,5.022265737901159,28.048228188000717,0.027084489717621604,0,0
2026-01-03 00:27:00,28.349229771343424,1.4343388260881178,22.515995632315803,4.553177450142098,28.02461849602876,0.008806252480274099,0,0
2026-01-03 00:28:00,28.133385680353765,1.9496736123349758,22.98090964095469,5.084983440132965,28.026702240368465,0.027281549704912027,0,0
2026-01-03 00:29:00,28.45054651804835,1.4586961837045684,24.165691941490948,5.163056960001263,27.932060989306564,0.03813957994034444,0,0
2026-01-03 00:30:00,28.268586422314087,2.376252726704589,23.656210172704924,5.1795772024080895,27.966162835858754,0.040709245947298696,0,0
2026-01-03 00:31:00,28.698756881589908,1.5486321860881123,22.956785650496354,5.314855911898544,27.79952694087846,0.02240234674980062,0,0
2026-01-03 00:32:00,28.36158137837423,1.6285671676509275,24.192129698888984,4.902355750027659,27.98561567844375,0.052194683547947644,0,0
2026-01-03 00:33:00,27.962131792753908,2.240009510653578,24.231656919523527,5.233281345582134,27.881702652385464,0.030969268835986913,0,0
2026-01-03 00:34:00,28.431218788810042,2.414768952866851,23.76145311888421,5.368462983312148,28.011982291693975,0.04022485530988183,0,0
2026-01-03 00:35:00,28.719172274348303,1.9693368255100565,23.107385040643294,4.407281672640424,27.914261305310383,0.011747252857645331,0,1
2026-01-03 00:36:00,28.654855824871294,2.2052852147403503,23.221984635979467,4.588866650382879,27.753919264186138,0.052389426343053096,0,0
2026-01-03 00:37:00,28.702598877245077,2.1736976008872078,23.748957486796762,4.276504751669007,26.80861269593084,0.024946761786796667,0,1
2026-01-03 00:38:00,28.191096397361015,1.8889156461701972,22.638370335337616,5.17140044365367,27.97222847519852,0.05338187938307909,0,0
2026-01-03 00:39:00,28.540253999407906,1.5592109060663406,24.493355486819016,4.2720137064140795,28.173646943402044,0.049446759171148574,0,0
2026-01-03 00:40:00,28.247306378389588,2.1174190425736032,24.761385644020873,4.177055180831756,27.93676123617176,0.029637484153088534,0,0
2026-01-03 00:41:00,28.41862034426853,2.1110565663072385,23.41355076106545,4.415912561686693,28.20377397091699,0.03230236475982326,0,0
2026-01-03 00:42:00,28.149882503993137,2.185677632867813,23.83561765558617,4.191590796316449,27.86179625638981,0.02176114726727479,0,0
2026-01-03 00:43:00,28.26355949136788,1.9579338337636405,24.424175572603257,4.895255310438901,28.021123789102667,0.01025470838010268,0,0
2026-01-03 00:44:00,28.258165943337985,1.4154397960926797,24.97091941120848,4.420410074114911,27.868925269642297,0.03571356738499885,0,0
2026-01-03 00:45:00,28.54173995042567,2.0416190564792096,24.699968241031044,4.208400980798674,28.312089182635344,0.0347927581640986,0,0
2026-01-03 00:46:00,28.524019790763976,1.77510185610963,22.40340005729088,4.78534433796319,27.970088623031383,0.0041361060200544725,0,0
2026-01-03 00:47:00,28.429389080326317,1.5823313091508164,23.405722979658115,4.805989209956466,28.099414306354692,0.023509976225927726,0,0
2026-01-03 00:48:00,28.13593808591632,1.6241083651959909,23.98556450068797,4.145575915879865,28.05406929115826,0.04062425850535499,0,0
2026-01-03 00:49:00,28.32215315426253,1.46193691302742,23.297739360444922,4.5502045892853165,27.99693812478576,0.051383267698614135,0,0
2026-01-03 00:50:00,28.242964428612506,1.9913882724350653,24.90037215447489,4.77387643680945,28.062126383749963,0.03805569711132026,0,0
2026-01-03 00:51:00,28.532608204337095,1.161302018170459,24.80187585884925,4.675111854285539,28.16310075263983,0.00231080114665461,0,0
2026-01-03 00:52:00,28.586726504236776,1.2879648758427027,23.09917238230917,4.684680870531541,28.080184711731874,0.006019999407689328,0,0
2026-01-03 00:53:00,28.563176510754456,1.4994577478832924,23.565784726099388,5.212750442557639,28.01949458479347,0.018772052291798715,0,0
2026-01-03 00:54:00,28.235250677438064,2.1590879585812885,23.16404767557326,5.551290677313251,28.062318752557402,0.05017861481830292,0,0
2026-01-03 00:55:00,27.076028709729357,-1.6559774712077906,25.56154459896213,0.0,28.229804642263936,0.014072626356611785,1,0
2026-01-03 00:56:00,27.24883995215861,-3.874057664817024,25.549857428089933,0.0,27.94998275523052,0.04405479853707624,1,1
2026-01-03 00:57:00,27.820331038430464,-1.5871292078537216,26.38529129539259,0.0,27.777533571442216,0.013783613243097764,1,0
2026-01-03 00:58:00,27.489557039256283,-1.6035066878180566,25.10515976860758,0.06800258619683285,27.868419883522566,0.034587120837433094,1,0
2026-01-03 00:59:00,27.423800135426887,-2.501066064502185,23.90525664013688,0.0,27.877345179067333,0.008079487267246041,1,0
2026-01-03 01:00:00,27.85156342549972,-2.985619286033307,24.623818025914066,0.21374189137853797,27.8942464436352,0.021511358943445205,1,0
2026-01-03 01:01:00,27.780377447496054,-2.139855484026243,25.03732278217216,0.7741682375686749,27.89837116221808,0.004630992616141024,1,0
2026-01-03 01:02:00,27.553627533005468,-1.7316658058434389,25.308402833524372,0.0,27.99716805098212,0.05097579143706621,1,0
2026-01-03 01:03:00,27.492810502595976,-1.5759280912732316,25.90877774910239,0.0,28.029690151467257,0.012492658115401456,1,0
2026-01-03 01:04:00,27.518063717342848,-2.4443930467230337,25.032382708403407,0.5394001120765272,28.028400607055065,0.0028486363956929973,1,0
2026-01-03 01:05:00,27.57877730347116,-1.5314900269222338,24.951063198094488,0.0,27.912366650376978,0.004273705480996596,1,0
2026-01-03 01:06:00,27.821774579223458,-2.927859001914741,25.15892631022375,0.2763227269510481,28.119268008135375,0.023462209450015165,1,0
2026-01-03 01:07:00,27.605525300423658,-2.2786045042969345,25.039396624788782,0.22081524407168057,28.064134698613422,0.016754773334001667,1,0
2026-01-03 01:08:00,27.65572373262966,-2.295810523682195,25.443131051528987,0.4329079498848309,28.189757036494896,0.036677026728974625,1,0
2026-01-03 01:09:00,27.730912128777227,-1.7447647046553898,25.424203341510182,0.6696689104558351,28.101611324853607,0.020767904326374296,1,0
2026-01-03 01:10:00,27.305160089559184,-1.6902768504753518,26.335775994359942,0.11657544748518316,27.958056188969348,0.045987391797434204,1,0
2026-01-03 01:11:00,27.646694206203946,-1.8056252247949118,25.171999456686773,0.0,28.1566585964359,0.018062508613373204,1,0
2026-01-03 01:12:00,27.452778969573554,-2.6055622977643678,25.62568651612973,0.0,28.03283033035754,0.043476675238686376,1,0
2026-01-03 01:13:00,27.047757587385636,-1.8225976879687529,25.505920945921257,0.765118503307765,28.095757434265668,0.007853973838964644,1,0
2026-01-03 01:14:00,27.11231495000453,-1.9364132271969887,26.465185701818594,0.0,28.08645156816368,0.002059998431438153,1,0
2026-01-03 01:15:00,27.306738829926633,-2.6880409261724116,25.80259503231071,0.1738822992167006,27.98508162000643,0.010179908921461454,1,0
2026-01-03 01:16:00,27.580125062448122,-2.813617990474855,26.65779561342201,0.0,28.012392445651674,0.004682630243097483,1,0
2026-01-03 01:17:00,27.49939072818329,-1.7125075122550846,25.127457389636973,0.0,27.984235044153497,0.0026686404100458687,1,0
2026-01-03 01:18:00,27.506398603045263,-2.123135444259825,25.911457852296294,0.3104280484899695,27.897646445411016,0.0324457392161779,1,0
2026-01-03 01:19:00,27.818599013698467,-2.4929441620198545,25.55487621237593,0.012586322115414505,27.74263662664532,0.02024230116277014,1,0
2026-01-03 01:20:00,27.233127495123856,-2.0978358384383613,25.111838689968184,0.0,27.91674333366796,0.027551957666999735,1,0
2026-01-03 01:21:00,27.450685055234416,-1.878310459912746,25.934967945928594,0.0,28.023899878775968,0.03449588921290064,1,0
2026-01-03 01:22:00,27.504413118153547,-3.805501426433814,27.20751158408102,0.0,28.13027018550685,0.005342540885520965,1,1
2026-01-03 01:23:00,27.31101678023104,-2.507510200569196,25.40974230025267,0.24269206017932318,28.095518798613796,0.17560019787115969,1,1
2026-01-03 01:24:00,27.442522918462124,-1.2824129088290928,25.929954169397533,0.0,27.96644642860141,0.003306312942116408,1,0
2026-01-03 01:25:00,27.143265791844865,-1.5682307610182291,34.756488931785874,0.0,27.918378803941565,0.014617239847767086,1,1
2026-01-03 01:26:00,27.678834277282316,-2.013855182621667,25.02272742057458,0.010566198828599306,27.978415097044852,0.009058260599076759,1,0
2026-01-03 01:27:00,27.296124503932695,-1.9760522213520173,25.505726290174938,0.2034368053935448,27.882999224370586,0.03678244180104499,1,0
2026-01-03 01:28:00,27.77820819493407,-1.7228899971864085,25.754500858338652,0.0,27.74616764471801,0.005403133411139901,1,0
2026-01-03 01:29:00,27.400436531101306,-2.219782254319554,25.798334866274214,0.040597439159347465,27.814582645003032,0.0033980410128645194,1,0
2026-01-03 01:30:00,28.385049641771854,1.9129367527879386,23.936845481491396,4.813344385420605,28.16496896297938,0.0047035383520511904,0,0
2026-01-03 01:31:00,28.184123574175143,1.3586584129091692,22.954114084923056,4.552621816980138,28.222874188652618,0.02268231994186244,0,0
2026-01-03 01:32:00,28.181909944919163,1.8240236094402114,23.68273043645315,4.818990864654941,28.090472916871768,0.022133153744967726,0,0
2026-01-03 01:33:00,28.07605959663186,1.4637690668363152,24.485129432407287,5.057325925963379,27.993021684969985,0.03961416492664161,0,0
2026-01-03 01:34:00,28.19639114911312,1.5051436807216032,23.19619047818589,5.1621252856639535,27.832842355281993,0.023117749171409113,0,0
2026-01-03 01:35:00,28.225983093014477,2.495709964930364,23.911479319796012,5.07675526850627,27.980664156937017,0.04238386722345431,0,0
2026-01-03 01:36:00,28.021409364048072,1.9630868880761154,24.378244892221904,4.56371568906743,26.828926444927074,0.031827839197664305,0,1
2026-01-03 01:37:00,28.13394606393728,2.0369073168654652,23.638891965866453,5.022674393049424,28.099585752699276,0.007981372476030119,0,0
2026-01-03 01:38:00,28.04056748006266,1.2814887911031567,24.438819948243538,4.962913249567791,28.082657320097802,0.012990499509441514,0,0
2026-01-03 01:39:00,28.55831647354318,1.7967742228199997,23.148285947511592,4.551601922644181,26.541755057290032,0.052190500930703126,0,1
2026-01-03 01:40:00,28.122284835617286,2.1863999049368137,24.8483558251712,4.637490541861197,28.233154271705345,0.04709375233753037,0,0
2026-01-03 01:41:00,28.410712600490513,2.1110781227422812,37.863414147301135,5.037892585926639,27.951397317791187,0.03983341518186981,0,1
2026-01-03 01:42:00,28.091575384700974,1.3061902514432855,24.29226794541231,5.281917853482255,28.33663744577237,0.04219880573945865,0,0
2026-01-03 01:43:00,28.16776496905425,2.148302034592328,25.054164797499826,4.165914835706825,27.75760749419591,0.03337225918686419,0,0
2026-01-03 01:44:00,27.87764958580239,2.218458731636655,24.049774679968518,5.374021433429253,27.906602626533378,0.031031920139273562,0,0
2026-01-03 01:45:00,28.029526933463785,2.5524255906940994,23.861381275232368,5.2074558865678595,28.02400003040977,0.02589486761321795,0,0
2026-01-03 01:46:00,28.142510773180085,1.885247024576291,25.26825563399527,4.8696914750581115,28.06588311071421,0.0555792861961394,0,0
2026-01-03 01:47:00,28.384825966948043,1.3397902970508868,25.60963517984998,4.715749181824701,27.97820372155281,0.016636147904852475,0,0
2026-01-03 01:48:00,28.134155554569084,1.7840000175714972,23.849345457684723,4.9366517072267,27.940508087230402,0.029325400456490867,0,0
2026-01-03 01:49:00,28.33825059945612,1.7556307405926024,24.268810414271428,4.5758021237693605,28.264310249680594,0.005748867692455507,0,0
2026-01-03 01:50:00,28.199629470092948,2.4025308207772635,25.093663223362284,4.737806743018665,27.934777290868624,0.0007529085163967345,0,0
2026-01-03 01:51:00,28.372488731959045,1.1972248574405346,24.321156475371627,4.283740566996357,27.87767512489235,0.05767292023541624,0,0
2026-01-03 01:52:00,28.06433389420247,1.9928620284312661,24.805814069780258,4.190466965026074,28.202899078345865,0.03610204475412564,0,0
2026-01-03 01:53:00,28.50075892385637,2.648815205208723,24.949646202036046,5.616307322147059,28.101898322939153,0.02117142681115021,0,0
2026-01-03 01:54:00,27.978862614889525,2.1506070253706686,24.023527311029692,4.8220763264429,28.131366066609726,0.02640984256873661,0,0
2026-01-03 01:55:00,27.924148870083005,2.4583935992160217,24.72442269289793,4.871291157350829,28.023504548509063,0.0005538016595701273,0,0
2026-01-03 01:56:00,27.840348551406763,1.5649740874537181,24.440396363845302,4.789243522411194,27.83488159710065,0.017293840060224146,0,0
2026-01-03 01:57:00,28.47396138189296,1.5721734510810899,23.606732783687438,4.510279093181688,28.01015436577991,0.0012464620203092754,0,0
2026-01-03 01:58:00,28.198273800011314,2.6275492093442123,23.779600042512442,4.692528261582856,27.818357488634657,0.019684501976041886,0,0
2026-01-03 01:59:00,27.987209610683387,2.150003294219751,24.029485509050854,4.831916042888922,28.02907684787137,0.03724576937860918,0,0
2026-01-03 02:00:00,28.26893951275603,2.139254918097757,25.14996389556182,4.731176602856812,28.07840835205365,0.03315941859558231,0,0
2026-01-03 02:01:00,28.164854026606594,1.6988096605568175,25.186773357491013,4.536729045306932,28.129050362509947,0.053604149563787444,0,0
2026-01-03 02:02:00,28.392120016513758,2.111077368894933,25.052582147812807,4.9678210776284155,27.988913428023892,0.03030520094724923,0,0
2026-01-03 02:03:00,27.756951907731146,1.6590225399980518,24.849536693222863,4.86592764215385,28.08977075732631,0.019612683708898793,0,0
2026-01-03 02:04:00,27.98534208668141,2.458535086777635,24.844247165007246,4.937517720110293,27.891538535159622,0.06011200632712025,0,0
2026-01-03 02:05:00,27.947601479148826,2.9797164118441555,24.76336188617062,5.046765684206942,28.115995774896128,0.009867519461510413,0,0
2026-01-03 02:06:00,27.673546945313323,2.1751042070852353,24.868177424875874,4.740316630695606,28.08094935232959,0.027917858858970426,0,0
2026-01-03 02:07:00,28.217831791591447,1.763240507570083,24.92939012477076,4.740889220901482,27.903969088325614,0.0268329078385322,0,0
2026-01-03 02:08:00,27.976675389225715,1.0775346313019298,23.62730237032717,5.318858396788219,28.063643517229202,0.0293361768908363,0,0
2026-01-03 02:09:00,28.157067048765494,1.3527953849867151,24.07096902119986,4.469594676881808,28.130766545207273,0.02586505852503618,0,0
2026-01-03 02:10:00,25.983146507160992,2.4639086910234926,23.917621419783302,4.1442288881214715,28.009437510901797,0.026182173755870574,0,1
2026-01-03 02:11:00,27.95816788309755,1.536255929391082,25.426570825110904,4.994438545720118,27.90129848453313,0.0012105307355912004,0,0
2026-01-03 02:12:00,27.945178521955423,1.7429768831959411,25.823118220541357,4.579727466794005,28.021330696607908,0.07156568953337845,0,0
2026-01-03 02:13:00,28.04179802150355,2.078074676438736,23.16056733742585,4.422927164947293,28.06629408962608,0.03672585351463087,0,0
2026-01-03 02:14:00,28.197814174673574,2.3432161955870687,25.78789559318297,5.109833305982347,27.900397665926107,0.025933853127310575,0,0
2026-01-03 02:15:00,27.917991655444172,1.730144577592661,24.76682440751636,4.749331065684294,27.879082727340638,0.05815360437640842,0,0
2026-01-03 02:16:00,27.90653656365278,1.6339518298064446,25.42858485197694,4.357752579828855,28.062594681022716,0.005705357147994611,0,0
2026-01-03 02:17:00,28.210732539596677,1.7763567746427233,25.087734829123686,5.477231141653344,28.098798154213,0.04063101345959543,0,0
2026-01-03 02:18:00,28.089141137124557,1.5075576723900619,25.754974374564263,4.23625980746091,28.257970881729186,0.015007013211480786,0,0
2026-01-03 02:19:00,27.65370066028565,1.5026902043115162,24.90696860007634,4.769662562682365,28.079887194682374,0.22033229409074168,0,1
2026-01-03 02:20:00,27.802164080553364,1.824450990972878,23.819140754712297,4.138753128803484,27.854910195882873,0.03264014679614902,0,0
2026-01-03 02:21:00,28.294155887356812,1.7224942061655433,24.712953238277635,4.894730381848279,28.244774024599003,0.017056671957629013,0,0
2026-01-03 02:22:00,28.097693860224506,2.3817468103204424,25.161206361343815,4.5756119549263525,28.12659845775753,0.0007699572217035808,0,0
2026-01-03 02:23:00,27.889777627144397,1.768125343340784,24.662348417642924,5.086746185365279,27.759367465399787,0.0535559057214335,0,0
2026-01-03 02:24:00,27.998136088764575,1.9971761035304765,25.28715794524161,4.793914764792651,27.876365198527772,0.020461024473442883,0,0
2026-01-03 02:25:00,27.233237929362836,-2.399925475243385,26.793930521764132,0.4727127226523902,27.94101298949141,0.06102844322924934,1,1
2026-01-03 02:26:00,27.365538911028406,-1.85932537815005,26.436181447407513,0.0,28.100571783059376,0.04858225796804358,1,0
2026-01-03 02:27:00,26.991074406549746,-2.313144160227457,26.105916630657205,0.0,27.714465404269852,0.021035053741842134,1,0
2026-01-03 02:28:00,27.086846226705468,-1.937395121608558,26.604836447718625,0.08313061855940304,27.985706510069626,0.01944674200134372,1,0
2026-01-03 02:29:00,27.290201469160802,-1.8491830410540728,27.035253221374802,0.0,28.093725862654658,0.05467149548892129,1,0
2026-01-03 02:30:00,27.22614520282962,-2.085654795924037,25.53336274497398,0.0,27.659906510138907,0.06285435881634116,1,0
2026-01-03 02:31:00,27.35028599556645,-1.2720139136885273,26.37170351757346,0.0,28.089611010314602,0.01984117201526827,1,0
2026-01-03 02:32:00,27.029461905415364,-1.6247214299104153,25.53282660217884,0.0,28.104033214227027,0.05268696924083583,1,0
2026-01-03 02:33:00,27.318660102741347,-1.7208339142131195,26.511244681500404,0.5443841866402566,27.898401695614208,0.0435403341553453,1,0
2026-01-03 02:34:00,27.45464311583873,-1.8721033368670945,27.79393345309367,0.2476060298494926,27.86160552780051,0.046645851366756974,1,0
2026-01-03 02:35:00,27.349739338725456,-1.5275064273487584,26.138075753511394,0.0,27.896524773301056,0.026820626697026218,1,0
2026-01-03 02:36:00,27.291274044571153,-2.651021917493121,27.473039165418957,0.16480440545528358,27.67934825389015,0.012896477231722627,1,0
2026-01-03 02:37:00,27.253259787477166,-1.6701876981599817,28.987399126817657,0.0,27.960857212705516,0.00602125738627643,1,0
2026-01-03 02:38:00,27.124688285818507,-2.496722298656517,28.02301453856378,0.0,28.026351550690357,0.0015232049916431428,1,0
2026-01-03 02:39:00,27.266596744216244,-2.3456013550522514,27.11123369165571,0.1403483826529269,27.853679584324826,0.05939599984992596,1,0
2026-01-03 02:40:00,27.511045283774894,-1.9481953581326887,27.630833160569427,0.05788170723841379,28.11664594990701,0.025197005927805195,1,0
2026-01-03 02:41:00,27.267755803253362,-1.7079764462678444,26.08322211399737,0.0,28.012308061678645,0.004394039020106006,1,0
2026-01-03 02:42:00,27.134033936504636,-2.5366216017919934,25.952595264411944,0.0,28.031202129778414,0.04304369366902592,1,0
2026-01-03 02:43:00,27.210740801397492,-2.303905056285584,27.08597216351523,0.11833797664920633,27.95176040045388,0.016380300367628157,1,0
2026-01-03 02:44:00,27.340767585947688,-2.0804416908292516,27.356719487385313,0.0,28.08916527376269,0.013282440897425236,1,0
2026-01-03 02:45:00,27.242767480507446,-2.1683369929680536,27.855492473451363,0.3013513849232154,28.154867282302707,0.06222418065859952,1,0
2026-01-03 02:46:00,27.402849709649903,-1.7912519289619473,26.70290028242677,0.11154573846067485,27.95109776290348,0.0010473483204383564,1,0
2026-01-03 02:47:00,27.41520507051279,-0.8732290981677666,27.247940017190164,0.1789341646503877,28.091323812507394,0.029230852893454003,1,0
2026-01-03 02:48:00,27.48680437671919,-1.9133384409330363,27.23537393362651,0.5997441758805291,28.092643294939368,0.014363438640575066,1,0
2026-01-03 02:49:00,27.588811518192838,-2.300449183017464,27.043354099860966,0.28962721653777307,28.050144473180982,0.011490922690100434,1,0
2026-01-03 02:50:00,25.743015827864216,-2.4787535791139392,27.095831364227923,0.6093354562333404,28.201246503292783,0.0013493868461468307,1,1
2026-01-03 02:51:00,27.176213909465876,-3.2325025344533422,26.55940232951558,0.0,27.91282123927592,0.026072503589644577,1,1
2026-01-03 02:52:00,27.187749075569208,-2.3145592025916946,27.36451851333354,0.0,27.949414202195566,0.00926978204824902,1,0
2026-01-03 02:53:00,27.34281519302929,-1.8006726197836744,27.316180560535916,0.0,27.9067648748365,0.03564480236422018,1,0
2026-01-03 02:54:00,27.281364331349707,-1.7841502525520587,26.882452261250545,0.0,28.087002597368926,0.024153875751876254,1,0
2026-01-03 02:55:00,27.16384451716698,-2.0818159217477237,27.667208374940053,0.5107949533362744,27.967301648230055,0.01937274385102101,1,0
2026-01-03 02:56:00,27.295444318876047,-1.2017388197116274,27.931243669628994,0.0,27.916510103326377,0.00936619916763291,1,0
2026-01-03 02:57:00,27.295772548560397,-2.130175653520177,27.69640773851108,0.0,28.199577715209344,0.050752707313193604,1,0
2026-01-03 02:58:00,27.266511241569038,-1.8905114591003789,26.502902730135173,0.14181277811501034,28.21714069768729,0.03824224726674248,1,0
2026-01-03 02:59:00,27.336875983085644,-1.6007078327490192,27.312618125736517,0.03503587639452547,27.057695292543205,0.012735834031013554,1,1
2026-01-03 03:00:00,28.412121153057296,2.112219212819432,24.614999722517137,4.739964623466456,27.83591103159525,0.0005343091893037118,0,0
2026-01-03 03:01:00,28.242144756831312,2.271566548350559,25.33060695880397,4.925498958622221,28.223622094041875,0.008983805337682747,0,0
2026-01-03 03:02:00,28.657481798963925,1.9986843529836555,24.637639278864796,5.177684170819192,28.056487664529573,0.04547236108857436,0,0
2026-01-03 03:03:00,28.249506596871715,2.2405885370620173,26.176703581078563,5.337510914927932,28.05048668507355,0.04136511283055696,0,0
2026-01-03 03:04:00,28.172839318864103,1.6636852143261578,37.85217180108722,4.811482522609629,28.01260012115147,0.04383826533162538,0,1
2026-01-03 03:05:00,28.232000590857922,2.241035736286608,26.108958003903222,4.514453986241902,27.90396187255589,0.022834811528693134,0,0
2026-01-03 03:06:00,28.283592660467033,2.2590130276312634,26.047469892230836,5.337086932932677,27.950405745287355,0.039508216468887865,0,0
2026-01-03 03:07:00,28.321891653498728,2.493825383138796,25.131115461865033,4.422828293642579,28.081326405092536,0.04348949313815499,0,0
2026-01-03 03:08:00,28.623422762701683,1.401519145201632,25.03174969834052,5.426702595090297,27.9462927567359,0.023743682993083225,0,0
2026-01-03 03:09:00,28.10346537529153,1.6882107478419948,26.5578934422027,5.270447377721555,28.051958023390185,0.018553333919314983,0,0
2026-01-03 03:10:00,28.416191916270613,2.313075002668842,34.254021561013275,5.321289577000105,28.00160386925882,0.007426893771313104,0,1
2026-01-03 03:11:00,28.304824294385405,1.1151528617021533,24.408102081993327,5.03988679959058,27.87317356227982,0.03267067988553124,0,0
2026-01-03 03:12:00,27.99041500209093,2.2323028497430064,26.070143988916357,4.0606284859517645,28.194535677136738,0.03506584900683675,0,0
2026-01-03 03:13:00,28.41763258719909,2.4467353124883293,25.474032406297223,4.436307709123559,28.071283951307436,0.017682374623139548,0,0
2026-01-03 03:14:00,28.51267712224616,1.8884318137516112,26.435884570143255,4.907410877242571,28.03967772110796,0.019802650577874926,0,0
2026-01-03 03:15:00,28.13570824732006,1.9525423912853817,25.559997468399033,4.563523550507173,28.066602546497126,0.02108869002064403,0,0
2026-01-03 03:16:00,28.29377737134142,1.738629844670741,25.3839721346462,4.68965204258174,27.7848529949574,0.03924233918557535,0,0
2026-01-03 03:17:00,27.990090955463344,1.9419728571923813,26.47417042353355,5.014482863289073,27.940818447753568,0.00026213780403656906,0,0
2026-01-03 03:18:00,28.079216182669462,1.9604708050166868,24.336729047589504,4.740509000239977,27.81672393514878,0.005105437318380802,0,0
2026-01-03 03:19:00,28.499464389529724,1.9006090581336659,25.011527230824253,4.373342788486481,28.014962346374958,0.005456584939687675,0,0
2026-01-03 03:20:00,28.23174679866224,1.8864953513296991,24.807606637753572,5.109980549598498,28.039109464532046,0.022326425536036986,0,0
2026-01-03 03:21:00,28.120858973655746,2.053230988667958,23.89953808497286,4.980215971303804,28.01696065898968,0.030674989620980295,0,0
2026-01-03 03:22:00,28.366341372285135,2.050700278977041,26.054502821424638,4.712851419957152,28.141430698400317,0.00576023660259169,0,0
2026-01-03 03:23:00,28.235446926403373,2.805732954408053,25.06012286912406,5.048943164436635,27.820317734295717,0.04136210572730606,0,0
2026-01-03 03:24:00,28.249018170186336,2.0101178632879426,26.090959759289078,4.833266472084156,27.904089883315574,0.051327690139049205,0,0
2026-01-03 03:25:00,28.470966684382898,2.2651352892214236,25.736297891912475,5.265976417345336,26.692134413201913,0.03244835715455107,0,1
2026-01-03 03:26:00,28.132729931041023,1.9376944659298951,25.895520075717823,4.852922759945128,28.03167239886982,0.045210221895142455,0,0
2026-01-03 03:27:00,28.18265732070476,1.926511259158795,25.158170457106444,5.263374683303238,27.842148312053858,0.00852690302346044,0,0
2026-01-03 03:28:00,28.376961161646705,1.527984660891958,24.948251865776857,4.144221526518676,28.143583584157515,0.008955525153588061,0,0
2026-01-03 03:29:00,28.527142419642832,1.564599729470825,25.552178389376813,4.96072665812414,28.18518665469821,0.0342632315967593,0,0
2026-01-03 03:30:00,28.578753426949373,1.6806594934460053,26.13872748602834,4.660748371161706,28.051070440873257,0.024308751118535504,0,0
2026-01-03 03:31:00,28.23921945704951,2.1544570425602894,25.465849163914875,4.499332154079774,27.818911432172836,0.008922037177777519,0,0
2026-01-03 03:32:00,28.530510782379384,2.4524645431119616,25.015409864040404,5.205475202791794,28.01916702944662,0.05065085674016402,0,0
2026-01-03 03:33:00,28.223292569550996,1.434768104503659,24.672942368123604,5.111180601156712,28.040841107909927,0.03037822424025598,0,0
2026-01-03 03:34:00,28.695610776265244,1.8509535491885631,25.66049903824458,4.0977331588176344,27.967378922035838,0.03763914950836142,0,0
2026-01-03 03:35:00,28.165065887165913,1.5465639151176642,25.1349068600271,5.050423472360762,28.16166935536973,0.012863473657741827,0,0
2026-01-03 03:36:00,28.610316358875636,1.9132278553556175,25.477543425529458,5.007951816242077,27.98608736072348,0.2940121686882888,0,1
2026-01-03 03:37:00,28.254859606041524,2.3619910652791325,25.3654620958452,4.546924972669819,28.25254508248678,0.022193277722052797,0,0
2026-01-03 03:38:00,28.737037592592706,1.8079062064122757,25.226187907202966,4.507643618562892,28.093974065744025,0.0433430218238226,0,0
2026-01-03 03:39:00,28.482504299325534,1.9257268848066385,25.747470628025876,4.243298671390557,28.033129615595445,0.014509099471664315,0,0
2026-01-03 03:40:00,28.194382420248715,2.4290369889012933,25.93431502682554,4.681863835967063,28.11045128608005,0.028035661409700822,0,0
2026-01-03 03:41:00,28.28424532605583,2.056738400213714,26.926046260476856,4.737879361592702,28.183706232775812,0.03504104854393096,0,0
2026-01-03 03:42:00,28.519626558106562,1.6067369422503273,26.084951368198272,5.078948873125479,28.107886242093254,0.06091732804420984,0,0
2026-01-03 03:43:00,28.56903752421757,1.9043309353785354,26.67380806937659,4.8942831275751955,27.99089979799794,0.017084912202509777,0,0
2026-01-03 03:44:00,28.367161542353035,1.5347726118196472,24.988899542735382,4.429032159643484,27.920809567929116,0.0286461275979707,0,0
2026-01-03 03:45:00,28.38803849057342,1.9471687044576018,24.44478013773258,4.883606013730695,27.865347119528227,0.03565339469111663,0,0
2026-01-03 03:46:00,28.51639389473937,1.95595428811502,25.558693727202034,4.711084103208631,27.70711370681762,0.0004671208737465106,0,0
2026-01-03 03:47:00,28.403285245908716,1.2727835194895136,26.172598630969603,4.472810825217444,28.020908005635697,0.014138117188790343,0,0
2026-01-03 03:48:00,28.14618306648538,1.788533204298816,26.065808138636612,4.243672464679667,27.953479643425734,0.007074928142117801,0,0
2026-01-03 03:49:00,28.23191292793825,1.662376285165486,26.425807658251273,5.0186811672589275,27.95990457520568,0.042409238045310035,0,0
2026-01-03 03:50:00,28.419586985309497,1.8709300388462593,23.804934224511914,4.956239002317814,26.1265164719814,0.05589532433896188,0,1
2026-01-03 03:51:00,28.59485340310167,1.9486136427801677,26.460104594401074,4.994869159898317,27.98655129872417,0.008386261266631185,0,0
2026-01-03 03:52:00,28.665530067078848,1.8027923144685478,25.820178377129405,4.545114448277882,28.227412437789507,0.0030989589229443414,0,0
2026-01-03 03:53:00,28.51334240100776,1.50841058383546,24.506707577624198,4.859877951735617,27.931228020215297,0.05262542755491582,0,0
2026-01-03 03:54:00,28.422902509919673,1.920940669000043,26.09597776097648,4.318622548526463,27.883485860509523,0.014822319060742023,0,0
2026-01-03 03:55:00,27.703931171218308,-2.3305476350988714,27.709963975228998,0.0,27.84908363507793,0.018307766608077477,1,0
2026-01-03 03:56:00,27.446877940784788,-2.5053131273399716,27.859832950576646,0.011806269911917173,28.086730126923715,0.05126441186889019,1,0
2026-01-03 03:57:00,27.53685660952919,-3.178451028513368,28.293822523900182,0.09182356061276242,28.13817832669961,0.04830461385694428,1,0
2026-01-03 03:58:00,27.41343939849274,-2.100353096870359,27.89693972795899,0.0,27.928672612448953,0.04181317924049324,1,0
2026-01-03 03:59:00,27.33415689678722,-2.37770440421696,26.565897221357897,0.0,27.872322075744773,0.005806480184654638,1,0
2026-01-03 04:00:00,27.615923394775713,-1.9638948246981758,27.497711012423064,0.0,28.1836331466473,0.002347805732939065,1,0
2026-01-03 04:01:00,27.58604105249341,-2.804507504120234,26.466259032670994,0.33548155651860245,27.825951774362135,0.04516914558434598,1,0
2026-01-03 04:02:00,27.67300421027153,-2.3510268419131997,28.053561736295872,0.0,28.121226421344,0.03072202341026288,1,0
2026-01-03 04:03:00,27.64392318854813,-1.9682753136507343,28.578231777320457,0.04920134897827732,27.93148223676126,0.011000774977584183,1,0
2026-01-03 04:04:00,27.585517904487503,-2.500046155418743,26.730896774837568,0.08588742422192824,28.047651442853223,0.018797939965077993,1,0
2026-01-03 04:05:00,27.638078999583374,-2.0014428515397693,27.129975367627313,0.0,28.129230606678476,0.04499773777777846,1,0
2026-01-03 04:06:00,27.526083111264985,-2.3430405716527094,26.982254623838678,0.09380701335580215,28.05715074276249,0.0524969838482137,1,0
2026-01-03 04:07:00,27.60380161520099,-2.1612696978796824,27.281918917854796,0.0,27.964569272465315,0.024892480827508202,1,0
2026-01-03 04:08:00,27.394332514199075,-1.9414814872107844,27.887914630643856,0.0,28.167531671345696,0.012635475886539026,1,0
2026-01-03 04:09:00,27.586990575759636,-1.814603705288536,27.288462266795808,0.5020259501141132,28.034692166191558,0.020041125016355098,1,0
2026-01-03 04:10:00,27.63601695309506,-2.1123103695920613,28.054600522160417,0.5266677156991632,28.441901140717864,0.04917518030172956,1,0
2026-01-03 04:11:00,27.39027640850562,-2.424507107404162,38.179161850169976,0.2950222608469161,27.795381439920966,0.04882360070324916,1,1
2026-01-03 04:12:00,27.51513112323136,-3.6697023738678762,28.366978452987983,0.38513726648377666,27.793608763211644,0.028496585147205673,1,1
2026-01-03 04:13:00,27.388406270891448,-1.901579972017942,26.811719351920676,0.0,28.119311268152046,0.015469188090428966,1,0
2026-01-03 04:14:00,27.400614262189077,-2.4720166704236215,28.563122702702916,0.0,27.99618986007214,0.04448976719470828,1,0
2026-01-03 04:15:00,27.28751271608161,-2.1654322001486244,28.61757677085929,0.0,28.095113127437592,0.05421300178614015,1,0
2026-01-03 04:16:00,27.71234436783144,-2.225222584820783,28.676383520132333,0.8454746742449138,27.86819429321487,0.0011631257326612278,1,1
2026-01-03 04:17:00,27.670730137871644,-2.111980387923997,27.47704654540932,0.0,28.00649592990568,0.02081622975092856,1,0
2026-01-03 04:18:00,27.569950689514563,-3.6691644358845963,27.05906480731146,0.26071650486811077,28.05487809773394,0.045807262083145756,1,1
2026-01-03 04:19:00,27.82242445816475,-2.6913109529348906,26.894051933946066,0.13243020988919638,27.934754698754197,0.02632610167732793,1,0
2026-01-03 04:20:00,27.42749940041631,-1.8427157478044138,26.809270055199185,0.12464321125592306,28.02781956470119,0.016205445305661516,1,0
2026-01-03 04:21:00,28.001340293707404,-1.668278840081344,27.58602384228808,0.0,27.83661685829462,0.028333385968215385,1,0
2026-01-03 04:22:00,27.40865942928168,-2.6127329776059796,28.16849123546831,0.0,28.0473787429778,0.03167267743544869,1,0
2026-01-03 04:23:00,27.489480744524023,-1.835190890650886,28.486570468756376,0.0,28.173453762924463,0.004716927718121728,1,0
2026-01-03 04:24:00,27.36582407983796,-1.563243804880724,27.228904924752495,0.44864486871250414,27.85149064425784,0.026634311839474123,1,0
2026-01-03 04:25:00,27.498275272790902,-1.7111381837971738,27.538359690285294,0.0,27.84424559871786,0.03161200329451509,1,0
2026-01-03 04:26:00,26.033950814493352,-2.0423076370725726,27.488988515335585,0.0,28.1427905276445,0.016164785340037482,1,1
2026-01-03 04:27:00,24.565780023286866,-2.2029928211989867,27.113534263839096,0.15328635735102522,27.842123462872465,0.010969212592942212,1,1
2026-01-03 04:28:00,27.732365737755114,-1.820368257563529,28.069398638751547,0.14657629317416268,28.100872117417012,0.4053199917365844,1,1
2026-01-03 04:29:00,27.44932878064047,-1.7376899952140346,27.804344771857565,0.2687623090184782,28.00664181831357,0.007523572952723656,1,0
2026-01-03 04:30:00,28.248687369499834,1.833532628904559,25.645438390508392,5.19050049562943,27.94986136686069,0.04031116992687994,0,0
2026-01-03 04:31:00,28.03009850558108,1.761367645269294,25.792621942931365,0.9796992694524963,28.175982979360718,0.007294477929412287,0,1
2026-01-03 04:32:00,28.262773668145126,1.4697824818930494,25.968105463052392,4.49375640266608,28.11137773701004,0.028402779391650618,0,0
2026-01-03 04:33:00,28.157059976866137,2.0207099937443087,25.956413156810534,4.688453856060884,28.033565875395023,0.01826441858477164,0,0
2026-01-03 04:34:00,28.065465690546475,2.0612721475806817,24.940818867416976,5.087574064419306,27.741680017774748,0.012288681626893332,0,0
2026-01-03 04:35:00,28.028977934553243,1.9899947940755711,26.15018411859714,4.064076352165665,28.085470445968127,0.04968389724475869,0,0
2026-01-03 04:36:00,28.643493304009002,1.9812056008514751,25.696341209894296,4.84487221763194,27.871496808901718,0.022645897384735082,0,0
2026-01-03 04:37:00,28.109028153759834,2.5520523676861977,25.20802369561627,5.126242638568234,27.97343416609241,0.01295081031820117,0,0
2026-01-03 04:38:00,27.888127900212314,1.7669391678809268,25.670726073895327,5.111799756456349,28.00088008821154,0.011227863409154689,0,0
2026-01-03 04:39:00,28.018697078260647,2.4542271224121914,25.742250801461037,5.047996554693066,28.227673278546995,0.03110316511754495,0,0
2026-01-03 04:40:00,28.129154163095663,1.7680670991626448,26.25255832472751,5.17205018208594,27.969610953046093,0.039878581489748335,0,0
2026-01-03 04:41:00,28.230970879056102,2.431263130195401,34.424423106499646,3.8384860527195057,27.82926737967364,0.04787358693717106,0,1
2026-01-03 04:42:00,28.22665077815691,2.4917793314452825,26.410714614124323,5.364714041350296,28.176357244998822,0.021982187364660993,0,0
2026-01-03 04:43:00,28.24288381289774,1.9732358425716874,25.493166543111784,4.915641733750681,28.087087865799788,0.020900841483282945,0,0
2026-01-03 04:44:00,27.999420263503822,2.6715002193155524,25.11621307355443,5.267127945087301,28.0915570965926,0.027357178378718417,0,0
2026-01-03 04:45:00,28.171279279830276,2.2672714516856827,25.088206678148257,4.388877933080319,28.178610160423503,0.028008243962765373,0,0
2026-01-03 04:46:00,27.94692382889812,1.8075325618055096,24.756244699296673,4.186160604393972,28.20678506183596,0.01110297973581028,0,0
2026-01-03 04:47:00,27.987809540432742,1.9935595410621538,24.2316753402824,5.4252321897519735,27.892991912338054,0.051323415638849464,0,0
2026-01-03 04:48:00,27.929011039177304,2.5293365878406338,25.91745923806446,4.47571735788317,27.833081229670995,0.02539999162309764,0,0
2026-01-03 04:49:00,27.875270940613696,2.462676149853424,26.822714410269537,4.691202883378418,28.101096309222605,0.034625320159885904,0,0
2026-01-03 04:50:00,28.275855938250864,1.77436857307152,24.29642997386715,4.984609124161871,27.968503921983153,0.032640182159599,0,0
2026-01-03 04:51:00,28.203506597031605,2.0993426041122216,24.75598130289511,5.07051033110098,27.979386639636417,0.032270793617094985,0,0
2026-01-03 04:52:00,28.250761259913443,2.2210198334284628,25.939763721517128,5.177445703202499,27.865399672852142,0.006926258219954826,0,0
2026-01-03 04:53:00,28.077595187823412,1.9721251832802202,25.373940021321275,4.87818515858678,28.070067593894517,0.02488479131370629,0,0
2026-01-03 04:54:00,28.2060593172098,2.9733125665600486,25.98206664538151,4.430991771929337,28.048255740857297,0.06605339722768852,0,0
2026-01-03 04:55:00,27.74507990740293,2.226465023746138,25.31871432760826,5.047321421376477,27.981340229602257,0.05356903692316582,0,0
2026-01-03 04:56:00,28.213513817598955,2.117969237380533,24.975284433871504,5.052894619740047,27.833398930283735,0.027826137892048304,0,0
2026-01-03 04:57:00,26.36094135608312,2.549667646193636,25.215299961041428,4.164737788084823,28.145098003456773,0.01839643988172831,0,0
2026-01-03 04:58:00,28.163652964966943,1.9966896119047828,23.697454679771106,5.296539694578673,28.030684540988908,0.01492003263422044,0,0
2026-01-03 04:59:00,28.11575553652059,2.4671775799207696,24.5558694897698,3.9295235356038996,28.13414124761875,0.016047948756017318,0,0
2026-01-03 05:00:00,27.86644549950216,1.5194025528705146,26.011360129006462,5.162045472807847,27.747638497254453,0.023588456063696424,0,0
2026-01-03 05:01:00,27.771422273715004,1.931384234208321,26.173016653037784,4.578061511179762,28.006818778355594,0.01928830371592942,0,0
2026-01-03 05:02:00,27.910047321753215,2.4429784101943914,26.313992757374336,5.046928318449238,27.91397214296003,0.02054171642720469,0,0
2026-01-03 05:03:00,28.137246928253454,2.6096698911234735,25.629143802480222,4.978567971854721,28.004337674442958,0.03620376429744062,0,0
2026-01-03 05:04:00,28.157323360909547,1.7724769301085497,23.732016217093598,4.787007107882993,28.113185267853666,0.006993596960969413,0,0
2026-01-03 05:05:00,27.7846257183298,1.7135380907137727,24.857360919732557,4.957880323783112,28.044393683943596,0.029907730890321782,0,0
2026-01-03 05:06:00,27.852211940922594,2.204331088932035,26.219598900960744,4.769742970605092,28.002174668090444,0.023015340439592646,0,1
2026-01-03 05:07:00,27.896790471261752,1.7674098792604283,26.418827212008704,5.049882789299542,28.00153365220357,0.009118536738874652,0,0
2026-01-03 05:08:00,27.961031858422295,1.870312775760677,26.226768386883805,5.564845116740383,27.812828178675193,0.05513388591773802,0,0
2026-01-03 05:09:00,27.778764282314437,2.2490995837345356,25.097641911055227,4.330566353277794,27.891211833542247,0.03846057793556507,0,0
2026-01-03 05:10:00,27.76676528655258,1.729271286599077,24.33839870991936,3.6841487852216375,28.134554505345,0.010844803776675817,0,0
2026-01-03 05:11:00,27.873821394273158,1.2085740614984726,25.21442397596219,4.65451400656893,27.93933558017718,0.034310519522083686,0,0
2026-01-03 05:12:00,28.03651174935421,1.4173895393241667,25.242977966938863,4.63059093503009,28.13685028537239,1.0320160908842968e-05,0,0
2026-01-03 05:13:00,27.807931489797603,1.8521950403381273,26.318139705392273,4.667851138610709,28.099164512257662,0.013057374806205006,0,0
2026-01-03 05:14:00,27.999265019341642,1.172216663844937,25.371215467811936,4.475746366125335,26.203020029165963,0.048896256295738294,0,1
2026-01-03 05:15:00,28.210539506905526,1.6959938539459372,25.212843213940097,5.105351959220557,28.039949726775582,0.031327267754822724,0,0
2026-01-03 05:16:00,27.78578929840213,1.2883514535041647,25.241907101120194,4.316534690441409,27.94767901200946,0.029881551693926096,0,0
2026-01-03 05:17:00,27.983278234439332,2.325268067066939,25.459546755233255,4.95777128700258,27.981861752781747,0.042765425453088465,0,0
2026-01-03 05:18:00,28.20544227090885,2.4850308163817783,25.607231387707163,5.023462966249965,28.076846308070404,0.3188119897184013,0,1
2026-01-03 05:19:00,27.946463437361032,1.3331579396443316,24.650519277550675,4.910763067464214,27.744926305087688,0.020211072053633306,0,0
2026-01-03 05:20:00,27.919474060103287,1.770158487849289,24.40622950128382,4.970500146539073,28.149253167115337,0.041855283600052404,0,0
2026-01-03 05:21:00,28.23336267844308,1.3215008687245704,26.09472093874778,5.132243539504612,27.939985666815943,0.005401200284092123,0,0
2026-01-03 05:22:00,27.97023039505544,1.5274244923058637,23.975266937934457,4.818747848789914,27.989645900895752,0.012985455924399284,0,0
2026-01-03 05:23:00,28.225781999268104,2.2457425223029115,26.25898639958035,4.678726185196021,27.990680495254615,0.023254882667685765,0,0
2026-01-03 05:24:00,25.247616577992623,1.430934169993371,23.76355869333011,4.970229653518702,27.995220090388496,0.03485912213075136,0,1
2026-01-03 05:25:00,27.169143290734766,-2.125088775173275,26.680230681495182,0.21012818316419685,27.842362997913018,0.019150013548837466,1,0
2026-01-03 05:26:00,27.31945120168553,-2.373015673190342,27.757989872365837,0.31138835742656346,28.018207004041475,0.007113091711275804,1,0
2026-01-03 05:27:00,27.293242730116617,-1.6589344067343808,27.066122809514454,0.0,28.07132375584012,0.009640609452773528,1,0
2026-01-03 05:28:00,27.421975979446593,-3.2179471096457597,26.13245175916605,0.0,27.754665818632468,0.023774331113821635,1,0
2026-01-03 05:29:00,27.14236723646969,-2.2451422129303316,27.34049978359132,0.0,27.843905709086524,0.016400040136167027,1,0
2026-01-03 05:30:00,27.25153251933949,-2.119169024271965,27.076832080772224,0.1963376893142087,28.107503842755495,0.008620410401221381,1,0
2026-01-03 05:31:00,27.23627852036301,-2.345954981652527,26.866540523472484,0.2543482099682168,28.08517565729176,0.005609116818098597,1,0
2026-01-03 05:32:00,27.377519902435253,-1.822273421392467,26.568792243135597,0.0,28.035848948234893,0.027407968863143492,1,0
2026-01-03 05:33:00,27.069844686012555,-1.7121602313136355,26.96899733802762,0.0,27.91814222856732,0.048440702942250106,1,0
2026-01-03 05:34:00,27.441213933033602,-2.633817333704428,26.573482214949383,0.20893723722413327,28.08587351323121,0.02740948890767037,1,0
2026-01-03 05:35:00,27.346051179229256,-1.4119623847344913,28.67253008891599,0.0,27.855651917097305,0.048680846526081914,1,0
2026-01-03 05:36:00,27.029187418160138,-2.6462232519026267,26.78780113282087,0.49926333174315607,27.983519674844025,0.01826814990952701,1,0
2026-01-03 05:37:00,27.48800614452553,-1.6987660508701388,26.68156721161165,0.620533568952321,27.84322084757217,0.03298196150597814,1,0
2026-01-03 05:38:00,27.677098247860968,-2.097347094969191,26.551365731679482,0.35024886702221125,27.980559766861415,0.049336706467096605,1,0
2026-01-03 05:39:00,27.459886605374294,-2.3243780473687314,28.16162259506072,0.08143009211683622,27.87635309531536,0.022158257668141862,1,0
2026-01-03 05:40:00,27.541155488357187,-2.287961138940816,25.75759019342625,0.638951210163926,28.09069730329723,0.025467501475437724,1,0
2026-01-03 05:41:00,25.109891319954503,-2.1513329809277084,27.14365576191417,0.08425210170293009,28.051981819694213,0.018259292721165447,1,1
2026-01-03 05:42:00,26.995127769034422,-2.0599235290509785,26.711604235178484,0.0,27.93153093036991,0.03566511230570622,1,0
2026-01-03 05:43:00,26.967403596165113,-2.446568372078407,25.869721425725874,0.0,28.13083590597673,0.041240897820247494,1,0
2026-01-03 05:44:00,27.350529300334216,-2.196456901392149,26.279684541283757,0.0,27.885242157191723,0.0313230423293325,1,0
2026-01-03 05:45:00,27.2034438146086,-2.3728443793492144,27.061786489546527,0.0,27.99576586378383,0.02087004451093804,1,0
2026-01-03 05:46:00,27.150871388599615,-2.5154304848701208,26.22167048597548,0.162080385656794,27.92622144070227,0.001995024151858059,1,0
2026-01-03 05:47:00,27.309798790463603,-2.3618628596226157,26.995215938471006,0.0,28.089084612165337,0.024128263740380507,1,0
2026-01-03 05:48:00,27.437592756061388,-2.4625918103604882,28.010654389149508,0.0,28.077213094670963,0.02154483197664242,1,0
2026-01-03 05:49:00,27.071074454767945,-2.1901846491233385,26.906346130971023,0.0744978548815887,28.156234784737123,0.02924792968994961,1,0
2026-01-03 05:50:00,27.257638402550906,-1.8736094464763493,25.7561001409142,0.2252691942063087,28.009958133829276,0.027102260196859303,1,0
2026-01-03 05:51:00,27.616153663974163,-1.9634762143400823,26.167391513433277,0.0,27.644848389008562,0.05330334671220942,1,0
2026-01-03 05:52:00,27.15683336751309,-1.2944510706503947,26.546913819922633,0.08557784683991927,27.948295783631885,0.012464622003755652,1,0
2026-01-03 05:53:00,27.513011072481753,-2.73797360177703,26.486643237617997,0.0,28.187831164641146,0.00335473494331261,1,0
2026-01-03 05:54:00,27.275324358573986,-1.7780884869015585,26.82609067014699,0.0,27.96100064293161,0.004434362766189939,1,0
2026-01-03 05:55:00,27.466986204792942,-1.9174599666804706,26.924829505498952,0.0,27.76989565498508,0.013594786243494581,1,0
2026-01-03 05:56:00,27.5724677931237,-3.5472359306027976,27.903894933456005,0.1786928903164981,28.05391982252555,0.044476129088505845,1,1
2026-01-03 05:57:00,27.514615594669124,-1.6220062702775762,26.67629711615285,0.08095615226365123,28.06288712468138,0.0016496335559951364,1,0
2026-01-03 05:58:00,27.551092563124556,-1.906457697883335,25.8587120352197,0.0,27.9127361225769,0.0040515604835645175,1,0
2026-01-03 05:59:00,27.186431254580118,-1.763986816110576,27.459233610927093,0.0,27.970390107388937,0.0324503118057064,1,0
2026-01-03 06:00:00,28.40045874721343,1.5395757754785173,25.521983760667453,5.329143420006883,27.89832448754518,0.040287509659436824,0,0
2026-01-03 06:01:00,28.05279714877218,2.0392027585844934,24.786852189165014,4.990490381408796,28.062708363893933,0.002886297308206144,0,0
2026-01-03 06:02:00,28.259273683076817,1.1911039670930714,24.43792180969007,4.743113434825258,28.006791933996062,0.006896985103004266,0,0
2026-01-03 06:03:00,28.265299437047677,2.1446583453134744,25.03241879799016,4.440957133398124,27.860106980375672,0.010842341208978678,0,0
2026-01-03 06:04:00,28.312373218769334,1.888362369053312,24.435103616505053,4.550320109000973,27.998854740733336,0.03683251839046624,0,0
2026-01-03 06:05:00,28.291908873670884,1.749235336923107,23.130073321338006,4.802306626781926,27.91203707531594,0.027578080832347963,0,0
2026-01-03 06:06:00,28.08553830821274,1.8609712052701648,24.949700748078474,4.896581484510002,28.175327283255452,0.011500470382976186,0,0
2026-01-03 06:07:00,28.000569806994708,1.9085963648691209,25.166035234819134,4.997947205785546,28.107243727985008,0.03830974644766416,0,0
2026-01-03 06:08:00,28.406637486440175,2.4395280586497927,25.536404166253206,4.935794954536085,27.985326478728748,0.027237495827179988,0,0
2026-01-03 06:09:00,28.289073282940894,3.1374476204393433,24.00229173380489,4.67041727320596,28.009727698551355,0.023063280370793793,0,0
2026-01-03 06:10:00,28.468451457171025,2.4519304518429235,24.658315721102888,4.621113285212597,28.121653147352557,0.004058280698534169,0,0
2026-01-03 06:11:00,28.259377258661043,1.8452664045992235,24.659637046625406,5.516446108801383,27.979166753273013,0.011130666341745626,0,0
2026-01-03 06:12:00,28.02028301083179,2.280524327416928,24.532124686805005,4.605236437325241,28.09100710293562,0.06022469608624555,0,0
2026-01-03 06:13:00,28.452810149002772,2.311468971882467,24.538940025863422,4.347903706645735,28.177286335544242,0.018946723739995418,0,0
2026-01-03 06:14:00,28.21783817156246,1.7663568975377348,24.470726460766134,4.226448882681646,27.941094152098085,0.007777714923637442,0,0
2026-01-03 06:15:00,28.351560622335782,1.6618291372973144,24.57915500962573,4.676383889504601,28.197537412110314,0.01811947534544332,0,0
2026-01-03 06:16:00,28.178842770435665,2.0924295910838335,24.935617237716016,5.12899433723339,28.1626140268607,0.027143522435413327,0,0
2026-01-03 06:17:00,28.596629030466797,2.4072120100438763,25.257564951003207,4.598418308730582,28.02982705628571,0.040900190056061395,0,0
2026-01-03 06:18:00,28.14801967705967,1.5687368870428007,23.86016941917812,5.317130089680141,27.94673055977277,0.036179530721598754,0,0
2026-01-03 06:19:00,28.250081709819504,1.887289250517555,24.255247028287446,4.797451459201505,28.02833338457046,0.012821271852048746,0,0
2026-01-03 06:20:00,28.335042536229093,2.3451108117009145,24.0663077591579,5.18834532336136,27.970659892494663,0.04788838300720473,0,0
2026-01-03 06:21:00,28.12385069026894,2.162685928023599,23.952460030206858,4.534797603615353,27.904867377287545,0.039664390493502004,0,0
2026-01-03 06:22:00,28.384532021828385,2.6454825566663316,23.20352986125296,4.5402241452280725,28.063873023439243,0.016987595618024327,0,0
2026-01-03 06:23:00,28.6196250500051,1.6558081805299636,24.338054837382703,4.83186599616549,27.877177084080923,0.02269243141049568,0,0
2026-01-03 06:24:00,28.245482879661058,2.971340390086206,24.6429988938089,4.968894133220713,27.959373449201664,0.035812043496919424,0,0
2026-01-03 06:25:00,28.409013707187125,1.606385358304921,24.185310727626497,4.737364965101916,27.96095179674313,0.044344662849649635,0,0
2026-01-03 06:26:00,27.84694356616227,1.4293962026067082,24.27404849395619,4.902362907738275,27.83616886518749,0.00233602103179556,0,0
2026-01-03 06:27:00,28.338615802900218,2.112250307879246,24.55969802862213,5.005970083707581,28.079016642773865,0.02626809840577421,0,0
2026-01-03 06:28:00,28.29287915159319,1.7274537242122745,25.24108594957023,4.302823012079322,27.972599435148304,0.0244397565072656,0,0
2026-01-03 06:29:00,28.205319088874287,2.101013433789002,23.946015932607786,4.680671892783801,28.155861197211326,0.014728588726676954,0,1
2026-01-03 06:30:00,28.550545657214332,2.0773044836904195,23.406312644084935,4.618461114829085,27.97064163965521,0.014635578650513993,0,0
2026-01-03 06:31:00,28.300206704022315,2.021642176156667,24.149766240185585,4.635457244832696,27.951208578937102,0.043978775378383524,0,0
2026-01-03 06:32:00,28.329836980657003,1.7809599024934812,36.06501364030375,4.942407204981421,27.891442874218296,0.034624206044177895,0,1
2026-01-03 06:33:00,28.296543464913636,2.211530342319986,23.373848420383155,4.6233236975462075,28.004683504723516,0.06291942250300625,0,0
2026-01-03 06:34:00,28.02186623690431,1.932062439492143,24.628349247171464,4.098222827325857,28.00536138786468,0.014743729427650015,0,0
2026-01-03 06:35:00,28.16538711252761,2.4112583681544573,24.970620566687142,4.717218471857986,28.08901200822802,0.027468420535987036,0,0
2026-01-03 06:36:00,28.544187000434764,1.9425945499174568,22.491088075636092,4.427457889059591,28.00804227884,0.030574604524767575,0,0
2026-01-03 06:37:00,27.993235988830502,1.6478451444783193,24.42105426755065,4.973716193413891,28.251270123466547,0.041129513296532916,0,0
2026-01-03 06:38:00,28.23671646779885,1.373616353829878,24.543280230459196,5.081993947148802,28.054746071694492,0.04945142939708109,0,0
2026-01-03 06:39:00,28.304116957999927,1.8821195240696071,23.920812292449533,4.038809898991821,27.881579561853272,0.02668500883378473,0,0
2026-01-03 06:40:00,28.691117331654677,1.4754854501870702,23.642555999284053,4.529018775485887,27.871422838844126,0.005294042234124156,0,0
2026-01-03 06:41:00,28.516596930162827,1.4239864256342782,23.668779348159234,4.923680558196723,28.064175696261486,0.012204191378800577,0,0
2026-01-03 06:42:00,28.27872324629673,2.057379149987659,23.839491019366143,4.306893702679453,27.877800626251958,0.027569097111044827,0,0
2026-01-03 06:43:00,28.61437399452757,1.2265260639288298,23.84533569853353,5.073931307013074,28.07138132614488,0.04520971264999229,0,0
2026-01-03 06:44:00,28.246597501173238,2.3186824482269737,23.700642930977654,5.167260787201777,28.10747668540077,0.0010353074173985247,0,0
2026-01-03 06:45:00,28.56163796467212,1.855900734538446,23.790510102400713,4.743294528137367,28.11036906114128,0.0039399493913881735,0,0
2026-01-03 06:46:00,28.135292444597294,1.760240313330823,24.852726933376616,4.529130940168551,27.89569752997292,0.038628762796254434,0,0
2026-01-03 06:47:00,28.572747938768817,1.389121335471272,23.15667831706037,3.9913013310836405,28.110576540993705,0.001714710644245259,0,0
2026-01-03 06:48:00,28.30590988498151,1.9947612119338092,22.77012125702625,5.084908853166385,28.038710708601982,0.00474958883254278,0,0
2026-01-03 06:49:00,28.193117489004052,1.7025101987049553,24.826975249682157,5.500887942536724,27.92705547271425,0.04545767415581982,0,0
2026-01-03 06:50:00,28.33817954518846,1.4401591248767442,23.835658526949715,5.428477919417303,27.980871862500113,0.02101620734421409,0,0
2026-01-03 06:51:00,28.425988520481724,1.7275808187515316,23.68623731955911,4.731759268878323,28.05655357114171,0.0196393843472897,0,0
2026-01-03 06:52:00,28.285598513235048,1.0467100436211576,23.8681624915878,4.417563463798736,27.919257868261074,0.049629288788588605,0,0
2026-01-03 06:53:00,28.472738736348056,1.0421637614761792,24.080610203385735,5.093168479214846,28.03622313429076,0.23667498670682852,0,1
2026-01-03 06:54:00,28.266251273873593,1.2022100318422535,23.555472048059716,4.755595928346791,28.17347223382472,0.002248278318251022,0,0
2026-01-03 06:55:00,27.680811702649105,-1.9026411197268798,26.26474231487622,0.16734610327519642,28.115686735642726,0.054325825291369687,1,0
2026-01-03 06:56:00,27.646493064988608,-2.044270842292789,25.22538241692608,0.10596309615393082,28.009838343221727,0.2696813759169697,1,1
2026-01-03 06:57:00,27.55347203252824,-3.762019019723717,25.67615849736856,0.03255121246293245,28.028097113041742,0.037234685503918064,1,1
2026-01-03 06:58:00,27.482334112107978,-2.3978002120213535,24.325716777261242,0.359979831218886,27.93543244743902,0.019400486644283958,1,0
2026-01-03 06:59:00,27.586207909952353,-1.889029406225796,26.685236020640147,0.37298382416071624,27.93881243113196,0.023081228331566943,1,0
2026-01-03 07:00:00,27.654930246427263,-2.1429635846629047,33.89982458956718,0.0,27.81553644453959,0.012332216799718371,1,1
2026-01-03 07:01:00,27.923772504799846,-2.4446437343640284,26.31137738285274,0.0,28.03013316641473,0.030726160617666316,1,0
2026-01-03 07:02:00,27.718322438983577,-1.9896566643488514,26.16487888152231,0.0,28.08189981179161,0.03996471276651273,1,0
2026-01-03 07:03:00,27.721301249954344,-2.1559739310891337,26.20522407186056,0.0,27.991498781718033,0.02852767438768411,1,0
2026-01-03 07:04:00,28.097774130724062,-2.359795222147488,25.804096632578187,0.0,27.89472109658389,0.04409632166841471,1,0
2026-01-03 07:05:00,27.630760525579625,-2.129983033053841,26.070592786193863,0.14671892164898115,28.00793541706334,0.03692312195191092,1,0
2026-01-03 07:06:00,27.62100190062204,-2.193418298456981,25.115339353445254,0.0,28.161011748137145,0.006128038984669168,1,0
2026-01-03 07:07:00,27.656203877438855,-2.203577613437809,24.95793067931094,0.0,28.107757798508334,0.022394607814555136,1,0
2026-01-03 07:08:00,27.343424630716733,-2.2941943919254637,25.696612792368644,0.28418813351315836,27.996463076328844,0.016928896151217454,1,0
2026-01-03 07:09:00,27.44054121458922,-2.6048146519916693,25.281290444789835,0.1390391380118106,28.245691648209565,0.03856181420608567,1,0
2026-01-03 07:10:00,27.424591301738957,-2.1185148179910676,26.744823104753042,0.0,28.323846038786783,0.033308574376238104,1,0
2026-01-03 07:11:00,27.62738958145814,-2.420553534999093,25.999582464120888,0.5902489865773407,27.94238288625557,0.027292888001252347,1,0
2026-01-03 07:12:00,27.47444992421283,-2.4899848843787313,25.22554806013689,0.258352120716562,27.970493827819563,0.04324459777977831,1,0
2026-01-03 07:13:00,27.525534939210107,-2.2087592945342918,25.527232448115882,0.0,28.083199755908993,0.008582245462606143,1,0
2026-01-03 07:14:00,27.6911272991887,-1.857668625744449,25.800764680014975,0.0,27.890442835943517,0.014143655969084491,1,0
2026-01-03 07:15:00,27.645367132966744,-2.0381441636327113,25.650532440532203,0.27593289272641247,28.101896108015048,0.015670833934638292,1,0
2026-01-03 07:16:00,27.455395100754032,-2.2760629233194205,25.878957793959994,0.07099599443282034,28.012176123215376,0.0295312189951798,1,0
2026-01-03 07:17:00,27.358307688983956,-2.2757748840161063,25.72752292115702,0.0,28.04459661873843,0.03495058357920754,1,0
2026-01-03 07:18:00,27.677562047451218,-1.8375660471510273,24.69686375726123,0.3131494939223246,27.930947458672122,0.02497646000624733,1,0
2026-01-03 07:19:00,27.606729599378642,-2.88198794896719,24.15568004063467,0.44003127006890747,27.905475597166447,0.0013307224318612303,1,0
2026-01-03 07:20:00,27.17243739850545,-1.7458979171704747,25.39090910152224,0.41348610380204576,27.761744144090137,0.03232189217665523,1,0
2026-01-03 07:21:00,27.399255349983996,-2.6616303595279858,26.036036361845124,0.5399621505300622,28.178173707574917,0.02730511300306828,1,0
2026-01-03 07:22:00,27.479407507210077,-2.4808645103946634,25.381424400455213,0.7242193453449468,28.11297357316563,0.2747894831861251,1,1
2026-01-03 07:23:00,27.583735290289727,-2.144308087917195,26.492205440871043,0.6054856623630154,28.080803080751092,0.01968276601469467,1,0
2026-01-03 07:24:00,27.601242373436353,-1.1828143750507358,25.58545562713281,0.11923162361590266,28.04179913810554,0.03173244188575003,1,0
2026-01-03 07:25:00,27.482359752191634,-1.3326102741589985,26.560118551163942,0.0,27.723492671107024,0.05475775882151512,1,0
2026-01-03 07:26:00,27.530395713817406,-1.6492023600069567,26.40835923169611,0.0,27.90986785899759,0.00539672427214315,1,0
2026-01-03 07:27:00,27.430359747816244,-1.7479792593828094,26.330014948230858,0.0038037459040156357,27.969270285563734,0.03922216790718998,1,0
2026-01-03 07:28:00,27.29126286140144,-2.500507524140387,24.743886366939705,0.18169762061918301,27.870238437699037,0.0056234724500598965,1,0
2026-01-03 07:29:00,27.359254319019023,-1.7695494088022032,25.590717623534886,0.01524351689957407,27.796777365407713,0.0021290471896690637,1,0
2026-01-03 07:30:00,28.20341841359522,1.6077724685040096,24.427180723185405,4.139122650464654,27.88271645808416,0.0031913575263780615,0,0
2026-01-03 07:31:00,28.187475825590205,1.5385804990424843,23.754547377356467,4.699682527938524,28.00589715383169,0.035890250906529156,0,0
2026-01-03 07:32:00,27.84804071192623,1.90289166682715,23.944772611686258,5.025866217099838,28.005927877782387,0.027338076198017452,0,1
2026-01-03 07:33:00,28.109637876324527,1.707880588479871,22.578163127506947,4.440929737762631,28.108902740072526,0.01933559264889356,0,0
2026-01-03 07:34:00,28.185065859383236,2.2007279156250408,24.885950821289175,4.85799193583302,28.247581564107158,0.03324097572930577,0,0
2026-01-03 07:35:00,28.118096729476928,1.2421228814995475,22.982100570155957,4.951069450307737,28.08229138241176,0.02573478532725615,0,0
2026-01-03 07:36:00,28.118147612460717,1.968611822897624,22.133382051696415,5.1912886743590105,27.978934037937144,0.02698934073400161,0,0
2026-01-03 07:37:00,28.244292505536883,1.6566310187451498,23.277261889827553,5.399411887477908,28.216039181447403,0.019536528677922087,0,0
2026-01-03 07:38:00,27.956172982284183,1.8420992023611265,21.80353573736886,4.667760878086266,27.810167628648173,0.006504152900915678,0,0
2026-01-03 07:39:00,27.85132934250129,2.1123440851201005,22.751066621923172,4.864315083626745,27.750538828165972,0.055443528091616553,0,0
2026-01-03 07:40:00,28.07576581185078,1.633917911476761,25.295648525460493,4.8752742103951325,27.893593190768236,0.050207769099011014,0,0
2026-01-03 07:41:00,28.27011140617546,2.1006116784200097,23.232854887994254,5.027281200785929,28.097462493747795,0.05362285666356702,0,0
2026-01-03 07:42:00,28.43054695135395,1.985782317093846,22.493783692531135,4.98809107997447,28.02022723024265,0.015292332044603993,0,0
2026-01-03 07:43:00,28.261876276615016,1.8445983609504442,23.505453488493824,1.9751569711646582,27.86460115533561,0.012725301174078567,0,1
2026-01-03 07:44:00,27.851207641922148,1.9254627802904418,36.13822996981267,3.9840461444227064,27.912748655752615,0.01753999068008113,0,1
2026-01-03 07:45:00,28.06817389691218,2.049015729409125,24.082409305294675,1.1992136744241655,27.851021979941084,0.04433392499235097,0,1
2026-01-03 07:46:00,28.1508087210327,1.8458351368075823,22.8495568177275,4.970593853158482,27.85101899081233,0.024996542715378434,0,0
2026-01-03 07:47:00,28.13131167842151,2.126997415462339,23.65690635367535,4.7176697686145115,28.186126932970154,0.015222549424334028,0,0
2026-01-03 07:48:00,28.19127347411707,2.035507963120178,22.65976908470713,4.007596590126545,27.98278780374996,0.03154951020541886,0,0
2026-01-03 07:49:00,27.924112124078444,1.9256546162231638,25.277511565859168,4.778651361229228,28.21234985059827,0.011743919201274931,0,0
2026-01-03 07:50:00,28.09598798601555,2.7011274954203186,23.80637443609445,4.551303733058509,27.893198274580545,0.0006029701599012532,0,0
2026-01-03 07:51:00,28.15521460021511,2.293416636275462,23.34779494254097,5.387284393473303,28.058935001587372,0.027326229238305792,0,0
2026-01-03 07:52:00,28.22358226491204,2.0158375080386493,23.240555256638988,4.931351979439755,28.02724991923799,0.01571068218173325,0,0
2026-01-03 07:53:00,27.925489565948737,2.2008379402453317,23.05424957298075,4.521580310377009,28.10556178875988,0.024753398277868512,0,0
2026-01-03 07:54:00,28.004105695310347,1.7886956155081677,22.905440761418134,4.081574248321699,28.030545820577682,0.02332747355257097,0,0
2026-01-03 07:55:00,27.57542481782538,1.9918126511817675,22.882680814431676,5.006716188776431,28.118210007192697,0.008942588885708012,0,0
2026-01-03 07:56:00,27.946294910186793,2.027576396543215,24.606035289117226,5.043652217810276,28.066503713501174,0.024188969350230096,0,0
2026-01-03 07:57:00,27.959982260277723,1.696491912234847,23.0411906695299,4.724478102096261,27.869047373210194,0.0022950315156797275,0,0
2026-01-03 07:58:00,24.50507191081954,2.260088265896423,21.934411829428093,5.011286418754462,28.087925771731285,0.001682993821437679,0,1
2026-01-03 07:59:00,28.077161529733722,1.9376134702902192,22.605982037761404,4.67810531503784,27.98762811631092,0.02569784877892092,0,0
2026-01-03 08:00:00,28.03404524955065,1.9786955577179604,24.06889125819784,5.173525346308856,27.906793650500862,0.037628474478237736,0,0
2026-01-03 08:01:00,27.63441093532142,1.8911111997010863,23.24035239240394,5.1474396925196855,28.083277333204098,0.008949110643256857,0,0
2026-01-03 08:02:00,28.077008506140466,3.1114854704874437,23.320788341275886,4.226376120008977,28.110587025736866,0.02028172016461552,0,0
2026-01-03 08:03:00,27.868463474082304,1.8281853863561877,24.23135319678166,4.311682854620611,27.94197218028296,0.020697591816721133,0,0
2026-01-03 08:04:00,28.12053091883227,1.3190934958006115,22.86647581931307,5.510948603065235,26.009349823785136,0.003121655820038864,0,1
2026-01-03 08:05:00,27.800122103667377,1.4649994735546956,23.85136623404571,5.126268722509481,27.83354556384184,0.04630994943187154,0,0
2026-01-03 08:06:00,28.03421100400244,2.271480756245764,22.939509353576675,4.358166648240004,27.78343274465959,0.02170676589625204,0,0
2026-01-03 08:07:00,27.976003495531533,2.4532301845707276,23.808667527047206,4.250366986551983,27.970923004355075,0.021899687281395006,0,0
2026-01-03 08:08:00,28.07990510856138,1.7256860299945707,23.13045835440375,4.872720222963542,28.095046537857705,0.03171370127133402,0,0
2026-01-03 08:09:00,28.046378941845155,2.389990209448947,23.23404078731434,4.400189612844353,27.931208116671186,0.0030799097120216105,0,0
2026-01-03 08:10:00,27.976805052953942,2.1792635501088764,23.976264158986794,4.689152414226303,28.17133523966562,0.04155881731525658,0,0
2026-01-03 08:11:00,27.745222731098554,1.830155028690817,23.92500671311113,4.783452283639734,27.97539112098018,0.043910993877186305,0,0
2026-01-03 08:12:00,27.755088625410725,1.7816128924665233,23.284981990312144,4.7683465638973495,27.975878880985178,0.027529570542783998,0,0
2026-01-03 08:13:00,27.91533882191663,1.9120151645815129,23.07021082279202,5.194288398623872,27.96530899473554,0.033319752060915586,0,0
2026-01-03 08:14:00,28.018619272029234,2.131524303564226,24.519490160512962,5.442164683693926,28.117791108855723,0.01913056904588021,0,0
2026-01-03 08:15:00,27.910515369504157,1.9390530979582623,23.812531568048577,4.632378751508744,27.88493073156356,0.040539292878608434,0,0
2026-01-03 08:16:00,28.132647798640864,1.5387023285600137,23.126287585315286,4.404269292668865,27.98452477992093,0.010187085271732376,0,0
2026-01-03 08:17:00,27.970178705495126,1.690316948204766,22.94318833748554,4.936096154244251,27.934315365665633,0.024416830138584485,0,0
2026-01-03 08:18:00,27.847283768373398,2.4206731173664715,24.11820983495485,5.371018040054952,27.932611835398998,0.0254907427483903,0,0
2026-01-03 08:19:00,27.971694414888695,1.7914517545177275,23.482169407970595,4.658874695281124,28.0042185213374,0.024303679560246993,0,0
2026-01-03 08:20:00,28.06338937499478,1.984556849244938,23.28768350214064,5.097625612204975,27.98640120510615,0.044244269013222474,0,0
2026-01-03 08:21:00,28.08241268125634,1.8466019204607047,23.483607832607138,4.507002542613058,28.126200555838484,0.06438768706999104,0,0
2026-01-03 08:22:00,28.363455013029085,1.7313601634241345,23.640710842188405,4.807444978835043,27.998707095976016,0.023022933149914864,0,0
2026-01-03 08:23:00,27.90656921353049,1.6525728725236497,23.365871478119033,4.393320201194945,28.06660068939788,0.033466437408888716,0,0
2026-01-03 08:24:00,28.0155836679806,1.90836188056138,24.249608365218087,4.803791221167736,28.0207306175874,0.010556306106289798,0,0
2026-01-03 08:25:00,27.30755763868603,-1.7734508810315421,26.290210761902465,0.0,28.168451080025136,0.04357458664296624,1,0
2026-01-03 08:26:00,27.22889077352183,-1.9507677123566025,25.782814115174943,0.2128430147067269,27.963713803749634,0.01568527618627367,1,0
2026-01-03 08:27:00,27.14545055134637,-2.3029175728588474,26.374786374135233,0.6223215630413331,27.9640514327719,0.08161230607472336,1,0
2026-01-03 08:28:00,26.959350779924186,-1.9408581818203878,25.4205931990681,0.0,28.089404630533178,0.0050733163933522965,1,1
2026-01-03 08:29:00,27.149119212655847,-2.1136159281580906,25.900210935521102,0.0,27.962079658976904,0.4622377172099833,1,1
2026-01-03 08:30:00,27.050848993029597,-2.210998460295329,26.122603447408803,0.0,28.059807002169226,0.042841999384890236,1,0
2026-01-03 08:31:00,26.93656214008956,-1.1770063249665812,26.135486238388957,0.10476116822095018,28.280549728664415,0.004799647011821236,1,0
2026-01-03 08:32:00,27.107551045439386,-2.6631823067961133,26.06620446749183,0.07066503088985829,27.88252568047601,0.06675007097985286,1,0
2026-01-03 08:33:00,27.065900431274546,-1.7973902800331842,25.869852875791945,0.0,28.183800455966605,0.008288612621036043,1,0
2026-01-03 08:34:00,27.36323964250352,-2.44153833468544,26.80119477474052,0.520700229278723,27.94093520460274,0.0193420446934711,1,0
2026-01-03 08:35:00,27.370308530973155,-2.0987642922840837,25.05677147307266,0.04767508895373517,28.16052143932129,0.001661333994338661,1,0
2026-01-03 08:36:00,27.10353565928951,-1.2490770316973308,25.32942564599125,0.0,28.08232550262709,0.022363865706600396,1,0
2026-01-03 08:37:00,27.223677682437682,-2.486615937645106,25.29161222760021,0.0,28.072039319117863,0.024051448964390456,1,0
2026-01-03 08:38:00,26.94047781413712,-2.403142218646226,25.18797903074622,0.0,27.981884422340666,0.03994055243097515,1,0
2026-01-03 08:39:00,27.19057529982252,-2.154212471381956,24.057508570388237,0.115231177711278,27.96993960768122,0.06888964663940811,1,0
2026-01-03 08:40:00,27.356114972382844,-2.441208648725251,26.416243196071104,0.08589626495357464,27.913359090395012,0.015766708507660984,1,0
2026-01-03 08:41:00,27.437669754571917,-1.8301837813674944,24.73996354317339,0.0,28.00075312497958,0.024547347539879888,1,0
2026-01-03 08:42:00,27.16585017988292,-2.3199550833254574,25.581580846640115,0.0,27.977930626448316,0.03667296660759891,1,0
2026-01-03 08:43:00,27.488679152270215,-1.8956109750461068,24.472089932208316,0.0,28.02292219037345,0.015094407052014088,1,0
2026-01-03 08:44:00,27.031789986565595,-2.579794112334734,25.906739174801544,0.0,27.830721387815444,0.05773216126401382,1,0
2026-01-03 08:45:00,27.085426996154116,-2.735499917078533,24.927468640364786,0.0,28.002717414379067,0.024377477050535442,1,0
2026-01-03 08:46:00,27.443234254513353,-2.170307893027836,24.687241725605755,0.14177858488669948,28.15151835827173,0.011336366037888974,1,0
2026-01-03 08:47:00,27.62189501471935,-2.6247815070755127,25.623785393034737,0.0,28.11328582416201,0.006766564914479474,1,0
2026-01-03 08:48:00,27.41560516211942,-1.5287065694491804,25.002720503779152,0.0,28.002760213168802,0.03621196095395717,1,0
2026-01-03 08:49:00,27.325309183609015,-2.578561651333896,25.096972064986044,0.0,28.307490172267,0.020045740065501857,1,0
2026-01-03 08:50:00,26.94330329982738,-2.388166004075028,25.624942972927116,0.0,27.93071760340952,0.051418730556344536,1,0
2026-01-03 08:51:00,26.98033647092468,-4.023392621333417,26.070646840821084,0.32356924910441925,27.989599354861763,0.02120938901940755,1,1
2026-01-03 08:52:00,27.373678992594193,-2.190699125003329,24.943894091923408,0.07232402597471928,27.825938200363584,0.05046316288352211,1,0
2026-01-03 08:53:00,27.292002778269246,-2.4957508364287255,24.82921517451105,0.0,27.951563762606888,0.00015758429054257492,1,0
2026-01-03 08:54:00,27.163525562865424,-1.2283703690513434,25.545918217599144,0.1079716485989472,28.214537695524037,0.006295154093072457,1,0
2026-01-03 08:55:00,27.380539192569362,-2.2702788812698307,25.913539458132405,0.4775347551336601,27.956142258133656,0.039925377167308276,1,0
2026-01-03 08:56:00,27.395672487978594,-1.9651633071597343,26.566726504165956,0.1716449123130463,27.816660256821276,0.016640339280583755,1,0
2026-01-03 08:57:00,27.551179732949066,-1.9459864738233348,24.79975352228229,0.09107034355050037,28.104639865995356,0.02025608448321391,1,0
2026-01-03 08:58:00,27.41203224566834,-1.600102382147726,25.334143707297713,0.22348532649095953,28.046705229065054,0.0067805085525640685,1,0
2026-01-03 08:59:00,27.614829076893738,-1.6625914045755752,26.386956287578514,0.0,28.09967752792304,0.005460975116055651,1,0
2026-01-03 09:00:00,28.201438925318786,1.5106196367941498,24.952405457244886,4.864423737269333,27.964353870610857,0.03644200790578407,0,0
2026-01-03 09:01:00,28.18552161034113,1.7103752397052916,22.883555456437517,4.628865601642229,27.87914513624772,0.024660748693493943,0,0
2026-01-03 09:02:00,28.40413235879843,1.7692877335963761,23.06917616701995,4.257306337532564,27.977965203627733,0.3247878122201444,0,1
2026-01-03 09:03:00,28.042695764980717,2.1349049161557048,23.86088420883563,4.91999254833557,28.066581398366147,0.039229789830671304,0,0
2026-01-03 09:04:00,28.731651699760718,1.4875604043354351,23.197606624675938,4.921338029552437,27.991320767190796,0.04614844250318552,0,0
2026-01-03 09:05:00,28.29880301805006,2.626045745028507,23.078619078030588,4.69930046460541,28.04655462079386,0.023041021892682572,0,0
2026-01-03 09:06:00,28.30597336985798,1.676643639465727,23.78940574110027,5.162537374010618,27.93558180545889,0.043057598524143134,0,0
2026-01-03 09:07:00,28.338063216523008,1.9612527581102592,24.711204529105224,4.5474388376984285,28.05101158347172,0.006967511961784408,0,0
2026-01-03 09:08:00,28.58749928960675,1.5794754385889782,22.718445118080147,4.18001545584736,27.999638327444767,0.03538976019581809,0,0
2026-01-03 09:09:00,28.398274393088556,1.551369184228144,24.692525343721933,4.556009453950681,27.915295130057213,0.027911503801649473,0,0
2026-01-03 09:10:00,27.972653549577913,1.7189257202131178,23.250096979938608,4.260671244106804,28.01679401861082,0.010751900350388213,0,0
2026-01-03 09:11:00,28.520053856073012,1.7034473034781596,23.903367582768148,4.918312724421736,27.95359694248663,0.387873673854506,0,1
2026-01-03 09:12:00,28.211851211453542,1.9151107304628996,24.78391898596159,4.536772745603033,28.074059736145422,0.029189949851618612,0,0
2026-01-03 09:13:00,28.298194719533107,1.7331660036950354,23.907191254644875,5.144641217373522,28.10477882934787,0.014365235908556356,0,0
2026-01-03 09:14:00,28.05423916630991,2.333606497847233,23.48049183716657,5.137329580895811,28.060184534986245,0.02535323288817503,0,0
2026-01-03 09:15:00,28.3847163632623,1.8290645279631192,24.200857445722765,4.476259067366654,27.803801510615106,0.009345501046086325,0,0
2026-01-03 09:16:00,28.178138095349816,1.801742493496537,23.586443730990595,4.51716259786064,27.884227509548477,0.0041761888875564285,0,0
2026-01-03 09:17:00,28.31868525746356,1.986975246657332,24.082256489786015,4.987053878439278,27.923610776027168,0.016910447099870954,0,0
2026-01-03 09:18:00,28.254663524447707,2.480363388247008,23.583808334356796,5.142943923506796,27.90444231468031,0.018129176254824055,0,0
2026-01-03 09:19:00,28.657321369871067,2.2148101649602356,24.339788391498235,4.095582785931905,27.934858363000604,0.010524871416281762,0,0
2026-01-03 09:20:00,28.672508623769783,2.109791378093657,22.77103599869329,4.898584804510345,28.1110298168881,0.04752003943274205,0,0
2026-01-03 09:21:00,28.328815879783246,1.6465169938898574,23.0476687742013,4.030843292504858,28.083838532624664,0.011216021706686174,0,0
2026-01-03 09:22:00,28.33655449472901,1.749838828504385,22.781137048414763,4.608019361535433,27.949137840431604,0.008219877255792155,0,0
2026-01-03 09:23:00,28.262261430118045,1.7023433104428152,23.73825506823431,5.182779882763681,28.071015239199,0.003657035690582216,0,0
2026-01-03 09:24:00,28.53284720105643,2.6054805916642176,22.717561689106766,5.853419546696776,28.03946104629586,0.0019243049785112147,0,0
2026-01-03 09:25:00,28.278682423101404,2.3303798066503516,23.314551508729664,4.716411658047861,27.996056942679537,0.04349413032168699,0,0
2026-01-03 09:26:00,28.266001226212982,1.8380363260731327,23.034283479382065,4.363509442570484,28.137786964312603,0.029647009032884808,0,0
2026-01-03 09:27:00,28.521769774447183,1.9353397053643255,24.856127786277806,4.6202777389547265,27.92064444310919,0.037425895801797816,0,0
2026-01-03 09:28:00,28.25233292590291,1.835662787415309,23.13780042601285,4.823124390814106,28.00633114447161,0.0433312914603093,0,0
2026-01-03 09:29:00,28.34585275110742,1.8045264904714593,22.94172252659039,4.565415566161393,27.87389678771975,0.01900060431819019,0,0
2026-01-03 09:30:00,28.07124863200922,2.264214252250219,24.027273196114315,4.4763117134070685,27.879648465425618,0.05150031571375725,0,0
2026-01-03 09:31:00,28.485684828836774,1.9895254731197554,25.045444834428665,4.650602497734679,27.8367081970135,0.013715976791321654,0,0
2026-01-03 09:32:00,28.711138977386586,2.8042124742664694,23.79475720048859,4.938452043178835,27.88169714186425,0.0052769315356350766,0,0
2026-01-03 09:33:00,28.49425874947963,2.4977266274980403,23.860333307329046,4.7407068713302785,28.00997206733866,0.03172509988093417,0,0
2026-01-03 09:34:00,28.630016943980536,2.501448548824002,24.802496441347238,4.491439019967438,27.963701898490967,0.027601861803072947,0,0
2026-01-03 09:35:00,28.216846287229544,2.259950604622138,24.525351062274613,4.565478125109972,27.96761544515121,0.02757327559964268,0,0
2026-01-03 09:36:00,28.413728543698202,1.857794163624852,24.2200983962709,4.655149507615349,27.964100425816977,0.043275784150345234,0,0
2026-01-03 09:37:00,28.203258318882405,2.194698552066976,23.526478002960204,4.450200760845524,28.21272911500705,0.02691179736104056,0,0
2026-01-03 09:38:00,28.333655432525035,1.8422236038900373,24.26518501260129,4.552499251264282,27.863538382144345,0.0306349325622583,0,0
2026-01-03 09:39:00,28.515064634055538,2.5129544428314596,34.27744336262798,5.025272600211309,27.850708801632113,0.049472846413444835,0,1
2026-01-03 09:40:00,28.39559310590079,2.0612048342314555,23.533498073913297,4.719387663571078,27.89854928889119,0.029800257557013803,0,0
2026-01-03 09:41:00,28.123972868305263,1.9882992000470108,24.984249530286803,4.186279564320594,27.9913726198426,0.033896662616668335,0,0
2026-01-03 09:42:00,28.142308702169494,1.9172445236365465,24.905857032635147,5.158732044672741,28.061772557510448,0.0005188583050470263,0,0
2026-01-03 09:43:00,28.13095202137843,2.457803834912322,24.313017751835726,4.945851936924775,28.074230513666254,0.38659078751555387,0,1
2026-01-03 09:44:00,28.468351815052564,1.3226021489675646,22.66862505172031,4.315903462688481,28.113356597964376,0.003635161427542017,0,0
2026-01-03 09:45:00,28.7515010164182,2.4434007396840562,23.18588770969022,4.672117347860136,27.987011336074936,0.015292071670939496,0,0
2026-01-03 09:46:00,28.625132832783475,1.7104314015806166,23.568556160877534,4.522765409829774,27.952441465611184,0.014747788909559209,0,0
2026-01-03 09:47:00,28.038284193200475,1.2591372731285042,23.936613598777864,5.036916998177871,28.196015283394278,0.06294427934018468,0,0
2026-01-03 09:48:00,28.63480761001885,1.4639575021387163,30.577588407152987,4.669921720883321,27.66589499476642,0.014189211281013024,0,1
2026-01-03 09:49:00,28.546800327436117,1.1257443835107948,23.909823388418456,4.774529333139913,28.007531082693298,0.03295382988188497,0,0
2026-01-03 09:50:00,28.09911140534702,1.9090728107909851,25.332169658755603,4.733781953055209,28.051600833339272,0.014870215752795827,0,0
2026-01-03 09:51:00,28.321490277124195,1.2942396423021894,24.388532047216493,4.281952914596112,28.224842080285228,0.00627825290614302,0,0
2026-01-03 09:52:00,28.571847264798922,1.6947186361965902,24.274071424780754,5.2918886587850045,27.80073205937737,0.03526639635374092,0,0
2026-01-03 09:53:00,28.472105137237158,2.0115042180764284,23.421609707711774,5.031815520014232,27.949583483388476,0.012058605643808003,0,0
2026-01-03 09:54:00,28.135553063503288,1.3590692366994872,34.300947821983016,4.538415739632546,27.83708677586659,0.02873661825026385,0,1
2026-01-03 09:55:00,27.679078259784777,-2.118811955948828,25.300343808307428,0.06715167234836988,27.78420683589085,0.03628046539544758,1,0
2026-01-03 09:56:00,27.182142986527516,-2.499308743131259,24.997681856636557,0.3409412701965857,27.97545691688483,0.05932158815964563,1,0
2026-01-03 09:57:00,27.52433019073937,-2.19602567705,26.239003494852078,0.019509354465157103,28.099971250913487,0.0022808506917387193,1,0
2026-01-03 09:58:00,27.766615146825856,-1.1748954949166683,26.468472934016088,0.5448639653338315,28.144716350599733,0.022249326462517816,1,0
2026-01-03 09:59:00,27.562241525517443,-1.8178865429556081,25.537371376107572,1.021247794671232,27.93617526308629,0.0229935508437222,1,0
2026-01-03 10:00:00,27.466075813688047,-2.195764537937315,26.32998466205506,0.0,28.07998314886379,0.025016705698754683,1,0
2026-01-03 10:01:00,27.71273098298718,-2.32866872886831,27.268146774636502,0.0,27.97627375620016,0.07123842381248618,1,0
2026-01-03 10:02:00,27.72468208977549,-2.13943603757813,27.623690302598753,0.0,28.066788853494703,0.02188001385495053,1,0
2026-01-03 10:03:00,27.781430203703543,-2.0873520174355273,26.80607942461019,0.0,28.138537029719107,0.020370612755805484,1,0
2026-01-03 10:04:00,27.699223572769558,-2.2862779016976127,26.157930668663308,0.4368507680073755,27.97669234727809,0.021428244485372113,1,0
2026-01-03 10:05:00,27.732535462670103,-1.9591619950343773,26.81055352466908,0.0,28.129236925891,0.022869210169543172,1,0
2026-01-03 10:06:00,27.665689608924687,-2.481789284900039,27.25374162370177,0.30637451161452317,27.85443672545748,0.020661250667317,1,0
2026-01-03 10:07:00,27.57727632090192,-2.4852224757011774,24.916039421832238,0.37675825981108696,28.078781262036284,0.012064404438707205,1,0
2026-01-03 10:08:00,27.541150126640105,-2.020218379489112,27.37220017842465,0.0,28.12404079273462,0.0012165705493473872,1,0
2026-01-03 10:09:00,27.477736759707064,-2.557107277126436,25.967219905831755,0.0,28.111625104794776,0.06387083871406919,1,0
2026-01-03 10:10:00,27.297475476992826,-1.889526675052385,25.98765937462302,0.6106404113076516,27.85779744252106,0.030729282494882063,1,0
2026-01-03 10:11:00,27.338862993971052,-2.144601718535526,26.127408395829026,0.0,27.975302680067358,0.021539675036214897,1,0
2026-01-03 10:12:00,27.455038738664303,-2.772638007254328,26.613661010806688,0.0,28.03626101562676,0.0632972673988146,1,0
2026-01-03 10:13:00,27.54411611135317,-2.0861896551520425,25.62548570620505,0.0,28.053166292848168,0.009364161672998899,1,0
2026-01-03 10:14:00,27.754731735202746,-2.7043792348108617,26.217770689635604,0.0,28.013905113924146,0.0358433513834502,1,0
2026-01-03 10:15:00,27.48247649898241,-1.860432187945076,26.798624473066276,0.5277630473423969,28.171502353850183,0.002516895068409193,1,0
2026-01-03 10:16:00,27.66513061365944,-2.1772131656319758,26.59773112449405,0.2399032936170942,27.84452247871959,0.03851365233446813,1,0
2026-01-03 10:17:00,27.673183624579814,-1.4279242879849665,26.7251109591161,0.06361682120877793,26.307041718324964,0.00457908473288153,1,1
2026-01-03 10:18:00,27.431552172169656,-1.685141193386674,26.24557879634547,0.5559823302568669,27.797467347995333,0.033468335009682805,1,0
2026-01-03 10:19:00,27.574473424861498,-2.414372806841798,26.971774322852163,0.4885213077396773,28.07454985722447,0.060158244020229665,1,0
2026-01-03 10:20:00,27.41772857828815,-2.732234615734793,27.239491285401996,0.11694277375288352,28.066554333692835,0.026682092698958965,1,0
2026-01-03 10:21:00,27.693607519921617,-2.270010278179352,27.211330162385583,0.971641880137647,28.40183240388595,0.01446646635809639,1,0
2026-01-03 10:22:00,27.564066524934926,-2.4129122534722547,26.826970267977863,0.0,28.1231631590063,0.02564388665178382,1,0
2026-01-03 10:23:00,27.229258865364038,-1.325306716568079,27.198684027043505,0.3843099740057176,28.039763816938404,0.03364813635603843,1,0
2026-01-03 10:24:00,27.466498541734886,-1.94596795582458,27.16501115887806,0.0,28.03058740908086,0.0412177116542663,1,0
2026-01-03 10:25:00,27.727916861108348,-1.593010468699888,28.44262510616114,0.3159969527467974,27.962006690724827,0.05152464688269498,1,0
2026-01-03 10:26:00,27.392429571954406,-1.9962338939286641,27.435506435114814,0.0,28.015658523275743,0.05244227157235417,1,0
2026-01-03 10:27:00,27.499403828805292,-1.9356527126844478,26.53451542056112,0.1614789105709575,28.033149875391267,0.022643082915518736,1,0
2026-01-03 10:28:00,27.510814356066987,-1.8601300432141437,25.97222238519353,0.836547568458893,27.764228879442694,0.013130106140159534,1,0
2026-01-03 10:29:00,27.21968978755682,-1.4371260043030871,26.44134384502945,0.3331481304834461,28.02362963086084,0.004866810268371574,1,0
2026-01-03 10:30:00,28.291927430858433,1.9090686644861037,24.405617158000744,4.966894389441448,28.01212114820497,0.015280904571784043,0,0
2026-01-03 10:31:00,27.942827763227317,1.4543479205936087,25.009565117161205,4.528854022737563,28.210481593207138,0.033577549280885646,0,0
2026-01-03 10:32:00,28.07483149557381,2.4165905336662603,24.175068776400316,4.865880046576129,27.9841993888237,0.0007243393438749676,0,0
2026-01-03 10:33:00,28.374815010760777,1.770283667141001,36.69429944704109,4.447199124448919,27.908134557540457,0.008316515222287282,0,1
2026-01-03 10:34:00,28.239164974082694,1.737041031179121,23.719831260746098,5.110441721882961,28.032223849849597,0.03512138358570217,0,0
2026-01-03 10:35:00,28.113937322625574,0.9293801943768233,23.563351850622805,5.101657173891444,28.008921768625758,0.013363231804516373,0,0
2026-01-03 10:36:00,28.242938879476938,2.1643976819829938,24.625099773018096,4.737127593930244,27.984327925225198,0.031659752204929434,0,0
2026-01-03 10:37:00,28.145637454196137,1.9996694708567195,38.07452133307055,5.382236195409298,27.846521342704406,0.010342416475503312,0,1
2026-01-03 10:38:00,28.152649406376273,2.0204457222922807,23.865934139255312,5.333013624279497,27.98127766014288,0.030180369455845197,0,0
2026-01-03 10:39:00,28.262604275822135,1.8647362034135757,24.314199928222703,4.8523763094560834,27.93049697533192,0.011106214140584289,0,0
2026-01-03 10:40:00,28.007510180882736,1.823649419343814,24.2405187955261,4.997928892579065,27.97402222013052,0.009235575058136401,0,0
2026-01-03 10:41:00,28.139831366184982,1.9137772802699933,35.154368109249695,4.594039973720614,28.087858386782933,0.04220722368923393,0,1
2026-01-03 10:42:00,28.07057912921716,2.2222069938116333,24.36591757724907,4.704736815446194,27.919058279290496,0.012473899147156568,0,0
2026-01-03 10:43:00,27.83568458614992,2.2994949843240247,36.45738985159473,4.422697300112749,27.973452102040056,0.02052465627222412,0,1
2026-01-03 10:44:00,27.949813082573666,2.0093020944631568,24.823339736979836,4.63258205359765,28.06494459603298,0.01255944223044978,0,0
2026-01-03 10:45:00,28.39227716047149,2.435237014335417,25.54988779332724,4.763463897510467,27.96767172590531,0.03480059986447112,0,0
2026-01-03 10:46:00,28.173864729063368,2.0869369528485913,25.882559796630083,4.218871463670734,28.31310231846394,0.03099704040625523,0,0
2026-01-03 10:47:00,27.86109938312302,1.9480351027550935,24.96953879271413,5.001884891248642,28.029863980109567,0.0347576826940484,0,0
2026-01-03 10:48:00,27.81693486693464,2.2023152319208803,25.036987398631332,5.157744894684196,27.8509723561269,0.01510822535976785,0,0
2026-01-03 10:49:00,28.068991432421473,1.6638182577237477,24.763822154477484,4.797228792781736,27.89928367083083,0.024104889713086785,0,0
2026-01-03 10:50:00,28.36531180622819,2.2261341217320103,25.241811041994495,3.855965279546523,27.88720782536952,0.032506581341177246,0,0
2026-01-03 10:51:00,28.04594002659062,1.6083189264446656,25.19091055748288,4.711452532454715,27.900996845638115,0.052813671505582596,0,0
2026-01-03 10:52:00,28.310221412930105,1.790082353462366,25.85860441168281,4.312314825671382,28.06443737418633,0.030517562891299584,0,0
2026-01-03 10:53:00,28.133866374686402,1.4432447971058653,23.621103838876223,4.5866333386121365,27.86721886524391,0.14431092719461225,0,1
2026-01-03 10:54:00,28.15105901382633,2.0867917299438705,24.791664718494065,5.3081777052199834,27.960255309239773,0.029822090210431473,0,0
2026-01-03 10:55:00,27.82168230856376,2.7080545093624555,25.20579012911093,3.9479344209956624,28.137129628991282,0.02203004021155137,0,0
2026-01-03 10:56:00,28.226912190265743,2.0986266728180953,24.962428573036547,4.5142731162894245,27.93762734145373,0.01097721130184301,0,0
2026-01-03 10:57:00,27.99408917430326,2.358124663504896,24.33580041523176,5.090349364149212,28.080578387537155,0.008212822580886396,0,0
2026-01-03 10:58:00,28.206129878590055,2.947824213157715,24.0959811712153,4.554325858157968,27.79804356954276,0.023803186884586443,0,0
2026-01-03 10:59:00,27.900800745934344,2.2559974630467443,25.582200023602063,4.527549437989826,27.955526193505122,0.025320380789853488,0,0
2026-01-03 11:00:00,28.075984309870584,1.8352846757187466,24.50008094623439,5.511342159012634,27.893686553507106,0.019694504675789624,0,0
2026-01-03 11:01:00,28.104429964994168,1.8705141394367206,23.8135697316492,4.932435587693683,28.035972514791077,0.040915272152384205,0,0
2026-01-03 11:02:00,25.67021212842674,2.0760341366404016,25.653586523806265,5.127005843861191,27.875826624674957,0.008167376154921236,0,1
2026-01-03 11:03:00,28.108379952379842,1.8385875630757722,25.387171517471895,4.973134401255977,28.24835882562621,4.848779082593929e-05,0,0
2026-01-03 11:04:00,27.985155432643325,1.8477999797259534,24.996580224736658,4.856594087059572,27.80327381270982,0.010137538677003588,0,0
2026-01-03 11:05:00,27.914024572711106,2.369814531631113,24.449223359544174,5.242408718490243,28.13629373726545,0.014024030875607685,0,0
2026-01-03 11:06:00,28.317796835969787,2.3648795365726407,25.021624771048348,5.46687131156355,28.10539325027251,0.023953241592650807,0,0
2026-01-03 11:07:00,28.21578441067616,1.4090593737645873,25.96347449850045,4.210769076386274,28.0371833387836,0.010642477789603965,0,0
2026-01-03 11:08:00,27.88839111516165,1.6779557157099796,23.993706343819277,4.787638925334534,28.00653199042144,0.013551073791865612,0,0
2026-01-03 11:09:00,28.126253406874945,1.7799562896568522,24.040545642046776,4.78488043806055,28.22259504047879,0.02124749684480838,0,0
2026-01-03 11:10:00,27.889052410611594,2.1293881813218287,24.70712805148303,4.649752967640713,28.296515666729345,0.02721686485748271,0,0
2026-01-03 11:11:00,27.8085085117673,2.296549530512933,25.13904490060803,5.143371220315704,27.975127997407267,0.2661436617556109,0,1
2026-01-03 11:12:00,28.207071758285526,2.818457868782075,24.82131899894542,4.8899106888816695,28.0189323248541,0.011096383904696444,0,0
2026-01-03 11:13:00,27.7137005383367,1.685724931637088,25.62961717701628,5.473915502554973,27.933711973869645,0.036248943412222956,0,0
2026-01-03 11:14:00,28.186943715580338,1.6789097157907469,25.952644258533606,5.185093243253636,27.859685512249037,0.05281325863267393,0,0
2026-01-03 11:15:00,27.974509983736848,2.0059995054732096,25.396304530948786,5.277645853226088,28.055573530511747,0.023299746302147383,0,0
2026-01-03 11:16:00,27.982031262582066,1.5368093825553617,25.60406419835566,4.380292523004818,28.029954688358245,0.02983192236553056,0,0
2026-01-03 11:17:00,28.094193690485422,1.701952763142299,25.41271401774482,4.517869926594031,27.806773445633794,0.029984486147503143,0,0
2026-01-03 11:18:00,28.125601844992676,1.5819675701395426,25.2392687178184,4.546707990795579,28.05472023822276,0.01663670259193681,0,0
2026-01-03 11:19:00,27.873009975797313,0.7859480527975838,24.337374999062842,5.263091580787657,28.03397678236672,0.04099574692950858,0,0
2026-01-03 11:20:00,28.151925214032815,1.7234245803890684,24.533407621199714,4.461488299853867,27.92785063749501,0.04731787183198999,0,0
2026-01-03 11:21:00,28.044340128712452,1.5938158391675015,24.317375702513736,4.471722977776233,27.92001728069454,0.058062385232680445,0,1
2026-01-03 11:22:00,27.799256906554074,2.0806158206148577,25.168961610305978,4.407525603909805,28.050853572089224,0.01712284340748045,0,0
2026-01-03 11:23:00,27.996395487686748,1.6164499001561041,25.445283866808275,5.763559526607564,28.193065798621678,0.00456783074651812,0,0
2026-01-03 11:24:00,28.27744004986748,1.1551135442876728,24.277856258029733,4.7502188316168565,28.04780747555865,0.049454035361110746,0,0
2026-01-03 11:25:00,27.532642391942762,-2.115310268933118,27.352682023134957,0.18546080579567245,28.093658110150333,0.033980387065490544,1,0
2026-01-03 11:26:00,27.36222962854754,-2.7750094247584607,26.69861299931184,0.0,27.900136432763215,0.04074394673427292,1,0
2026-01-03 11:27:00,27.021299989754024,-2.483921931236958,26.572095719490797,0.33574043997199254,27.950287313250858,0.013352625548239742,1,0
2026-01-03 11:28:00,27.326526314108207,-1.8533766749088008,26.89193192721722,0.0,28.072962012746327,0.029888123501064557,1,0
2026-01-03 11:29:00,27.394224395980046,-2.176732304378046,26.554353213271064,0.0,27.836998613842113,0.006038801450479102,1,0
2026-01-03 11:30:00,27.37474286431617,-1.7802310075002319,27.77222594962487,0.0,28.024864203796422,0.02490568322728261,1,0
2026-01-03 11:31:00,27.388643114655668,-2.802990204012023,27.238705439089472,0.07660503847789588,28.059210763983696,0.01873802181177233,1,0
2026-01-03 11:32:00,27.316160591204646,-2.209375838161685,27.93556711524159,0.0,27.99537590800461,0.06718397098232842,1,0
2026-01-03 11:33:00,27.24134272002301,-2.2992991551390265,27.06294199203823,0.5333993353834835,28.038324643892594,0.03487533478401118,1,0
2026-01-03 11:34:00,27.148651915088063,-1.8050565002819758,27.09774344003938,0.1761281215492486,28.006938381734052,0.013736113721438827,1,0
2026-01-03 11:35:00,26.920483606908313,-1.909215744695955,28.70128654238186,0.0,27.92534060767266,0.024972002338864836,1,0
2026-01-03 11:36:00,27.32736944942247,-1.9232944108479908,39.307553149082,0.3491659769739753,27.858627188050537,0.031627077776077074,1,1
2026-01-03 11:37:00,27.304008347796433,-1.610293276127248,28.305022727785058,0.0,27.98916239808425,0.016468714562068148,1,0
2026-01-03 11:38:00,27.375325145025844,-2.278617277706982,28.57182231546747,0.0,28.156540720407232,0.0051503346981837984,1,0
2026-01-03 11:39:00,27.038798626062682,-1.6808043710236447,27.957353091429407,0.31353547662335296,28.122925687711255,0.036889289374463244,1,0
2026-01-03 11:40:00,27.40040123433313,-2.510154866362181,27.1974313894925,0.0,27.958560124539666,0.007695026615389549,1,0
2026-01-03 11:41:00,27.65899905147312,-2.5179107166145913,28.434925380191977,0.25718597335504817,27.956067467364363,0.035357986937987404,1,0
2026-01-03 11:42:00,27.308319678127376,-1.8694084806788869,27.218046369890015,0.0,27.947234513267563,0.006174211700500486,1,0
2026-01-03 11:43:00,27.288245519918085,-2.651173607541457,26.956265848914615,0.0,27.947249935697304,0.015389776415458285,1,0
2026-01-03 11:44:00,27.36023495653345,-1.914109946258073,27.185414289202313,0.6853479272229528,28.034529930772262,0.042210701453035196,1,0
2026-01-03 11:45:00,27.67582066444786,-2.067649273522092,27.064801730665273,0.0,28.126897767443968,0.033805134057682124,1,0
2026-01-03 11:46:00,27.131238521592557,-1.7150146953650605,26.807884161634743,0.334570121466837,28.27153710819583,0.025565580885334515,1,0
2026-01-03 11:47:00,27.357670441588866,-2.096609151496569,28.253955577571173,0.09773565520775819,27.90041829753768,0.024461730697102557,1,0
2026-01-03 11:48:00,27.182849068232777,-2.040483557713657,26.941811719731138,0.1340468588723506,28.078141641629692,0.026629957115435452,1,0
2026-01-03 11:49:00,27.23410996343304,-1.8648876821369331,36.05813965278902,0.0,28.065080128360727,0.010752249312498454,1,1
2026-01-03 11:50:00,27.32951011878263,-2.25690300591121,26.48466943513346,0.0,27.960430429662754,0.002300550699706628,1,0
2026-01-03 11:51:00,27.58689512450295,-2.2528970459239392,27.52268404497793,0.5347959365566624,26.547666020559948,0.03524511387819089,1,1
2026-01-03 11:52:00,27.67456358407691,-1.819421438536426,26.697617058927097,0.3256610244258813,28.033044771621363,0.05254180079026094,1,0
2026-01-03 11:53:00,27.437119644824865,-1.9745657801707917,26.68591495605479,0.0,28.254385574425008,0.03587619271948585,1,0
2026-01-03 11:54:00,27.294788845508574,-2.084917696133032,27.441083390450643,0.0,28.032285652542235,0.029575103480723983,1,0
2026-01-03 11:55:00,27.81743632401488,-1.9486814850581684,28.26263472010373,0.0,27.905532207145914,0.0032465666125618096,1,0
2026-01-03 11:56:00,27.297989035187875,-1.338377246792532,27.83605141812013,0.3435233445177748,27.98112804296202,0.0407891368760775,1,0
2026-01-03 11:57:00,27.27838041202707,-2.027825534145172,27.88899151371219,0.4125421211332428,27.863179116746984,0.03366509897416098,1,0
2026-01-03 11:58:00,27.06795408670188,-2.0139174499847385,27.446347563496843,0.19423026070557603,28.002221234307193,0.03868263701499088,1,0
2026-01-03 11:59:00,27.645014573057598,-2.422020244442324,27.306859949888857,0.0,28.082008963320014,0.04361003819172166,1,0
2026-01-03 12:00:00,28.374284206626832,1.7851764716450065,26.099960614870632,5.0638226781850495,27.916887989849922,0.05354812540678579,0,0
2026-01-03 12:01:00,28.64148690590741,2.054323994744581,25.156126985596746,5.256252371261016,27.60932679584853,0.004935006688372979,0,0
2026-01-03 12:02:00,27.962441961874678,2.1413799258243302,26.1384778760325,4.8607447909873125,28.03322572873147,0.0017984151899998052,0,0
2026-01-03 12:03:00,28.481285868734417,1.9106452523569089,26.423393295998537,5.4929310694605835,27.939813692764844,0.027666772910294422,0,0
2026-01-03 12:04:00,28.23767555147871,2.23101482511425,24.972949054633556,4.337660270431888,27.909919619825864,0.00839467296008415,0,0
2026-01-03 12:05:00,28.37635471100407,2.175637690822063,25.079329630298247,5.039682632156441,27.90888380759624,0.005277324751947175,0,0
2026-01-03 12:06:00,27.94082421894839,2.3318904054688194,25.186808051715918,4.44292252453795,28.048030231083622,0.04696172351939949,0,0
2026-01-03 12:07:00,28.507800669287693,2.308820976392209,24.545105722037846,5.170489667962312,27.951051290520827,0.006836873288036564,0,0
2026-01-03 12:08:00,28.39118773928679,2.534964111119163,25.24641302378131,5.01450129950936,28.11165347589045,0.02480079160236436,0,0
2026-01-03 12:09:00,28.24861925272597,1.9463322300041686,26.488855373676326,5.430474535866955,28.114294200052953,0.004365663130963305,0,0
2026-01-03 12:10:00,28.37768390957762,1.5605053485637543,33.98488732537831,4.974898006747878,27.96752415941508,0.026134703125146274,0,1
2026-01-03 12:11:00,28.129640032627258,2.2754319899505426,26.51065804403989,4.658597893678856,27.937496082998827,0.046290716012733144,0,0
2026-01-03 12:12:00,28.16891338034894,2.3332943051800585,25.2819434180615,4.62812542565264,28.015325020644386,0.04683567878162153,0,0
2026-01-03 12:13:00,28.19548677596946,2.6253021514457524,27.067341865183632,4.712437965645534,27.982552818183738,0.04380985944495846,0,0
2026-01-03 12:14:00,27.95101386619721,2.5386147750536643,25.112238422545516,4.621246585570952,25.79485113217952,0.023589304559231646,0,1
2026-01-03 12:15:00,28.4451165289566,2.7840242508771462,25.490538806570413,5.27148813979655,28.22969245024709,0.04500708134033919,0,0
2026-01-03 12:16:00,28.509872318114837,2.3315268093189916,24.95584429593733,5.246473396866603,28.085720289689274,0.03274146245022356,0,0
2026-01-03 12:17:00,28.17441277566724,2.2045980562768936,25.11305557716935,4.276201394270177,27.94438179501665,0.01709896659972472,0,0
2026-01-03 12:18:00,28.36847788828271,1.648125688239292,26.532472386858363,4.8134260500789265,27.770034014575284,0.031870627351501785,0,0
2026-01-03 12:19:00,28.263021780125356,2.2474372912765275,25.92905046988396,4.8218720308800505,27.978348176551737,0.33783961424288206,0,1
2026-01-03 12:20:00,28.374791082918158,1.9513065386493091,26.318001846695314,4.526546651369773,27.929442781595757,0.0011010779588428374,0,0
2026-01-03 12:21:00,28.207479605726608,2.2221111680802594,24.677698141573597,4.953387497225845,27.992731215630776,0.005912490370691879,0,0
2026-01-03 12:22:00,28.166021978586844,2.1688664046650628,26.057598337115188,5.311297793239801,27.740335541886438,0.02241497352763978,0,0
2026-01-03 12:23:00,28.51885464354523,2.3148935455542308,24.9196422865073,5.112133144383643,27.943330402973555,0.0030083537529830076,0,0
2026-01-03 12:24:00,28.322269363263523,2.114016915040417,24.6637901895012,5.271473936129701,27.95064137170708,0.002751470447892451,0,0
2026-01-03 12:25:00,28.70186761091504,2.471939780310677,25.767136297197492,4.548536253362519,27.97692696689034,0.01742943270889826,0,0
2026-01-03 12:26:00,28.35017772931215,1.1864994946903318,25.759889982012186,4.8127777204683335,27.971655078271024,0.04285580253174413,0,0
2026-01-03 12:27:00,28.1789290117244,2.1993675320085524,25.636994658621035,4.5320233122568485,28.00627009994473,0.04251671766053204,0,0
2026-01-03 12:28:00,28.570076120818374,2.5453857718017745,26.101509308744014,4.883800524703198,28.182541285417486,0.03077944313118228,0,0
2026-01-03 12:29:00,28.466192686854438,2.7690948941643847,26.210107074610193,4.915307818187537,27.938198297530356,0.02824505781405323,0,0
2026-01-03 12:30:00,28.486721688146556,2.359295359759325,26.62663993870669,5.135943301890317,27.89066104529621,0.06257461171148407,0,0
2026-01-03 12:31:00,28.57323868891083,2.679872208298156,24.763634691472593,5.259722148846435,27.79272033744116,0.015291682495635514,0,0
2026-01-03 12:32:00,28.244279595441604,2.13493136227792,26.647158341872647,5.0411420073810165,27.938666661139955,0.029339334429695763,0,0
2026-01-03 12:33:00,28.341532586758316,2.061102590491566,26.912064161466333,4.498940548005692,27.831849889124058,0.01439821679427248,0,0
2026-01-03 12:34:00,28.33603212415422,2.228425904790366,25.336611430055584,4.326739549986524,28.115211555353,0.0018264159460978611,0,0
2026-01-03 12:35:00,28.13681029509665,2.0238576643784176,24.4233819932947,4.982007010746866,27.988467300323826,0.04632785916628257,0,0
2026-01-03 12:36:00,28.323743945904642,1.7318997244962882,24.621058329117936,5.325182388101425,28.112735798200784,0.019506302209915585,0,0
2026-01-03 12:37:00,28.613575407686724,1.8051376570354611,36.638608210631546,4.791322843026115,28.17588364677401,0.03750679545495883,0,1
2026-01-03 12:38:00,28.41737408941257,1.575061529848408,26.995253651843854,4.2654122532534435,27.8961930559231,0.02056967818320053,0,0
2026-01-03 12:39:00,28.133775529119987,2.127289808279373,25.59497676812435,5.529664584847805,27.958316828782383,0.04743946896157049,0,0
2026-01-03 12:40:00,28.097214301442506,1.9236941845391553,25.14848709407529,4.971291592556505,28.15980241618446,0.007049739975613461,0,0
2026-01-03 12:41:00,28.67790794294817,1.7703729336706167,25.098058976772563,4.859899530617194,28.022706109525252,0.04595042883108205,0,0
2026-01-03 12:42:00,28.362756519320364,1.6744297768931715,24.64908930842096,4.391210097147768,28.062581192439747,0.04109569665383401,0,0
2026-01-03 12:43:00,28.263027692020476,2.025480306505896,26.18418278084151,4.805675678013408,28.12395730857637,0.00730347526738874,0,0
2026-01-03 12:44:00,28.330571831181977,2.097571629023969,25.50434678490278,5.040409456768443,28.107581758439686,0.015696557337275853,0,0
2026-01-03 12:45:00,28.114084604222878,1.4043201012231932,27.035322134075198,4.976057252193741,28.049243146394925,0.04337491556339036,0,0
2026-01-03 12:46:00,28.63604747577553,1.3248955997680938,26.001666380215116,4.5620395051466485,28.16756337822136,0.05447189724137126,0,0
2026-01-03 12:47:00,28.308812000281282,2.0853678991313327,26.13918585998478,4.780027150964875,27.991809482969426,0.037878933735519954,0,0
2026-01-03 12:48:00,28.625146216159205,1.2459342747427824,25.38490058639924,4.584397654287132,28.062329727790942,0.017861954414948207,0,0
2026-01-03 12:49:00,28.387545560973997,1.895147317301923,24.786629762499867,5.3824565540137375,27.97878897947778,0.0075698899611789175,0,0
2026-01-03 12:50:00,28.634581150964515,2.2462111693999205,24.934655481694243,5.11320589252264,28.12246620028889,0.03519978062736408,0,0
2026-01-03 12:51:00,28.42227157795984,2.224374356111064,24.583335274771862,4.616482795990125,27.915908243449515,0.017331621254052552,0,0
2026-01-03 12:52:00,28.52823511004611,1.893940359746173,26.174565893354814,4.391035619400737,27.798057239430452,0.23501936604772392,0,1
2026-01-03 12:53:00,28.502463853564798,1.8626115878811285,25.263166612347142,4.897235278780942,28.078590974490417,0.020965174855276943,0,0
2026-01-03 12:54:00,28.48338256485848,2.3824427692663983,26.194512214416722,4.6275139135989525,27.877583376096315,0.04087162816654091,0,0
2026-01-03 12:55:00,27.63177287763435,-2.8420141454031063,27.617894216092374,0.0,27.865690880682035,0.05751601138764178,1,0
2026-01-03 12:56:00,27.524979964921215,-2.2056479162888722,27.312612078478594,0.0,28.15179159213765,0.04348382799718268,1,0
2026-01-03 12:57:00,27.909216426858784,-1.7631285417402802,26.69353304762447,0.0,28.11595354614294,0.02517192566896479,1,0
2026-01-03 12:58:00,27.398534271016587,-2.1938542165070367,27.717908202956885,0.05693455339618364,27.958899912298563,0.008814506042035326,1,0
2026-01-03 12:59:00,25.500244277591225,-1.6562407423817975,27.348073456240744,0.0,27.634544424726307,0.03701699104538475,1,1
2026-01-03 13:00:00,27.558564030218566,-2.116882812433118,28.12683850728142,0.8737800351072429,28.063988816708935,0.054977971273828544,1,0
2026-01-03 13:01:00,27.62508799290999,-2.0684675650865487,26.98855830361009,0.20798870143373452,28.079500584707624,0.043063689756210756,1,0
2026-01-03 13:02:00,27.471921686798897,-2.2206504815844545,27.914501008014316,0.0,28.062017360183635,0.02873915894590245,1,0
2026-01-03 13:03:00,27.602277393993614,-2.3157486162861267,28.625543985050676,0.0,28.056502418907666,0.01619775545949564,1,0
2026-01-03 13:04:00,27.511450270312675,-2.3310919912982744,27.66130948934025,0.13935998603033498,27.978233299342484,0.031213101289623117,1,0
2026-01-03 13:05:00,27.253136546622596,-2.0497745096614,28.01364136496757,0.0,27.95074370274789,0.04578237878033801,1,0
2026-01-03 13:06:00,27.53548548011216,-2.4191804014168987,38.74949719232039,0.46601623232662936,27.86726057564644,0.029181560302973475,1,1
2026-01-03 13:07:00,27.33137940411553,-1.8161650802347327,28.77897979807439,0.09865234346097883,27.916312398917583,0.02313821003293245,1,0
2026-01-03 13:08:00,27.212849069441816,-1.9211577158456956,27.703371616998695,0.0,28.03857815919302,0.01262959647936337,1,0
2026-01-03 13:09:00,27.545080706868685,-1.763286909039452,27.926065126189016,0.0,28.0405512341074,0.07160967891886984,1,0
2026-01-03 13:10:00,27.603520771307096,-2.5398062381518223,27.40336749809105,0.0,28.09477894589044,0.008963235117264014,1,0
2026-01-03 13:11:00,27.60562471313744,-2.7344202955718533,26.879208869068425,0.15471292842888357,27.831228249355586,0.007299567299305757,1,0
2026-01-03 13:12:00,27.60789207267619,-2.134334795174425,26.56793250913858,0.0,27.80089292263639,0.0279537537725517,1,0
2026-01-03 13:13:00,27.152788698855424,-1.1099341343525468,28.292732703336945,0.05348615788550172,27.954435386510227,0.021365302413853166,1,0
2026-01-03 13:14:00,27.250402420538634,-1.6714048438716116,26.69212161584913,0.0,27.87760628254656,0.04341932728809127,1,0
2026-01-03 13:15:00,27.845233858626457,-2.297165099301905,27.912023843660847,0.0021648966424587324,28.022318494778542,0.04402801801980588,1,0
2026-01-03 13:16:00,27.296007304487592,-1.9415839033432953,27.6729353246266,0.1295090945568747,27.842814805895213,0.0031426671452189463,1,0
2026-01-03 13:17:00,27.588858192026635,-1.821148346157061,28.015839179939633,0.511528611075286,28.14162785711081,0.011399846919815606,1,0
2026-01-03 13:18:00,27.34956382385379,-2.5390365731735844,27.004618859542028,0.08595139826180816,27.90135275698725,0.009242587971718091,1,0
2026-01-03 13:19:00,27.481770279883026,-1.563761375498544,26.80279759158548,0.0,28.191120908955938,0.039121492216902934,1,0
2026-01-03 13:20:00,27.347577869389376,-2.0835741077776224,27.612424853723198,0.5225517804353554,28.062916222061425,0.03271011423685075,1,0
2026-01-03 13:21:00,27.556700466819027,-2.0374631339151184,27.134047590867336,0.0,27.873372153998698,0.018313140480912274,1,0
2026-01-03 13:22:00,27.474234065164065,-4.371220694887496,26.46795668318532,0.2707483688355063,28.25136940184246,0.02889518978486444,1,1
2026-01-03 13:23:00,27.362853781951976,-1.5637259982172944,28.677503139604845,0.0,28.031854277754103,0.0047272967845895,1,0
2026-01-03 13:24:00,27.248393122804668,-2.2066715804470154,26.757278712920215,0.031772390962344854,28.019934328740252,0.011634049958669523,1,0
2026-01-03 13:25:00,27.4794560275287,-2.5171465518385503,26.60632259177404,0.0,27.99217455371523,0.0015996316251544636,1,0
2026-01-03 13:26:00,27.206761774345146,-1.783438722020939,27.122844889651137,0.1127909843722231,28.055986398632434,0.027618813643003944,1,0
2026-01-03 13:27:00,27.49576171096993,-2.5880494219468124,28.15969024334076,0.28133983330726614,28.063050473376716,0.027550498166726507,1,0
2026-01-03 13:28:00,27.885323448900582,-1.95409684363346,25.756200436592206,0.0,27.89620312577619,0.0072813850047897186,1,0
2026-01-03 13:29:00,27.64931251863361,-1.409008764359852,28.0819371665969,0.0,27.974373825936365,0.032581764084221344,1,0
2026-01-03 13:30:00,28.329302619640945,2.002682866228067,24.614970365502145,4.9248863764623865,28.013884114930057,0.04402807538112517,0,0
2026-01-03 13:31:00,28.17830877700014,2.1892393888143027,25.428033757008905,4.511244410507074,28.069928855758477,0.006451298125765996,0,0
2026-01-03 13:32:00,27.838468361865424,2.065833563157009,24.75940818097102,4.26871970943258,28.071962713247675,0.019126226806047374,0,0
2026-01-03 13:33:00,27.94317332534979,2.716386162860408,26.616586129129658,4.923618746440432,28.019745015300877,0.03424518116574036,0,0
2026-01-03 13:34:00,28.405851555925675,1.6905892048560671,25.29899561837604,4.762305988183023,27.9339612453253,0.02488536729903321,0,0
2026-01-03 13:35:00,28.02658723359749,2.059053137116903,24.705502303484693,4.754899212995797,27.92780897074165,0.0003033235646250493,0,0
2026-01-03 13:36:00,28.036710517983273,1.7890156601521114,24.97969657213339,4.982374645103434,27.857021391639048,0.01706580355606841,0,0
2026-01-03 13:37:00,28.12663697316894,2.2991954914452606,25.242391526830556,5.031262623350644,28.071112139725653,0.016468370788897912,0,0
2026-01-03 13:38:00,27.95921694936056,1.9639205358639455,25.293096952897614,4.74364933794448,27.926082748706325,0.021932482647653073,0,0
2026-01-03 13:39:00,27.923558568793215,2.6073205461077813,25.464829219828196,4.407065708148517,27.97698946029593,0.022698978173697454,0,0
2026-01-03 13:40:00,28.129351041100723,1.8391900789995999,25.1455805521441,4.576494618890099,28.0285292688373,0.05318812048911155,0,0
2026-01-03 13:41:00,27.972095511344165,2.5356247136615986,24.171316282138395,5.004737375662886,28.000472100187324,0.021246920499743263,0,0
2026-01-03 13:42:00,27.993404059886153,2.267699524607485,24.885808474408265,4.847740932205744,27.999326641992546,0.005925482124815761,0,0
2026-01-03 13:43:00,27.980478808871506,2.064442389581906,25.53722404052561,4.607584221984882,27.89140456968253,0.026640361181071912,0,0
2026-01-03 13:44:00,28.209519957188743,2.280017968645237,24.6321158169424,4.525464729957706,28.03226350700645,0.05645951952253553,0,0
2026-01-03 13:45:00,28.068217375710834,2.1945514269597712,25.560356370265758,5.0162379835895745,27.962460561108653,0.02199191553969407,0,0
2026-01-03 13:46:00,28.072471578217126,2.239162054292844,25.099894786027892,4.72242165805328,27.989631946305177,0.01711443446701704,0,0
2026-01-03 13:47:00,25.550974504350894,2.052109473515342,24.913465377423112,5.063450872570248,28.13895621892792,0.01950776974813717,0,1
2026-01-03 13:48:00,28.068631525105427,1.8873138030590542,25.88988624657706,5.107767529103496,28.060638183271976,0.03551460826566832,0,0
2026-01-03 13:49:00,28.03909525611909,2.0223286122097117,23.825308064634125,4.690506087400185,27.931503327346757,0.019431244941878326,0,0
2026-01-03 13:50:00,28.168979294259053,1.5555819712723946,24.557204412726634,5.132376619692634,27.982130328929223,0.002280975053466361,0,0
2026-01-03 13:51:00,28.199832102695776,2.442764579765315,38.46270904341144,4.848443414061676,28.19193242854162,0.012908015108184609,0,1
2026-01-03 13:52:00,28.04848826340583,1.717479399195266,26.28657226089111,4.893715383154413,27.963114105764607,0.023835560652438442,0,0
2026-01-03 13:53:00,28.085028235550734,2.0736103201241884,26.593416276969222,4.033937816710814,28.0047857491812,0.034641242411356576,0,0
2026-01-03 13:54:00,27.92551169006207,2.374898427897258,25.016076214552847,4.460177545586791,28.079697468238894,0.014511497021429159,0,0
2026-01-03 13:55:00,27.907189052468972,2.4384715645392423,25.288885386452467,4.479156972642896,28.025822978548412,0.01966814937077062,0,0
2026-01-03 13:56:00,28.196604614704814,1.5184753263035653,25.52801261815758,4.688470847158751,27.95526182576236,0.025808661661105875,0,0
2026-01-03 13:57:00,28.134466512270542,2.1007229543745254,25.83574976979583,4.840022852678822,27.910789532529027,0.011006380738605171,0,0
2026-01-03 13:58:00,28.132726955855077,2.285424993905461,25.14967538779326,4.854337613764341,27.998788126992014,0.023348558601233214,0,0
2026-01-03 13:59:00,28.09790512546244,2.1327835544465277,25.566061251486232,4.900011431376938,28.078962321323665,0.033409812099561655,0,0
2026-01-03 14:00:00,28.052432016965493,2.5735351265102975,25.226778668264313,4.56026939305684,28.158508024797015,0.00364306228118029,0,0
2026-01-03 14:01:00,28.16642357363349,1.8025307354241555,25.257609825920444,5.041977037321193,27.824157509560596,0.030516200277672736,0,0
2026-01-03 14:02:00,28.20653664865025,1.3586393681957838,24.236248749661918,5.433250955243056,28.21153411929959,0.005374471485243705,0,0
2026-01-03 14:03:00,28.199582858558646,2.3437147947860684,24.635651895411925,4.676336289392806,27.965390913673126,0.005734764246947122,0,0
2026-01-03 14:04:00,28.0149668813077,1.8551502877941735,24.487099532133456,4.567716141398223,28.110979200190673,0.01306967231537542,0,0
2026-01-03 14:05:00,28.280514019642126,1.4094864542351968,24.007691876307486,4.560133861631194,27.91149576673494,0.049577530133278036,0,0
2026-01-03 14:06:00,28.06993274977869,1.9502455016041047,23.670622082787098,4.829913739285672,27.806699269020946,0.005873227288127048,0,0
2026-01-03 14:07:00,28.140800609392947,2.4161670340577195,24.51698193970247,4.615982911635449,27.842446459589855,0.016648935615150594,0,0
2026-01-03 14:08:00,28.0761225896206,1.5221766307406166,24.615529500563678,4.194385055420876,27.960285190035393,0.02452388866154385,0,0
2026-01-03 14:09:00,28.068394639215065,2.75995640895807,24.860451610138373,4.290136844641915,28.062891178308544,0.04600919142780068,0,0
2026-01-03 14:10:00,27.890299246212745,1.6264484920761637,25.162575364469443,1.9754772960180278,28.00374309483723,0.06006295704207367,0,1
2026-01-03 14:11:00,28.147994898528587,1.9269268734799705,24.891834467250177,5.2486279140431815,27.969971844320963,0.017403549035501092,0,0
2026-01-03 14:12:00,28.533139049917086,1.4460727455395581,24.566860012772924,5.359961355785291,28.134162798223787,0.03470847527008945,0,0
2026-01-03 14:13:00,27.952975357491017,1.8632742073796296,24.092619399870447,4.879206553572781,28.00023829852734,0.023298081452016436,0,0
2026-01-03 14:14:00,28.03288869991305,1.7776030281949051,25.3336293468167,4.453183072216166,28.03357416043527,0.023182514603719256,0,0
2026-01-03 14:15:00,27.939683052417493,1.2786771341841145,24.634843893941717,4.646694347794986,28.373323278620468,0.029918851758744237,0,0
2026-01-03 14:16:00,27.932266068855412,2.764624673322386,24.388872508367967,4.278014327757053,27.999035379200073,0.0035383584302661406,0,0
2026-01-03 14:17:00,28.298439377014592,1.5779214055074418,24.548382884025084,4.264537803660309,27.91649858645605,0.02413809133544399,0,0
2026-01-03 14:18:00,27.899851275642767,1.5541690131566788,24.15232710488454,4.889341948696954,28.05771517209202,0.03311365100693597,0,0
2026-01-03 14:19:00,27.936417262420573,2.0426894832378304,36.85285597403375,4.988654042292456,28.08809067398623,0.00952422022883283,0,1
2026-01-03 14:20:00,27.73698589618617,2.3152821590079777,24.2441457376176,5.4854307445041846,28.036118014993708,0.03323334622759597,0,0
2026-01-03 14:21:00,27.88756332145031,2.0518950787249888,24.42300583076051,4.770917248334901,28.01882949547233,0.006112187931863185,0,0
2026-01-03 14:22:00,27.717834788538713,1.2152719099656424,25.069426356109005,4.32475781621804,28.177867715518946,0.02668419747876689,0,0
2026-01-03 14:23:00,28.14069774058925,1.6893964108415163,24.881614764184242,4.757327865685738,28.162869665473075,0.04915922082849675,0,0
2026-01-03 14:24:00,28.532755326997588,0.9357947928628892,25.665575671177272,4.70113928031031,27.985947861746563,0.021065378281902927,0,0
2026-01-03 14:25:00,27.16485314540144,-1.7093788849274643,27.41727993596065,0.0,27.922780652573216,0.007392817538356699,1,0
2026-01-03 14:26:00,26.933090478239734,-2.6154462781463135,27.92476399126195,0.12031234861620618,28.051504341177548,0.0006524777177908184,1,0
2026-01-03 14:27:00,27.39756175722168,-2.341221152180312,26.932870136706512,0.0,27.922091997042187,0.032029439101097505,1,0
2026-01-03 14:28:00,27.10737057905872,-2.0769242901733054,26.907816760649148,0.04575250148908652,28.106219400173163,0.041704295378456095,1,0
2026-01-03 14:29:00,27.474951880785028,-1.9344108539949068,26.172631599525698,0.22804714300181755,28.05088675314723,0.02399030058326998,1,0
2026-01-03 14:30:00,27.193350198716608,-2.1944360095129136,27.078210428246845,0.4969082195811871,28.320403724616938,0.016653564600909568,1,0
2026-01-03 14:31:00,27.133624518656944,-1.5828986293482001,26.02689550509815,0.10863154716257865,28.176795627466504,0.009756335374497403,1,0
2026-01-03 14:32:00,27.218740876905866,-1.871380495331072,25.44303802794523,0.36509215768174685,27.870551140243194,0.0272325285115303,1,0
2026-01-03 14:33:00,27.39077675798102,-1.9072161167808273,27.5269671736365,0.0,27.937745358206875,0.01259319873593534,1,0
2026-01-03 14:34:00,27.21722235081477,-2.569893819891229,25.570304133759386,0.0,27.770325959871542,0.013628195615360217,1,0
2026-01-03 14:35:00,27.172701553735713,-1.5499039494133813,26.73812668123468,0.4717464644254745,27.74347038320231,0.054095486860633916,1,0
2026-01-03 14:36:00,27.23044424287787,-2.4291554638763744,25.800908552935926,0.0,28.01365922407777,0.007428956408830435,1,0
2026-01-03 14:37:00,27.041584902728886,-1.5416469379112008,27.192031019748462,0.0,27.856913955245,0.005019637922460362,1,0
2026-01-03 14:38:00,27.346427181730295,-1.4420185195327342,27.273667103703154,0.3949562073540881,26.551619335059822,0.029163863120161736,1,1
2026-01-03 14:39:00,26.95794570396332,-1.9686528770515754,26.746282441835405,0.0,28.138949854762252,0.01806440204884944,1,0
2026-01-03 14:40:00,24.769272350381115,-1.783478129366477,27.234588739712606,0.0,27.967420667972124,0.015661587933602762,1,1
2026-01-03 14:41:00,27.425870272030913,-3.2186254212665037,26.353566633328686,0.0,27.960602507158914,0.029907722481001767,1,0
2026-01-03 14:42:00,27.348747345515243,-2.2011206261249363,27.898674128545405,0.0410031211965359,28.178244754814482,0.029606362879326147,1,0
2026-01-03 14:43:00,27.40560298051281,-1.7387563751265434,26.843414781730672,0.3801293446717343,28.205752875078595,0.0074745283814398045,1,0
2026-01-03 14:44:00,27.292906311348634,-1.7909993222947849,25.677088543390614,0.32348103141312484,27.888088251044735,0.014349429633982842,1,0
2026-01-03 14:45:00,27.52055431257739,-2.5300120596595157,26.342605250076602,0.004010034524636319,27.872658023259557,0.025892040690817995,1,0
2026-01-03 14:46:00,27.481940974117098,-2.1929658643480243,26.173567603083608,0.38233599862177853,27.963869062352828,0.02800736246529199,1,0
2026-01-03 14:47:00,27.401398574342547,-2.9635316905827565,26.091495338179374,0.11962753716540765,28.051743004644745,0.033698566386605566,1,0
2026-01-03 14:48:00,27.49374564416279,-1.9155531948566245,25.09330470342623,0.300692058737291,27.93835940123969,0.014503049506090644,1,0
2026-01-03 14:49:00,27.467647052977775,-2.702295370090049,26.510656284384332,0.0,28.05426569969944,0.031246885643638065,1,0
2026-01-03 14:50:00,27.259332941798935,-1.6293084184146491,25.25641403886028,0.6084934567015722,28.2340358366534,0.04210625932769609,1,0
2026-01-03 14:51:00,27.102475136908065,-1.5917711370512804,24.445289246715447,0.07707456895089995,27.831276256340292,0.2691554881648664,1,1
2026-01-03 14:52:00,27.42605045860461,-2.1515001275239016,25.95894332214463,0.0,27.946518894392494,0.023149087821723542,1,0
2026-01-03 14:53:00,27.454750120341714,-1.7818684713161335,25.65735325390846,0.5808345107142746,27.83356097014065,0.0207602197786965,1,0
2026-01-03 14:54:00,27.558860854057738,-2.0183423784977257,25.570178351420378,0.0017692259237317549,27.899609822568575,0.013887026867813063,1,0
2026-01-03 14:55:00,27.200205498511792,-1.8350391119087959,23.987914140931696,0.0,27.964638820944106,0.00811637383449713,1,0
2026-01-03 14:56:00,27.211791251157294,-2.2980138726710644,25.55137201604494,0.0,27.912734660228697,0.019633510223084325,1,0
2026-01-03 14:57:00,27.46396692454722,-1.6548966736522563,26.01234919540382,0.15382565398702897,28.06239730796176,0.03311438059777717,1,0
2026-01-03 14:58:00,27.374633776732498,-2.423125415914574,25.676985026440764,0.0,28.01811475397487,0.40224696615333433,1,1
2026-01-03 14:59:00,27.054281000690747,-2.4648903226257293,26.379087506792754,0.0,28.03588228967581,0.023642791049305237,1,0
2026-01-03 15:00:00,28.26751946947575,1.7573250891665344,25.069925445979756,4.606492663665909,27.963196266444083,0.02155414097391822,0,0
2026-01-03 15:01:00,27.872845784708435,1.750479617946481,24.443700203104644,4.697713534704217,27.974247041534912,0.0570005046000663,0,0
2026-01-03 15:02:00,28.04240998593673,1.9440161910291243,24.78796497235047,4.619677112593848,27.95791713428799,0.03801000494431144,0,0
2026-01-03 15:03:00,28.462117770502996,1.6454414702034927,24.833191603468887,5.098484946079202,27.970161072405407,0.03771815737009945,0,0
2026-01-03 15:04:00,28.55352938137809,2.5564651575609014,23.330984323960685,4.894871806679195,28.05028111734485,0.0415608068111724,0,0
2026-01-03 15:05:00,28.012438525655092,1.9759187964467877,24.33902306415876,4.937562858420499,27.769181117732973,0.015177501993513651,0,0
2026-01-03 15:06:00,28.178133627612905,2.0238664475571926,24.715782804039804,5.0137107747310505,28.034552959183777,0.0497816566696185,0,0
2026-01-03 15:07:00,28.251217995362104,2.0333469040675154,23.701606127667034,4.767417005442004,27.895752332370318,0.02786509647597544,0,0
2026-01-03 15:08:00,28.57023557101174,2.3364901966134397,23.44102349829516,4.442891734806662,27.959337083188142,0.024196025211154777,0,0
2026-01-03 15:09:00,28.166906648379097,2.207330933371922,24.353510196069646,5.4318103677819085,27.81261605217958,0.0031348702125267337,0,0
2026-01-03 15:10:00,28.175724501652628,2.1796819282881836,22.93293074823674,5.124637129120294,27.956959395425606,0.017770951445759568,0,0
2026-01-03 15:11:00,28.54619978733818,2.3007248663636055,23.196396716150478,5.364489454877454,28.033346083974205,0.006786900084828698,0,0
2026-01-03 15:12:00,28.20575054826436,1.421485565950573,23.479285034892264,5.162088447336507,28.054850122836193,0.020532686744683767,0,0
2026-01-03 15:13:00,28.40890311403599,1.4504070860573224,24.249476462031843,4.638870008647081,27.8576402178927,0.014626585153446135,0,0
2026-01-03 15:14:00,28.018619147581223,2.063542589538754,24.075546672131544,3.978207721584897,28.049060634152895,0.017829675796728478,0,0
2026-01-03 15:15:00,28.25917810606338,2.033923032385885,24.633250141209594,4.369816251065289,28.13677313307563,5.279885366315726e-05,0,0
2026-01-03 15:16:00,27.99665803666322,2.3175113616215803,23.253657180537918,5.022782716347883,27.940757195253664,0.03766486282635122,0,0
2026-01-03 15:17:00,28.11067664205271,2.1315202648626026,23.204605741975744,4.7643882282322245,28.00010957380677,0.03566558738825951,0,0
2026-01-03 15:18:00,28.456857589340053,2.336522507762279,24.242742534085334,4.653052549379489,27.751774412058914,0.055416023426388794,0,0
2026-01-03 15:19:00,25.40299999316751,1.7036451598501459,23.305603193360582,3.9265562744220284,27.89235591332314,0.05490642106004538,0,1
2026-01-03 15:20:00,28.258262736444042,2.140922113911228,23.430983481632186,4.7954054575145015,28.032462426063777,0.02781170250215258,0,0
2026-01-03 15:21:00,28.18566857682803,1.6787128050936706,22.5425691311605,4.4213775074116946,28.114656088504713,0.04342124980646696,0,0
2026-01-03 15:22:00,28.285320413499186,2.2851870664866736,24.034868873525447,4.546466096731927,27.928086665106886,0.029703504897552135,0,0
2026-01-03 15:23:00,28.383681534139082,1.492387024629521,24.899257755871954,5.097536433913998,28.32032632861081,0.017307645878777166,0,0
2026-01-03 15:24:00,28.510690985749047,2.2699911978682032,23.089037261169967,4.439800316070596,28.03766675682418,0.019993840387036044,0,0
2026-01-03 15:25:00,27.86536159662399,1.6305329302402818,24.514026139480517,4.4732087431193825,27.8471971749095,0.03650056960995642,0,0
2026-01-03 15:26:00,28.192124924281902,2.0053687765689725,23.746659435580643,4.864953114593542,28.154461925349285,0.09858261527478338,0,0
2026-01-03 15:27:00,28.37426038258151,2.4460944727105427,22.541965421784735,5.105326732064658,27.84964682428231,0.046003729026857273,0,0
2026-01-03 15:28:00,28.331431402186695,2.2040973451078223,23.141078146882634,4.659052936607621,28.039411243047745,0.02943533166084961,0,0
2026-01-03 15:29:00,28.425256380962967,1.538596837901202,23.087606778104234,5.313525391758017,27.888491072476615,0.03370824805101222,0,0
2026-01-03 15:30:00,28.404041824183977,1.8677710456816423,23.525428733880005,4.352465787726194,27.837107866077076,0.033547631967917796,0,0
2026-01-03 15:31:00,28.304054351375797,1.5646806664773791,24.03064136551861,4.291080539787057,28.115458262745246,0.023374796527013464,0,0
2026-01-03 15:32:00,28.266949353056155,1.4826382889005396,25.021331019290265,4.26124990060016,27.968826764386474,0.038616460391291026,0,0
2026-01-03 15:33:00,28.320247914223277,2.1012828005639816,22.71550869862685,4.221735682456349,28.20708064654723,0.02220165821282239,0,0
2026-01-03 15:34:00,28.573666716790115,2.2392348499066856,23.368315894779315,4.917792137806041,27.877847969438506,0.3254249588215678,0,1
2026-01-03 15:35:00,28.237383243818435,2.179187735640778,23.07094791279895,4.457773738213789,27.81284311580311,0.03366991160497113,0,0
2026-01-03 15:36:00,28.359884962767214,2.2166442235102735,22.8011499478635,4.3064326726527735,27.942440141890508,0.03607606854477032,0,0
2026-01-03 15:37:00,28.40602870378861,1.981302944671577,23.746278120660094,4.932928843297462,28.346861055967956,0.02237550541411644,0,0
2026-01-03 15:38:00,28.65551639810708,1.8686284704125788,23.671359475021085,5.08838223651675,28.100069872884045,0.030577444339067495,0,0
2026-01-03 15:39:00,28.32201108164955,1.566783560604723,22.3916515949294,5.1678004389203895,28.066467161648387,0.04229601433551668,0,0
2026-01-03 15:40:00,28.549850593624168,1.7656791650513093,23.66514080250846,5.106349562634421,28.07043270521871,0.024067418551226103,0,0
2026-01-03 15:41:00,28.600004544961184,1.4340011396717864,22.79991427323848,4.478663786885093,27.941818787000592,0.016953926965452323,0,0
2026-01-03 15:42:00,28.36753817346797,1.576961157291787,35.613275268410206,4.896631837557397,28.327522032843827,0.012232310135871763,0,1
2026-01-03 15:43:00,28.341632112812952,1.879834989989327,24.515258106731643,4.973905052087348,28.054970250870383,0.020431861614278395,0,0
2026-01-03 15:44:00,28.320660687894758,1.7831826351711269,23.942423889395197,4.633790864218818,28.043717954030235,0.05262805427640832,0,0
2026-01-03 15:45:00,28.333951835836334,2.872654813263174,23.73434327227252,4.85766323636665,28.11818355394162,0.021429534207795205,0,0
2026-01-03 15:46:00,28.533653523767267,1.3045567750628024,23.23189079402873,4.361933619513411,27.847210813162356,0.031470101611982854,0,0
2026-01-03 15:47:00,28.42114332495276,1.7075048623728488,23.640921498200072,4.580339938367029,27.894478369701016,0.019159389272541655,0,0
2026-01-03 15:48:00,28.421366088816864,1.2289246692924731,23.980622466457845,4.930125556955828,27.970538333180887,0.01761584225510908,0,0
2026-01-03 15:49:00,28.175708020505112,1.5678018688745756,23.903635595919532,5.327639929021518,28.118959386212016,0.009172560669943913,0,0
2026-01-03 15:50:00,28.203117181614655,1.558810336095706,23.501786147278306,5.2030038646626435,27.844233638471422,0.026804930720326754,0,0
2026-01-03 15:51:00,28.76188699659194,1.9533501841050698,23.71606949678308,5.031300467207012,27.99191746971558,0.015692445995750898,0,0
2026-01-03 15:52:00,28.342644600177714,1.4783016642986642,22.635127404157526,4.827895013571172,27.974938057556066,0.04792596239571684,0,0
2026-01-03 15:53:00,28.23356814606479,1.5475663974987182,23.035648498743466,4.773669320458638,27.81107370308492,0.023064959608018187,0,0
2026-01-03 15:54:00,28.6287880227392,1.4436638748323505,24.03808969664571,4.293340016139322,27.938928203319172,0.024198447264507927,0,0
2026-01-03 15:55:00,27.6198702105045,-2.515343773810306,26.125485717913698,0.0,28.065070254180764,0.02175673186113399,1,0
2026-01-03 15:56:00,27.670960978857636,-2.2713662597882336,25.594998664509106,0.0,27.822007642517022,0.031679154590371406,1,0
2026-01-03 15:57:00,27.53958970882499,-2.193778539196424,26.55832592036071,0.20116576043922724,28.169360151245076,0.051836375749695976,1,0
2026-01-03 15:58:00,27.504421772030025,-2.0499647045701197,25.872388024956567,0.33073172002003925,28.056165446251896,0.00628403079487605,1,0
2026-01-03 15:59:00,27.528405019665094,-1.8945315998655794,25.347464960772847,0.25780069683426177,28.04152079815977,0.030000575328380644,1,0
2026-01-03 16:00:00,27.306991702027446,-2.185217669723409,24.65086331515899,0.4139332533244295,28.000982569354008,0.0032380457900812454,1,0
2026-01-03 16:01:00,27.536821723612576,-2.202839608598177,26.50599670726675,0.025290143034267916,27.86892136323117,0.047017748380614975,1,0
2026-01-03 16:02:00,27.602512716927578,-2.7267989545688427,26.032456930125196,0.0,27.922036377954917,0.023053521743322074,1,0
2026-01-03 16:03:00,27.878706441079363,-1.9439626996635808,26.746562963948904,0.0,27.149173474575242,0.0019084279962978505,1,1
2026-01-03 16:04:00,27.55732176735015,-2.383167764699114,26.99920829133484,0.0,27.921801375462632,0.002036083492331961,1,0
2026-01-03 16:05:00,27.117736132163557,-3.432544793210328,24.576387650774993,0.23025099711463384,28.022649888809134,0.03965002102766467,1,1
2026-01-03 16:06:00,27.516848690684697,-1.687328681629926,24.5732045424087,0.0,27.892134241690616,0.0049633750374896875,1,0
2026-01-03 16:07:00,28.022591908020452,-2.2155570487992353,23.463152817782394,0.0,28.05417158956044,0.030009196129141748,1,0
2026-01-03 16:08:00,27.680984428979926,-2.507945737724746,26.10556390643868,0.2427677803848792,28.06312967175951,0.01728616319743413,1,0
2026-01-03 16:09:00,27.374483499259046,-2.1539271779591,25.917729745747103,0.0,27.80467736129204,0.02149434761086791,1,0
2026-01-03 16:10:00,27.622100942341074,-2.0226370142477488,25.522283132163423,0.3373918050377874,28.008077024380118,0.012870771687455299,1,0
2026-01-03 16:11:00,27.37725664907846,-2.250035504632949,24.59135573904831,0.0,27.81739984865316,0.007848700951471138,1,0
2026-01-03 16:12:00,27.262115991894213,-2.33028322398607,25.38330244969355,0.10729283877858883,27.776675082753197,0.01622614059809514,1,0
2026-01-03 16:13:00,27.4379482372426,-1.9272780753542826,25.5710634077607,0.0,27.928732929938516,0.03529546303010472,1,0
2026-01-03 16:14:00,27.51186022662497,-1.9404255200617408,25.985988164098817,0.2895696287483927,28.33563010746152,0.01973349431737749,1,0
2026-01-03 16:15:00,27.153012009561987,-2.224310265439058,25.625649362884207,0.0,28.09304655436299,0.03258218869034933,1,0
2026-01-03 16:16:00,27.277656209004505,-2.6690863082355034,25.895866000287672,0.0,28.16705248523884,0.020639682964031954,1,0
2026-01-03 16:17:00,27.48076720779486,-1.9160713988795512,25.341128830994933,0.26251553505139785,28.073009984622843,0.03600240425095169,1,0
2026-01-03 16:18:00,27.399741424075632,-2.328665206621575,26.252042389822662,0.0,28.02465320611634,0.03246896047502725,1,0
2026-01-03 16:19:00,27.53849521562116,-1.968111053281044,25.86437049658774,0.0,28.10744699400812,0.01526702471315224,1,0
2026-01-03 16:20:00,27.242923326883076,-1.9720706323026265,24.588630874707867,0.0,27.9232514357605,0.007833802305087473,1,0
2026-01-03 16:21:00,27.584163533727082,-2.6668564377672963,26.389433489377243,0.31948363293953286,28.056461754007692,0.04220174742929261,1,0
2026-01-03 16:22:00,27.23653808657622,-1.957093152937566,26.27254552727194,0.10472567364351368,28.14125173749098,0.01035900629293353,1,0
2026-01-03 16:23:00,27.739238115556713,-1.7842286630940116,25.738315396725355,0.08423243081996523,28.08393060664117,0.03401412954635454,1,0
2026-01-03 16:24:00,24.529659352484437,-1.7193544797178661,25.60699482522491,0.0,28.1491335958044,0.025559671473793087,1,1
2026-01-03 16:25:00,27.234596903311033,-1.878629037280278,26.569701926768904,0.17552694362154078,28.02191201915544,0.016664873120565367,1,0
2026-01-03 16:26:00,27.50017790271854,-2.5884881899183063,24.26370855203754,0.0,28.203049678219664,0.0327304088852741,1,0
2026-01-03 16:27:00,27.718377108657748,-1.4257907200208895,26.274411048162325,0.0,27.975012189541925,0.049621806494417234,1,0
2026-01-03 16:28:00,27.469263911774856,-1.7048526516961329,25.070908340940463,0.0,28.25412309160106,0.036259214221016134,1,0
2026-01-03 16:29:00,27.50759633503928,-2.2455765310901206,26.169749422200592,0.0,28.068832890687297,0.02732721437817122,1,0
2026-01-03 16:30:00,28.20315664230115,1.5242829359445982,23.48643369174723,5.172565641023558,27.95392644930079,0.0541866516663039,0,0
2026-01-03 16:31:00,28.008966368852814,1.9053432390635234,22.531341131347617,4.879343246207113,27.858504377904463,0.005136810724530927,0,0
2026-01-03 16:32:00,28.09921893204297,2.086635052990413,23.053217713070367,4.6453626827262235,27.90304107603153,0.0049802952200649585,0,0
2026-01-03 16:33:00,27.963041127015188,1.7019820920645243,24.115557743004544,4.838201211335416,27.88487660004921,0.016639894294854303,0,0
2026-01-03 16:34:00,27.944781047627355,2.185406967118614,23.252941334451894,4.836264890246976,27.989353695234257,0.3880487292953209,0,1
2026-01-03 16:35:00,28.241058133497507,1.2922386599789137,22.964960209697324,4.823124039374272,27.847124999714417,0.041971079411196474,0,0
2026-01-03 16:36:00,27.96040385887697,1.5774971711936998,22.96036641091929,4.862067050590938,28.15513101384327,0.00589315078487182,0,0
2026-01-03 16:37:00,28.213973780002267,1.2417876435303312,23.849920587352024,4.436001976119241,28.013286744928518,0.017145247911267137,0,0
2026-01-03 16:38:00,27.916057180553143,1.6713799424772304,24.626226101193325,4.8372884260105735,28.008417961462925,0.0011711211185961856,0,0
2026-01-03 16:39:00,25.042059501020653,2.5335518528927867,21.902770988287983,4.185663070744864,27.860153580500327,0.024271887742926025,0,1
2026-01-03 16:40:00,28.05047351178805,2.745206445495171,25.362649711869203,5.001468262941392,27.90771547556913,0.04123298267865284,0,0
2026-01-03 16:41:00,28.385761609242252,2.125237093541298,23.545747569996614,4.414037782831366,27.733555918590557,0.042561768366740735,0,0
2026-01-03 16:42:00,28.18505680545059,1.836650466373091,23.81040992465169,5.2121592405556205,28.194136616857296,0.029824159341226376,0,0
2026-01-03 16:43:00,28.343534114316913,1.9982297984645219,23.100170658317385,3.9441673077183683,27.829874002748817,0.01734963390225232,0,0
2026-01-03 16:44:00,27.979478709742004,2.2558321121858236,23.404566971028213,5.38604872988435,27.8389715508321,0.02328280593269333,0,0
2026-01-03 16:45:00,28.12010580124395,1.5560655932508676,23.543432937045846,0.7558630952423755,28.169580807048646,0.037299040019830705,0,1
2026-01-03 16:46:00,27.928018843977092,1.9142032046112822,22.676125237097757,4.380022879802004,28.04650775905837,0.06725146201375706,0,0
2026-01-03 16:47:00,28.024896333681273,2.62672692515596,22.848506074008025,4.90466996327935,28.014488414495208,0.003668208730437262,0,0
2026-01-03 16:48:00,28.04701989449332,1.766871256438376,24.243842739995223,5.016550244548603,28.040832217047047,0.05359928770869279,0,0
2026-01-03 16:49:00,27.958526454717695,1.8774447894550588,22.330336440266418,4.700815100719382,28.11446804479134,0.029393010561413833,0,1
2026-01-03 16:50:00,27.8655077156642,2.149300493147774,23.728211396517917,5.112412118290255,28.011985038009236,0.039764558514365105,0,0
2026-01-03 16:51:00,27.82512337259793,2.2471824542055425,23.1627976058189,4.521206011535379,27.81477583071786,0.028332987197812253,0,0
2026-01-03 16:52:00,27.65380683249005,1.9310353732868681,22.752510059442084,4.660107818626285,28.087982784685067,0.05027548648554933,0,0
2026-01-03 16:53:00,27.88037647250842,2.1767243235948683,24.80837273631334,4.69427272013117,28.050681265197195,0.030934265814791292,0,0
2026-01-03 16:54:00,26.616299630355396,2.3608615001876996,22.763053300910855,4.6115614496376125,28.140586401694453,0.01332228854240606,0,1
2026-01-03 16:55:00,27.77438226447619,2.8311908518715496,22.64348712294438,4.123037498963072,27.850108136382943,0.03310205408151851,0,0
2026-01-03 16:56:00,27.811895952025196,2.0954179713944296,23.307199304819022,4.791366526722027,27.91247897228972,0.0452819506790636,0,0
2026-01-03 16:57:00,28.376738683834436,2.1184157203341107,22.903778517383834,4.759747496204044,28.047050666165703,0.02500385419148214,0,0
2026-01-03 16:58:00,27.936203947967407,2.659122670191208,23.45009249197707,5.177363967298618,27.88665861201497,0.012333453511085259,0,0
2026-01-03 16:59:00,28.105139624341515,1.9223698658003776,23.558428508434666,4.349919454503637,27.71765889965131,0.022931191532434576,0,0
2026-01-03 17:00:00,28.15973251368889,1.6395853298577912,23.61809847801978,4.576207436575608,28.023679669448423,0.02676490550828667,0,0
2026-01-03 17:01:00,28.160324136646025,2.1777502918749114,23.371468271435287,5.22122192893324,28.10740091597203,0.02419129489844776,0,0
2026-01-03 17:02:00,27.764200510156698,2.452465022543132,22.97119721835329,4.902651101449523,27.98452818148701,0.016081400403184225,0,0
2026-01-03 17:03:00,27.993971075242424,2.1864671862369853,23.917774886456268,4.99228289015473,28.065776215270535,0.04881430355363517,0,0
2026-01-03 17:04:00,27.741825997664666,2.009174949519119,23.394053226744827,4.958701768168836,28.048404101718145,0.01771342018863272,0,0
2026-01-03 17:05:00,28.471192542862394,1.518037982793099,23.13031374708444,4.960255076602094,28.001259442911525,0.026691591515693516,0,0
2026-01-03 17:06:00,24.471606373456318,1.9852956024584358,24.518410661850364,5.437367498196688,28.01631557880365,0.02694367102835328,0,1
2026-01-03 17:07:00,27.838361655334534,2.4170759666923547,23.402826595623527,4.832039230293111,28.16189657343955,0.06270735848116209,0,0
2026-01-03 17:08:00,27.83803861539885,1.5323740684363467,24.257625331164604,4.446029853105041,27.884289930832765,0.024740161389751898,0,0
2026-01-03 17:09:00,27.754534546057794,1.856696314245395,24.357670345223077,5.023579120179762,28.09276537747492,0.03302132026660851,0,0
2026-01-03 17:10:00,28.26620150821398,1.7840873939085649,24.406061227085434,4.601706914020512,26.02556604473827,0.02725022524195775,0,1
2026-01-03 17:11:00,28.457792369821547,1.6522764748127425,23.994464688954764,4.761522058253598,27.904626374480173,0.026699708029590707,0,0
2026-01-03 17:12:00,27.93535121735744,1.9595421433678684,23.51633098562057,4.929563350614502,28.143510077767175,0.056733261402790246,0,0
2026-01-03 17:13:00,27.78276230452124,2.0038674197756423,23.47822072284938,4.5125259896734,27.854820232570297,0.004990236306113002,0,0
2026-01-03 17:14:00,27.61746306136588,1.97590418248816,23.358595567983247,4.621396838263081,27.971009050270716,0.012990313691511896,0,1
2026-01-03 17:15:00,27.97606043066602,1.4581165827347164,22.01923568294256,4.966546999874644,28.283361652663277,0.038575087011483995,0,0
2026-01-03 17:16:00,27.963163874967503,1.1994909411727737,24.045962633887022,4.6079742600768245,28.123066079237315,0.029623126595493106,0,0
2026-01-03 17:17:00,27.903205168208405,1.8431253674497352,23.720810137557436,5.140684860596624,27.911539364447506,0.019901882644692753,0,0
2026-01-03 17:18:00,28.06083360454943,1.5501592436948557,24.13458766453302,4.454844840748079,27.93210096999677,0.02372996088499882,0,0
2026-01-03 17:19:00,28.092882913333305,2.3469362583544218,23.482004983995463,4.453666468255951,27.979586064617973,0.04145064332019889,0,0
2026-01-03 17:20:00,28.080889590886624,2.339871343441259,24.03661689531525,5.467119553014363,28.1574333077247,0.033731614434277996,0,0
2026-01-03 17:21:00,27.967030954913586,2.354383602962092,22.614464211950636,4.264420745442466,27.879802342840915,0.012166669637204757,0,0
2026-01-03 17:22:00,27.827054839946953,1.3066461376627938,22.76785858440151,4.790649214850598,27.872539726975802,0.029279974233883514,0,0
2026-01-03 17:23:00,28.14682285233631,1.8138074378781128,21.860766022803762,5.448019346647015,28.08560236682553,0.0241035545591617,0,0
2026-01-03 17:24:00,28.03106230376275,1.8991085427356529,23.507982387128955,1.8318404945851054,27.798263563926675,0.033467590679973784,0,1
2026-01-03 17:25:00,27.39075968272877,-1.7595516816497518,25.069313394742537,0.4713697341723995,27.89067074168187,0.01922059765640654,1,0
2026-01-03 17:26:00,27.37532050508298,-2.167169710128491,24.98590900402274,0.22836620254175516,27.989789322210925,0.0032504574594184807,1,0
2026-01-03 17:27:00,26.979644645195847,-1.6123929728792183,25.860867226063093,0.0,27.995941574562607,0.03710267835407738,1,0
2026-01-03 17:28:00,26.98005707432378,-2.0756375185340667,25.337227688711383,0.0,27.83624561237225,0.03487514519515597,1,0
2026-01-03 17:29:00,27.105072103912097,-2.0453260066668597,24.64052776351371,0.0,28.04244884789608,0.05047538217493229,1,0
2026-01-03 17:30:00,27.05398765382648,-2.6413505994465547,27.4337721738731,0.0,28.066451803351917,0.001307878816808522,1,0
2026-01-03 17:31:00,27.383296662367542,-1.888910176854165,25.63540580354575,0.08127647704091792,27.920501280875474,0.023733120331676464,1,0
2026-01-03 17:32:00,27.314008978617917,-2.215658448848723,24.9121093441353,0.0810820183924013,28.199290877363975,0.020852796520829667,1,0
2026-01-03 17:33:00,27.45223005989386,-1.9701971789681176,25.210579917380265,0.8630505650038636,28.040752728201728,0.017868121119373827,1,0
2026-01-03 17:34:00,27.329525691484754,-2.0573137092649816,25.56753549259956,0.0983353231523269,27.879416923219495,0.0027383581352475837,1,0
2026-01-03 17:35:00,27.299668924975787,-2.081354911721953,25.575462336256408,0.2205508622778457,28.194493665553942,0.0058068770197365165,1,0
2026-01-03 17:36:00,27.482185291876018,-2.164082413742235,26.619175063755414,0.40773710859346535,27.93720107376796,0.3155197052475876,1,1
2026-01-03 17:37:00,27.355069757091353,-1.874476882325525,25.66170978472724,0.18917545903472704,28.021464815718712,0.016004510083630845,1,0
2026-01-03 17:38:00,27.28721966673617,-2.2193991773664563,27.02573075352904,0.0,27.94158625321607,0.010124625187379535,1,0
2026-01-03 17:39:00,27.546038036962926,-2.6574017601874402,25.43428530279744,0.0,28.074898371944528,0.050747125436046814,1,0
2026-01-03 17:40:00,24.047126465438048,-1.9455482513233966,26.045503411660363,0.0,27.942216605463525,0.06772697978380046,1,1
2026-01-03 17:41:00,27.234399625556154,-2.422755437915672,26.47252004709635,0.155473860197803,27.949497242254754,0.02398425977406946,1,0
2026-01-03 17:42:00,27.14339046800738,-2.5963614256420517,26.6039935591205,0.0,27.98080268295785,0.002039203948389537,1,0
2026-01-03 17:43:00,27.42588986000344,-2.482299516048282,26.696066220871916,0.21872773668606163,27.9397659693988,0.032135279425305335,1,0
2026-01-03 17:44:00,27.527283629969666,-2.0154115834297817,25.597830223657514,0.0,28.128617750614158,0.012536669741719478,1,0
2026-01-03 17:45:00,27.30089426774198,-2.136890472407754,25.794991129083996,0.05139696044302538,27.84906480686513,0.0006969720658520154,1,0
2026-01-03 17:46:00,27.55091993097891,-2.8366022107797626,24.073943705985656,0.5432235624925791,27.99554227884541,0.032445680664741454,1,0
2026-01-03 17:47:00,26.966490487823084,-2.2100833438307865,25.68314739858024,0.0,28.01073580830772,9.278436311040486e-05,1,0
2026-01-03 17:48:00,27.316805796780933,-1.6508697601759175,26.595154597086918,0.645050569438372,27.985043886168732,0.019671390622760423,1,0
2026-01-03 17:49:00,27.325353729006338,-2.2010839144873255,26.47009005453585,0.057285006565125016,28.116195834808003,0.001705295293860272,1,0
2026-01-03 17:50:00,27.20757738716806,-2.082892457089937,25.792895237771223,0.0,27.81952624069961,0.026012671261638264,1,0
2026-01-03 17:51:00,27.773471927849243,-1.6406778352378661,27.054067636286472,0.0408164758063532,28.068150069226597,0.04521832885166591,1,0
2026-01-03 17:52:00,27.338470602068963,-1.7070505021100355,25.607200456919205,0.0,27.850605730238968,0.013968723623638126,1,0
2026-01-03 17:53:00,27.28306251990326,-1.6067021662969612,25.386138945049062,0.0,27.938946817655992,0.41984749491078616,1,1
2026-01-03 17:54:00,27.367249076070834,-2.912751588595321,25.571253003933844,0.3080612003781028,27.838277182499024,0.010314772741368444,1,0
2026-01-03 17:55:00,23.88314344400851,-1.3129739867092372,25.12486500813782,0.7674496073814897,27.960149058967612,0.011575792004683578,1,1
2026-01-03 17:56:00,27.2381726152651,-1.6737329221361819,26.35798442923505,0.1681502445114342,27.9306146468824,0.010035328878598144,1,0
2026-01-03 17:57:00,27.558168071111993,-1.0112523468777674,26.136053780966368,0.1894623364747608,28.196592615696883,0.039146742395759236,1,0
2026-01-03 17:58:00,27.274233670838157,-2.122524696107023,26.373000090661794,0.0,28.028963968330135,0.0004430351245899543,1,0
2026-01-03 17:59:00,27.244520561289498,-2.44162247778756,25.667940117945033,0.40522618459072485,28.05277432241751,0.01902662673328745,1,0
2026-01-03 18:00:00,28.435714614572593,1.802526459853818,23.92941987295064,4.7862549335390785,27.86709957190804,0.032376703776347875,0,0
2026-01-03 18:01:00,28.447527701577783,1.7280344503954472,22.4573325682319,4.893527034368914,28.08880925354115,0.04137637089512853,0,0
2026-01-03 18:02:00,28.305614450262947,2.0774929796012036,24.257820039234087,4.252174236387521,28.196587117645137,0.03293093276118713,0,0
2026-01-03 18:03:00,28.136894003261215,2.248994012391437,24.07596748084272,4.614730345414443,28.104389100227944,0.023692597750834113,0,0
2026-01-03 18:04:00,28.18194636645187,1.865920123828126,23.248803293638545,4.928573601863433,27.84255849099776,0.014759998753474618,0,0
2026-01-03 18:05:00,28.086509678896554,1.8354592341295335,23.9583825068178,5.117524107104397,27.944302977665032,0.041655694242884934,0,0
2026-01-03 18:06:00,28.058364942922044,2.125309761907181,23.863692349458276,5.127228909745327,26.26497912300698,0.00938996212882523,0,1
2026-01-03 18:07:00,28.05555097331242,1.8746000139826793,25.291821275220208,4.247286679638787,27.93074041890226,0.009660338675396944,0,0
2026-01-03 18:08:00,28.13836493082572,1.866478007167741,23.326700088789607,4.282777078663171,28.303958902391297,0.049344984344038646,0,0
2026-01-03 18:09:00,28.069373280664234,2.3687220668387132,24.314241320132712,5.004447985369325,27.942126828308574,0.0314847113260738,0,0
2026-01-03 18:10:00,27.980096704460852,2.4658979133065397,23.331525145172,4.538617064198308,27.994797837913456,0.032120916319936924,0,0
2026-01-03 18:11:00,28.30692166737057,2.4225186150127347,23.717435522566234,5.113107412114621,27.92797264149889,0.03577388637692324,0,0
2026-01-03 18:12:00,28.315439800314465,2.0012202894631597,24.31466605209259,4.2294411268212935,28.027802045661414,0.02329261073708158,0,0
2026-01-03 18:13:00,28.58504950293913,1.3268776180487332,23.985944407420536,4.765556519693293,28.16588200192266,0.0008784752982914194,0,0
2026-01-03 18:14:00,28.164203974997612,2.038291020156765,24.142768429862578,4.7880171139649095,28.01378265433325,0.029520998547882146,0,0
2026-01-03 18:15:00,28.34329810613219,1.8378158868875856,24.392986781949933,4.968163483951136,27.973718409426116,0.024671783011999928,0,0
2026-01-03 18:16:00,28.351673731831443,2.0691741595510034,23.827671560426275,4.439094001348776,27.871130746450493,0.009536693464049355,0,0
2026-01-03 18:17:00,28.25496396162214,1.8896325366472142,24.805381385653835,4.111632578536104,28.145060364204085,0.005397065235521192,0,0
2026-01-03 18:18:00,28.439781391387584,2.1256108312903392,23.985917050664614,4.859945466540989,27.982756727430342,0.02416233084317738,0,0
2026-01-03 18:19:00,28.450360319191745,1.7758570339655495,24.144785519994308,4.984250595390917,27.977596445839236,0.000559605548735076,0,0
2026-01-03 18:20:00,28.374635766879134,1.6964316107028397,24.479359016330157,5.152609236921563,27.71932753832214,0.02241865605949813,0,0
2026-01-03 18:21:00,28.27442836223599,2.5760246822787076,24.398751244089286,4.6745069213155475,27.984734007895586,0.020247283595019015,0,0
2026-01-03 18:22:00,28.260683087142805,1.810406624778005,24.704261710135675,5.071488574355406,27.951867402716122,0.022855304786722274,0,0
2026-01-03 18:23:00,28.083285462277487,2.1499028582964073,24.488667260125037,4.97002082121095,27.780879470755238,0.03224780627576446,0,0
2026-01-03 18:24:00,28.188700868434744,2.4821628596898893,24.60864048452347,5.262841777200017,28.11875337162534,0.0361951818138781,0,0
2026-01-03 18:25:00,28.22592664545911,2.4646891577346244,24.066119794040098,4.780614229384524,27.935770909692767,0.012193054097127901,0,0
2026-01-03 18:26:00,28.13952701841191,2.417800375916973,23.559334866467324,4.194535244022072,28.227468265325196,0.04065624724375648,0,0
2026-01-03 18:27:00,28.42480937299127,2.238873060778841,23.32175188635863,4.776319114233264,28.169732984762685,0.02105132707469662,0,0
2026-01-03 18:28:00,28.564619779477567,2.3779155070862714,23.165254748617556,4.830957761961949,27.913611566709946,0.0565594249388299,0,0
2026-01-03 18:29:00,28.18919741948891,2.595158762616868,25.58233938265738,4.981367984839473,28.164317638272514,0.014462423578771338,0,0
2026-01-03 18:30:00,28.406904031115232,2.251866799222939,22.813192055453374,4.263561171780784,28.19326506333751,0.004003940719755152,0,0
2026-01-03 18:31:00,28.172790561599257,1.447142329009304,25.21146442592314,4.690784314817244,27.932915733337374,0.04000555722018999,0,0
2026-01-03 18:32:00,28.3068969375648,1.8908171416098205,23.814993805755428,5.103836250047615,27.876080786865906,0.03266117644805043,0,0
2026-01-03 18:33:00,28.24017885812367,2.3038302140198184,25.23387236427805,4.763570091547603,27.741357438516587,0.046629906982988426,0,0
2026-01-03 18:34:00,28.47523431057118,1.8236468528623544,22.875362494378464,4.69299296625377,28.04565299189077,0.03057358854743216,0,0
2026-01-03 18:35:00,28.24696280044987,2.5920128122008235,24.266364697199453,5.467214239224225,27.883200895300806,0.06712016035237728,0,0
2026-01-03 18:36:00,28.553289047400323,1.9836118984441216,25.462548332119933,4.425498534608956,28.049259151302774,0.0216000158469228,0,0
2026-01-03 18:37:00,28.3287973660097,2.015308812457429,24.95778749349598,5.23160414849451,27.93185788184099,0.04383343358270113,0,0
2026-01-03 18:38:00,28.257724563002608,2.357975516590671,24.236271072528776,5.157437407555967,27.906432209073365,0.3688824441722981,0,1
2026-01-03 18:39:00,28.150471620909954,1.8783603610182764,23.126093245058374,4.721191738434063,27.932621051476158,0.2597421142833419,0,1
2026-01-03 18:40:00,28.42284220739536,1.9814040126688632,23.574258034494346,4.788488306421185,27.844021969663814,0.03720440392712904,0,0
2026-01-03 18:41:00,28.539387564774195,2.21116629393565,25.48622561146325,4.787239443466743,27.93256560635469,0.039986130212349445,0,0
2026-01-03 18:42:00,28.428211767342926,1.3574743762444335,24.28387426411006,4.863681714720237,27.911606479731503,0.03897387837957676,0,0
2026-01-03 18:43:00,28.782551229001363,1.7488562285003852,24.491182328547517,4.591910524896774,27.998301323397424,0.03326122991833779,0,0
2026-01-03 18:44:00,28.637252090308113,2.114618419193137,24.753743323289587,4.650148120749965,28.01251097034224,0.023763809396525167,0,0
2026-01-03 18:45:00,28.324645002350938,1.8229600519199056,23.657082332320957,4.675671414185766,27.871458989471336,0.014648062482206264,0,0
2026-01-03 18:46:00,28.322645410778165,2.289152068416688,24.867962611968842,4.686845804790391,28.132096622873192,0.018198065791483378,0,0
2026-01-03 18:47:00,28.46410693855413,1.1997162392985663,24.302905479737515,4.6912353193067755,27.98085176394501,0.0198986240541364,0,0
2026-01-03 18:48:00,28.228170488689667,1.1357302894326446,24.815989836239215,4.015711323837374,28.18029272199488,0.0425945319993066,0,0
2026-01-03 18:49:00,28.58818014754933,1.972917206282005,24.219506378984907,4.834177180775308,28.02892987611833,0.02864642583342473,0,0
2026-01-03 18:50:00,28.44235348947404,1.9833254750624874,23.53668531487792,4.615386276946124,28.008292484662462,0.015864581273378836,0,0
2026-01-03 18:51:00,28.42222917208662,1.5900046725323433,24.352408547484686,4.146616119684855,27.94108262793684,0.0014287660461497972,0,0
2026-01-03 18:52:00,28.498304890928427,1.7758229930409535,25.113792480008428,4.677482144781171,28.07378072704851,0.052595037883647444,0,0
2026-01-03 18:53:00,28.683136484275327,1.875350699689379,24.95474294406829,4.666664882697413,28.0040280101394,0.01334827603985256,0,0
2026-01-03 18:54:00,28.401962136326876,1.3094230396495283,24.714176972007113,5.246335584478865,28.10301588509476,0.02264728396463398,0,0
2026-01-03 18:55:00,27.54879740498461,-2.2723725946575413,27.334811743151537,0.0,28.192559487707015,0.06349963992470788,1,0
2026-01-03 18:56:00,27.838462626020085,-1.9767262669411265,26.577165169784887,0.23372656295572347,27.912777655818385,0.013838063601647448,1,0
2026-01-03 18:57:00,27.73859725725407,-1.7436695529542754,26.77260124072491,0.4839842011850009,28.07361562940055,0.02003777390184556,1,0
2026-01-03 18:58:00,27.50400655706478,-2.4838886879876396,26.410861021258707,0.0,28.070213941169854,0.029179227108862588,1,0
2026-01-03 18:59:00,27.559864127473233,-2.1594448215715163,27.429781480453514,0.0,28.05497342899106,0.003907037030367967,1,0
2026-01-03 19:00:00,24.391460028585726,-2.1885917124211045,26.977628859286572,0.6050421212183955,27.94801609843666,0.005992380210325773,1,1
2026-01-03 19:01:00,27.61777498733705,-1.96829222943974,26.397054979797527,0.08014165430223624,27.950444032550166,0.016330962365110297,1,0
2026-01-03 19:02:00,27.30503878989087,-2.1275587786014607,25.75792630649959,0.13081244472412448,27.929934139564118,0.016953943975048517,1,0
2026-01-03 19:03:00,27.26797582958321,-2.3239290350343,27.586994081145797,0.0,27.927553952677712,0.027416071875534163,1,0
2026-01-03 19:04:00,27.382111731688767,-1.702605480931504,26.30590020390549,0.24046779065128404,27.899185064085707,0.007396102018522255,1,0
2026-01-03 19:05:00,27.364235080019373,-2.333422832121558,26.890363740555127,0.0,27.98746032570981,0.0328116477838059,1,0
2026-01-03 19:06:00,27.41787774607088,-2.2503163904364043,28.49985774898913,0.0,27.90906179752265,0.013820904488790718,1,0
2026-01-03 19:07:00,27.643729079637158,-2.7068109620285514,27.4271581781886,0.0,28.052277243261525,0.02373475480021595,1,0
2026-01-03 19:08:00,27.494631258544167,-2.3995558463527473,28.00691192767086,0.0,28.006834490739227,0.03148317352918272,1,0
2026-01-03 19:09:00,27.555794538046428,-1.9674560366602298,26.51536569780577,0.039284337495390745,28.020294709346473,0.03091199632939292,1,0
2026-01-03 19:10:00,27.295327155935972,-2.0324720288300737,27.654620485727285,0.0,27.96718130515089,0.4147791822242924,1,1
2026-01-03 19:11:00,27.42772346903285,-1.929772557673584,26.936425300140307,0.16734496299236795,28.008267795236048,0.013113905360813959,1,0
2026-01-03 19:12:00,27.611507724526717,-1.9400259806223203,27.186722878058934,0.015667197326828697,27.970321302615897,0.4089959695750394,1,1
2026-01-03 19:13:00,27.607746165096557,-1.3938144363950715,28.357786278412714,0.0,28.093545169572156,0.04721126629607193,1,0
2026-01-03 19:14:00,27.364962178488156,-2.3763285058111343,26.76076106218781,0.0,27.94691328648615,0.014209586157410446,1,0
2026-01-03 19:15:00,27.51909922954832,-2.669907201526736,26.981835338295156,0.21719694557087946,28.045062936248325,0.43077311601523893,1,1
2026-01-03 19:16:00,27.880297494928282,-2.4578566990193034,26.348577087260452,0.4017975625348881,27.843235486750025,0.0454704039861714,1,0
2026-01-03 19:17:00,27.47573917915602,-2.3220819063034135,27.615149526834685,0.0,28.085448979832623,0.0062460528726441394,1,0
2026-01-03 19:18:00,27.348438945448002,-2.4011151167330085,26.613099017882995,0.0,27.932888693199967,0.02269328210736353,1,0
2026-01-03 19:19:00,27.436151956729674,-2.01034913298495,27.733671616455077,0.6828447291053689,27.89052743226292,0.007400648982453854,1,0
2026-01-03 19:20:00,27.478155505153453,-1.5865464464453436,25.874989772290487,0.0,27.863344043973317,0.002033009375306205,1,0
2026-01-03 19:21:00,27.428412750463192,-1.4668441627629059,27.426046725986648,0.032014127362690596,27.853849426408445,0.039256555083900746,1,0
2026-01-03 19:22:00,27.443970877925288,-1.808963766835318,40.463544772819745,0.0,27.94222344014498,0.033519812540801004,1,1
2026-01-03 19:23:00,27.18372551775931,-1.2148697715661614,27.577245834690803,0.07532707998913536,28.179835323368813,0.02974226931659965,1,0
2026-01-03 19:24:00,27.264150618831724,-2.0670883948747787,27.068200671959456,0.6002834867890616,27.922801257178495,0.0054610554078650675,1,0
2026-01-03 19:25:00,27.404376329307176,-2.491088714864832,26.71467223406909,0.08902784409992645,27.734899458111837,0.02878835673353469,1,1
2026-01-03 19:26:00,27.39530292356877,-1.527860750775086,26.830442049594495,0.37273713719877044,28.043855954386643,0.0014116626171924787,1,0
2026-01-03 19:27:00,27.316901053913377,-2.516277128898399,26.517291368095957,0.010144349787714153,27.866289214892483,0.02639071495912304,1,0
2026-01-03 19:28:00,27.380693719780187,-2.1129616432809626,27.710447272764036,0.0,28.09777690946772,0.013092084896568509,1,0
2026-01-03 19:29:00,27.417264583381005,-1.64237548446247,26.401283829166704,0.0,27.94947078894075,0.04391423473898439,1,0
2026-01-03 19:30:00,28.360094422174413,1.7641664819829255,24.959608730408757,4.40876923864331,27.967119037888725,0.018463390165084165,0,0
2026-01-03 19:31:00,28.17585997825286,1.757581298805419,25.399363187154997,4.87622530425534,28.14367730246263,0.029162358887431322,0,0
2026-01-03 19:32:00,28.259282411679738,1.4354340738490263,26.298169495278028,5.2283610777775005,28.074127541292206,0.2001228185374786,0,1
2026-01-03 19:33:00,28.08369682235372,1.8689882554845372,25.173136553775095,4.856353829752788,27.85043475395924,0.023635606983032152,0,0
2026-01-03 19:34:00,28.277926072074916,2.2477549455941697,25.02070308684286,4.692276363479406,27.86808896938527,0.026895977614185836,0,0
2026-01-03 19:35:00,28.23637478159018,1.926695820951587,25.392710794304776,4.523626086699419,27.785976407168125,0.030468044320621338,0,0
2026-01-03 19:36:00,28.31842295622517,1.6517787672021584,23.760336606754286,4.924406051995811,28.312386515502567,0.008864907501704596,0,0
2026-01-03 19:37:00,28.284876942032064,1.5276765857659986,24.383192340844744,4.366653781522231,27.89647512578749,0.3388849470360096,0,1
2026-01-03 19:38:00,28.256357688071546,1.7021136384471744,24.969856504962756,4.403064622607931,28.140377558167273,0.04054955493666129,0,0
2026-01-03 19:39:00,28.126661807454106,2.143041651647399,24.74378768342027,5.115057143674204,27.936127052123943,0.032152264781845186,0,0
2026-01-03 19:40:00,28.182525435069383,2.1452364552161822,24.132418514051167,4.702792728180791,27.870417334330984,0.018624878600752313,0,0
2026-01-03 19:41:00,28.32400242030641,1.7629529444521628,25.86346369221139,4.695891032444161,28.0025872931292,0.02813922994890493,0,0
2026-01-03 19:42:00,28.009413981753852,1.2863348912233676,25.45474467746886,4.740826894290538,27.960800297362788,0.018452298898468514,0,0
2026-01-03 19:43:00,28.00797979341253,2.2228082310476127,25.38087491802797,5.0540548733610775,28.09622496193164,0.3474837172207785,0,1
2026-01-03 19:44:00,28.148152770329602,1.7759655607529308,24.806546121568633,4.857925935558528,28.09772606974975,0.003621628125513695,0,0
2026-01-03 19:45:00,28.184750344247778,2.344280758979908,25.357440565428124,4.53992149541693,27.929183077727888,0.04984118830957866,0,0
2026-01-03 19:46:00,27.956275362570505,1.8499395414599937,25.67137905070273,4.552517724068024,27.827205469879363,0.05983877567743326,0,0
2026-01-03 19:47:00,28.08588801596087,1.7787491903139416,25.135108022234302,4.731711216203538,27.856340313981825,0.01232924558703036,0,0
2026-01-03 19:48:00,28.077278875226174,2.1864799482441586,25.640877086277964,4.905776909942775,27.72610504440428,0.03915107693136613,0,0
2026-01-03 19:49:00,27.690430513632755,2.964798234705829,24.781444424835016,4.787571519775726,27.96706484300956,0.0512416273789242,0,0
2026-01-03 19:50:00,28.044771312189845,2.406843210445075,25.415804286146166,4.75642843483942,27.998583958181115,0.007762712756653158,0,0
2026-01-03 19:51:00,28.051239280942678,2.1957594181009448,26.156057329771997,4.816199245671049,27.862860649798705,0.013851789182411395,0,0
2026-01-03 19:52:00,28.046108763609237,2.275384827190022,26.227331067853505,4.787321458217036,27.84836186708218,0.05230238804872313,0,0
2026-01-03 19:53:00,28.325383405362953,1.5368962379367248,26.302701601977382,4.5268659841026215,27.998069934592532,0.024814156764057613,0,0
2026-01-03 19:54:00,27.847390237682472,1.7552635336155007,25.581621574161,5.187467819318571,27.924165442176832,0.015649167538340256,0,0
2026-01-03 19:55:00,27.91367993742175,1.2658576107877735,25.412048462212862,4.631190990682858,27.974448525362234,0.025852109262375723,0,0
2026-01-03 19:56:00,27.58796282065331,2.7450593672984143,25.083820934477316,4.84522719273942,27.955933018122504,0.01835657485851471,0,0
2026-01-03 19:57:00,27.967811941101164,2.667454890907818,24.140646527829073,4.078882663886571,28.029847628885964,0.07827023892567551,0,0
2026-01-03 19:58:00,27.97955739719741,2.262000833273596,24.472225701635043,4.72468899917959,27.932166517932316,0.015447264420772214,0,0
2026-01-03 19:59:00,27.955555450951678,2.16186820228418,25.303642363670676,4.41514379280544,27.94135069564409,0.030891857421552357,0,0
2026-01-03 20:00:00,28.243497348425876,1.5600523904503991,25.352958803662315,4.457342380605248,26.226594795598196,0.04826042589678659,0,1
2026-01-03 20:01:00,28.195980587306043,2.013408164306519,26.424650050138705,5.647765081438374,27.99396009231287,0.04817368953407749,0,0
2026-01-03 20:02:00,28.052231282034263,2.703140921203709,26.363638712375955,4.8873340652208,28.010643018687716,0.04472778128041592,0,0
2026-01-03 20:03:00,27.968851467987154,2.1060962882855927,24.96977545987151,5.229107762317104,27.978676066050696,0.017337836342814963,0,0
2026-01-03 20:04:00,28.217821046437212,1.845504166486488,26.03003013069879,5.0993562541622754,28.229420084861022,0.02226222443611851,0,0
2026-01-03 20:05:00,28.02729891348808,1.4096509323890243,25.12998914284651,5.1441350086993225,28.01953344428301,0.014140363644196498,0,0
2026-01-03 20:06:00,27.88152122006155,2.4888318430081444,25.94835178918111,4.730324918442416,27.981222747849163,0.02365908214535392,0,0
2026-01-03 20:07:00,27.718048132783885,1.960942412121936,26.04116250336962,5.362240704169035,28.05989739626319,0.02559052079677431,0,0
2026-01-03 20:08:00,27.9459101603691,1.34945819829808,26.3526905350698,5.096340554501772,28.253543624520127,0.0383510176650243,0,0
2026-01-03 20:09:00,28.159769282958983,1.618864836351496,25.144495428375123,4.814467233130806,28.03032676527311,0.05731877253358285,0,0
2026-01-03 20:10:00,28.43251156857556,1.472568744088641,26.20532233873927,4.892151368560163,27.733181997909284,0.03780357359199407,0,0
2026-01-03 20:11:00,28.032841609940622,1.8503628405367587,24.190146742468606,4.752143654238125,28.051847026236945,0.044271612779480635,0,0
2026-01-03 20:12:00,27.883222066112054,1.9453377311506979,26.414116266960214,4.818283714703232,27.894491748834408,0.024685611290272975,0,0
2026-01-03 20:13:00,27.80714473346207,1.6725846128385318,25.4947433261295,4.78473974271964,27.76930297770314,0.04811735614522793,0,0
2026-01-03 20:14:00,28.11946153247157,2.096381074580861,25.514975328927914,4.933536770932771,28.203707349649658,0.02520038191862708,0,0
2026-01-03 20:15:00,27.70236911057083,1.8275807841653597,24.09654858049376,5.4089908304936625,28.177773580039407,0.04553091158086498,0,0
2026-01-03 20:16:00,28.119171769389443,2.1473945690348035,25.25569571562911,4.378175059064443,27.891378697490786,0.03948099297439327,0,0
2026-01-03 20:17:00,28.167626560080556,1.6262714873357238,26.481442823148747,5.1998241672280825,27.892164265732106,0.032069063265931945,0,0
2026-01-03 20:18:00,28.099516360415624,2.7930948654176797,25.23859826529018,4.671117930701056,28.019220065429568,0.0027331223624427053,0,0
2026-01-03 20:19:00,27.982212646677578,1.5059558722481758,26.04123206817686,5.244382101892682,27.893778538984822,0.04468024600480315,0,0
2026-01-03 20:20:00,28.12442392209623,1.3641274527214682,25.570350757324544,4.683294122945044,27.983791162761317,0.031806441379238944,0,0
2026-01-03 20:21:00,28.054702338671007,1.2984369823899589,26.2942193969411,4.944463786789088,27.914418157283915,0.03764635021377611,0,0
2026-01-03 20:22:00,27.885284477735414,1.5618556987309322,25.688424643561998,4.744404512921623,27.951951722306486,0.030643743836165735,0,0
2026-01-03 20:23:00,28.360047112758608,1.0126906257153518,24.905962366976024,4.194292756817609,27.83147737655845,0.03374674453106562,0,0
2026-01-03 20:24:00,27.96550753873698,1.6973721570373634,25.60143527861086,5.408641906702895,28.09922779929452,0.048411771747005075,0,0
2026-01-03 20:25:00,27.37049074233952,-2.6918319827379635,28.68629330983234,0.0,28.144454684751977,0.01646937628833331,1,0
2026-01-03 20:26:00,26.797756335292746,-1.9865456062406133,37.10647676293588,0.029359001404710414,27.987975521299187,0.03341749419485383,1,1
2026-01-03 20:27:00,27.465326576524898,-2.5330387993508094,27.49046714495967,0.0,27.99565089953511,0.011006169660343243,1,0
2026-01-03 20:28:00,27.502594545703975,-2.209256456345385,29.15401560931833,0.0,28.07549884223617,0.03538024242233055,1,0
2026-01-03 20:29:00,27.246439514968188,-1.8785740106979407,28.389291549415525,0.0,28.00022813738067,0.02952316835303575,1,0
2026-01-03 20:30:00,27.344694213571593,-1.2966957019678236,28.15222971658048,0.0,28.20754766186001,0.013642562740362043,1,1
2026-01-03 20:31:00,27.347884075381202,-2.491878098478109,27.80516049365319,0.0,27.842036457234745,0.026685950900805368,1,0
2026-01-03 20:32:00,27.13507219440476,-2.1771254563976106,28.09654622295443,0.0,28.103313035161822,0.014763232280766737,1,0
2026-01-03 20:33:00,27.35285895599159,-2.3861853168747427,28.121429370439692,0.0,27.986295716187776,0.01819598326272808,1,0
2026-01-03 20:34:00,27.112604579773727,-2.4440581170928772,26.06153682637982,0.043915829445082454,27.86545450075868,0.031386524773158994,1,0
2026-01-03 20:35:00,27.152535753982427,-2.3949233790436137,27.86778152042654,0.0,28.269650649145486,0.36442689507816917,1,1
2026-01-03 20:36:00,27.46908369719228,-1.8596593969059658,27.480408340037048,0.0,28.286224044701896,0.009568608834692356,1,0
2026-01-03 20:37:00,27.445957220265075,-2.3206063419373164,27.244602727483826,0.0,27.975055607508665,0.03166879816772075,1,0
2026-01-03 20:38:00,24.939378855004968,-1.3625273450618844,27.458940874026524,0.16394350357936355,28.05336704176507,0.01954000450049829,1,1
2026-01-03 20:39:00,27.147512749025214,-2.002489923815739,26.507780709511135,0.0,27.943457648499166,0.01754245706099289,1,0
2026-01-03 20:40:00,27.168090841814042,-2.498186444965199,26.334602331245073,0.17912726805253334,27.962764618892262,0.004711211626796566,1,0
2026-01-03 20:41:00,27.421056056405163,-2.2679503179473794,28.471162344480565,0.1514377234697523,27.86410009762582,0.02418295657311897,1,0
2026-01-03 20:42:00,27.11420139404148,-2.4135162272173036,27.922728893700896,0.0,27.846368537074426,0.015585683092523825,1,0
2026-01-03 20:43:00,27.363553552401733,-1.8444903205670289,25.910544119163035,0.0,28.22129799663073,0.04792341029748717,1,0
2026-01-03 20:44:00,27.439046958352193,-2.688150796002549,27.196443969642978,0.2887468791716796,27.995347853939645,0.006489761629671617,1,0
2026-01-03 20:45:00,27.29411581894724,-2.5724418744770876,28.21638621337757,0.0,28.00607019122697,0.007649375378946912,1,0
2026-01-03 20:46:00,27.497306584134225,-2.297204291956463,27.403903087019753,0.0,27.902737813677316,0.006430624528855868,1,0
2026-01-03 20:47:00,27.2663173630698,-1.8367723861639476,28.471156075870486,0.40258369129339944,28.022796424272766,0.029655839352517605,1,0
2026-01-03 20:48:00,27.28829339606745,-1.6285295927291248,28.334044679398293,0.0,27.819544699378103,0.046116303360605695,1,0
2026-01-03 20:49:00,27.156666491581397,-1.5599406628901593,26.64891280574912,0.16070540003074144,27.907151372502636,0.03405619215716524,1,0
2026-01-03 20:50:00,24.52430171822902,-1.839545131408656,27.49750253207692,0.0,27.856027034561937,0.00529635185218295,1,1
2026-01-03 20:51:00,27.206403260556314,-2.0347361760276725,27.283212192920583,0.0,28.155146094246703,0.01727384134014915,1,0
2026-01-03 20:52:00,27.413344203141644,-1.7073527081717386,26.62328016401102,0.1563543501008635,27.80177219635264,0.01043481902660689,1,0
2026-01-03 20:53:00,27.34361716670939,-2.364890263076172,26.57645409128074,0.0,27.85849414033346,0.03413916383021341,1,0
2026-01-03 20:54:00,27.1730749442927,-2.587987852782218,27.0287573592028,0.0,27.754289287422125,0.0169077356761476,1,0
2026-01-03 20:55:00,27.259104762131752,-1.7668838979737187,27.14267838478708,0.15026617451523233,27.893198520160254,0.00043036427440766925,1,0
2026-01-03 20:56:00,27.62386584485452,-2.2484605205380497,27.78776841233667,0.07904543821943902,27.94485748229042,0.035524717349095986,1,0
2026-01-03 20:57:00,27.417483234286028,-1.8956264480441334,28.318466350461797,0.0,28.117333645247093,0.04773865360422029,1,0
2026-01-03 20:58:00,27.20579677328002,-1.8068411297805536,27.944906007697316,0.0,27.97336025926363,0.02178389594139351,1,0
2026-01-03 20:59:00,27.44867718231631,-1.7375729200980523,28.108281336178703,0.2199627087679863,27.950729570940165,0.02716720681011484,1,0
2026-01-03 21:00:00,28.17369947431298,2.128227038483759,25.3938835007723,4.687157641867364,28.035988974837398,0.0021134217603764917,0,0
2026-01-03 21:01:00,28.8280102618104,2.1156410817125444,25.999940695251695,4.990871520570152,27.94685162525435,0.01206627770905138,0,0
2026-01-03 21:02:00,28.26387845671555,1.9169606088447126,25.47113244881183,4.933078097431127,28.289188943522905,0.008283505998280559,0,0
2026-01-03 21:03:00,28.150302650916228,1.7180637436219057,25.26294889178829,4.6434036000510295,27.929079589208563,0.024195007609700895,0,0
2026-01-03 21:04:00,28.480656183374485,1.9341898055726476,26.896765570433082,5.175396610048128,28.049645413908372,0.019457044067485232,0,0
2026-01-03 21:05:00,27.899870161867334,1.7110334043277509,23.934108307658246,4.592002836487343,28.099174694002677,0.03483218694003583,0,0
2026-01-03 21:06:00,28.254401732495793,1.873607702374363,24.25060679460145,5.216658890953166,27.925634319490705,0.021442242865642207,0,0
2026-01-03 21:07:00,28.60254307025053,2.8806757452282024,25.826120266638217,5.262452385691636,28.01984467991696,0.042779713061316074,0,0
2026-01-03 21:08:00,28.228698852862305,2.04923813779086,25.3688863239464,5.167540136071579,27.939898545788516,0.040700798764634255,0,0
2026-01-03 21:09:00,27.943628870950832,2.1633105942654933,24.544461954104463,4.736803596321796,28.032882496953604,0.019195721352375805,0,0
2026-01-03 21:10:00,28.190298392204706,1.778057436229651,24.807934502110033,5.691477700528796,28.012110902926647,0.0069381002687687945,0,0
2026-01-03 21:11:00,28.529242434187488,2.4001561254110952,24.89472407769097,4.853145560681235,27.98316604115694,0.009490904307332272,0,0
2026-01-03 21:12:00,28.340905123091378,2.326196036849282,26.16192516547379,4.884369767596261,27.861332373223675,0.050804242956872914,0,0
2026-01-03 21:13:00,28.12791270670978,2.34437715789163,26.38129454516437,4.792278529166662,28.223643375664825,0.008034531911705754,0,0
2026-01-03 21:14:00,28.16116117600923,2.1653750867579653,26.675455632363708,4.40458173303028,28.07036790858109,0.0019358108079944418,0,0
2026-01-03 21:15:00,28.18925395119303,2.4650754248429148,24.410446278930543,5.253275633084667,27.80936351769504,0.027337433255552688,0,0
2026-01-03 21:16:00,28.360401086691695,2.559667735026859,24.560598454759834,4.599658799617622,27.949555649199475,0.001775744042078399,0,0
2026-01-03 21:17:00,28.54153002655369,2.223598970870625,24.507316499952093,5.121863859113059,27.811672476507226,0.027319323229986644,0,0
2026-01-03 21:18:00,28.495237487716494,2.092755455053189,26.408965193922015,5.20584358791149,28.091449763925393,0.01894640483429899,0,0
2026-01-03 21:19:00,28.392901258338263,2.452703350736764,25.793173685847165,5.01116248319225,27.997386075703098,0.041626220964980074,0,0
2026-01-03 21:20:00,28.07600571293323,1.8282388562583627,25.55144920924143,4.557810753435594,28.000489333019527,0.04006053397632532,0,0
2026-01-03 21:21:00,28.081415656625772,1.8967965651635297,25.650085862416223,4.680622610570736,27.898915932868583,0.044859806863801505,0,0
2026-01-03 21:22:00,28.421023870501095,2.1311316694469675,25.44348077256927,3.8630233367615374,27.962132321648337,0.028712711101148577,0,0
2026-01-03 21:23:00,28.087296366433034,1.5403118155033328,24.692150660510347,4.759236320271691,28.094462092073552,0.009549880184796548,0,0
2026-01-03 21:24:00,28.29316400479358,2.437741009126095,25.829741301927882,5.080948565694994,28.126699858221734,0.006336054916795401,0,0
2026-01-03 21:25:00,28.392635080074925,1.8076628529412349,25.333640394090672,4.716873222321326,28.10157053439337,0.01544746168207664,0,0
2026-01-03 21:26:00,28.137075016483927,1.9745816466709836,24.616977070700976,4.593471897709935,27.813739976258066,0.060896947286711904,0,0
2026-01-03 21:27:00,28.161255838802894,2.0582219222153886,25.852315570662764,4.695788576561675,27.97766607681464,0.020514614836126266,0,0
2026-01-03 21:28:00,28.332284971437698,2.1382647366480727,25.145227976422206,5.225378089611656,28.030397614873372,0.027898278935201668,0,0
2026-01-03 21:29:00,28.443305709062486,1.9942992694566475,25.595332370763124,4.780972008887288,27.911826929277847,0.05233472332690195,0,0
2026-01-03 21:30:00,28.546957951355676,2.079529024793934,25.3412753051436,5.450270661743014,26.11050915588244,0.029583036319873923,0,1
2026-01-03 21:31:00,28.468200184973306,2.0692934790576207,26.045245984603728,4.600243273290347,27.84560433444975,0.011524275882157589,0,0
2026-01-03 21:32:00,28.375041115432445,1.9193429285928574,25.567769571075655,4.876031124795942,28.179972972244293,0.038142838146856275,0,0
2026-01-03 21:33:00,28.2301231267354,1.7894826287435168,24.78729573499151,4.648309326030541,27.857024634239277,0.017287435445449337,0,0
2026-01-03 21:34:00,26.466814448054674,2.4216463031851174,25.623375432265878,5.526070244815296,28.005707283807713,0.030204254624942112,0,1
2026-01-03 21:35:00,28.277186795842216,1.2884336675969488,25.638200800943583,4.862896858958276,27.98123980059873,0.03421882333138075,0,0
2026-01-03 21:36:00,28.444978578229627,1.9337245326490498,39.186615501103006,5.544826648020413,27.981546198672238,0.016102506420734495,0,1
2026-01-03 21:37:00,28.433619372461816,1.8213569273221468,26.09850141682496,4.652955355784188,27.961616623981882,0.028354688189979237,0,0
2026-01-03 21:38:00,27.996670873299156,2.1108920673293294,24.933729325726265,5.334652711549271,28.094696441614122,0.053800831633518786,0,0
2026-01-03 21:39:00,28.234644703043934,1.4333553462948712,25.8238634987501,4.841301180295723,28.00427355028624,0.013722374792811751,0,0
2026-01-03 21:40:00,28.594076754831303,1.744782180728732,24.140192500564805,5.092829458090959,27.924921440805285,0.04870406649380807,0,0
2026-01-03 21:41:00,28.392506960978228,1.8606471676395415,25.25469739141078,4.373101157731832,28.006161258908225,0.01437105763373312,0,0
2026-01-03 21:42:00,28.12395233680775,2.2472948554158796,25.137414599444366,4.921944882223257,27.846694700342766,0.05743723854880934,0,0
2026-01-03 21:43:00,28.803609341734436,1.964975323714421,26.3340269140928,4.425807846703255,28.057113351670466,0.00960125291842275,0,0
2026-01-03 21:44:00,28.37468083704678,1.4101938920063386,25.201829628810454,4.88998374024676,27.918283977959657,0.017910597352883577,0,0
2026-01-03 21:45:00,28.449180112676412,1.629383148447762,25.727457634883677,4.268563481436646,27.925195461667638,0.05214860394760858,0,0
2026-01-03 21:46:00,28.45180480495156,2.0857032076207873,24.059094891365906,4.76707094315,28.061565704449716,0.0529401895155969,0,0
2026-01-03 21:47:00,28.313394345137933,1.3310182115909093,25.036458669648212,5.1834642129943465,26.127897731329504,0.03973167988183385,0,1
2026-01-03 21:48:00,28.24805067843844,1.699705414283457,24.680463059575235,4.991643857647972,27.957878061452575,0.0055267089665836,0,0
2026-01-03 21:49:00,28.76014974968535,1.7003347670798528,26.995876422700952,4.36811748264319,28.140115628237762,0.026483366283484917,0,0
2026-01-03 21:50:00,28.55784245207339,1.545268878863744,24.78624408653661,4.135564766007016,27.88321747197133,0.02502247574602565,0,0
2026-01-03 21:51:00,28.52401526433165,2.601155298903083,25.29416143979614,4.973930603161269,28.05980620020553,0.3755279836018647,0,1
2026-01-03 21:52:00,28.478385285238957,1.491228942218286,25.32121611577029,5.353419578375444,28.11394288327852,0.03754306897814039,0,0
2026-01-03 21:53:00,28.192429975003794,1.7719460632971118,24.1096095276726,4.4626188870954415,28.140027663876598,0.011019524252861582,0,0
2026-01-03 21:54:00,28.601145607446377,1.326069769620886,24.843536770346216,5.5340914273617265,28.26118240226107,0.0017693910254572495,0,0
2026-01-03 21:55:00,27.417380793299348,-1.8402638661904986,27.484502947578044,0.0,27.92294317138262,0.004175615869179243,1,0
2026-01-03 21:56:00,27.617884717489137,-1.7383547707624756,27.250466090088672,0.0,27.895847700004584,0.0558213151244997,1,0
2026-01-03 21:57:00,27.269347999392046,-2.265888101778228,25.56935789399381,0.0,28.0980658541691,0.01581130107041536,1,0
2026-01-03 21:58:00,27.194428335217296,-2.0949493990888346,26.77182931631085,0.26948220227999437,28.112828933664083,0.01618890601262809,1,0
2026-01-03 21:59:00,27.616222983192166,-2.403511069856068,27.872270644376098,0.04534881429226206,27.905111842269108,0.0064479442216735725,1,0
2026-01-03 22:00:00,27.410246704586115,-2.503650225542015,27.55831982664078,0.5187773380276421,28.058176538947553,0.04962264513521983,1,0
2026-01-03 22:01:00,27.194598494474644,-1.7516995148296375,27.987953320042138,0.0,28.326904823283893,0.0001554957699653886,1,0
2026-01-03 22:02:00,27.64653647359038,-2.3184146801576544,26.43404270784313,0.04147317935732284,28.012559728756777,0.0033255918851711197,1,0
2026-01-03 22:03:00,27.927237597776628,-2.9776340956811316,28.009213852832346,0.002366371485924786,28.110819856589785,0.019207094186267086,1,0
2026-01-03 22:04:00,27.79196278219362,-1.521728849423829,27.069949547605272,0.0,28.18920848627199,0.024611797321208544,1,0
2026-01-03 22:05:00,27.491570780413596,-2.4254160766261843,28.20396522513416,0.0,28.300449537952463,0.03685543450799307,1,0
2026-01-03 22:06:00,27.53535822379138,-2.2343132286907066,27.080005196816064,0.0,28.02948395575548,0.012839286335064416,1,0
2026-01-03 22:07:00,27.689268290282058,-1.5754695125336737,25.632650642259637,0.06112603849813105,28.150364025502068,0.05279800858702878,1,0
2026-01-03 22:08:00,27.7270215502529,-2.1993965224223575,27.64846372171434,0.1059033597433755,27.905380706048692,0.012961820766521035,1,0
2026-01-03 22:09:00,27.458607079755968,-2.205250474149549,26.73154050112087,0.0884004975361352,28.002985713336844,0.006845542990054562,1,0
2026-01-03 22:10:00,27.521853758574,-2.5745432791469605,26.76656831355395,0.42209562811749174,26.39409128667086,0.005132045278688487,1,1
2026-01-03 22:11:00,27.564929730776235,-2.7117952990662477,26.00060682363303,0.0,27.773759119942074,0.011069957543437718,1,0
2026-01-03 22:12:00,27.60549908306283,-2.191104973311948,28.141077495987872,0.0,27.807635947261325,0.0039662359055463725,1,0
2026-01-03 22:13:00,27.476700963062704,-1.9975309281721607,26.62845071603704,0.35593776903575236,28.051603908739512,0.03851628584798308,1,0
2026-01-03 22:14:00,27.4737701234496,-2.007644023330935,28.08335238575479,0.0,28.05396267111795,0.006984848754539058,1,0
2026-01-03 22:15:00,27.738369819355793,-2.2715502694887832,26.666487007606587,0.0,27.875004570392836,0.02260907998257239,1,0
2026-01-03 22:16:00,27.70221860774118,-2.0830729206228376,26.306391497588116,0.0,28.186886243455827,0.006468111838650915,1,0
2026-01-03 22:17:00,27.564840709640528,-2.7188272621271423,27.8668675011059,0.0,27.866802208346556,0.00385970063147369,1,0
2026-01-03 22:18:00,27.782652228357772,-1.8990422316736693,26.879176709220765,0.0,28.030872275141018,0.04491765722961056,1,0
2026-01-03 22:19:00,27.397868949614107,-1.9866383839911292,26.873256599925373,0.0,27.950171265118563,0.0538499604245834,1,0
2026-01-03 22:20:00,27.75369884655191,-1.3341943504262972,26.007798849754963,0.22726588929783592,28.012833762906116,0.04784202175485288,1,0
2026-01-03 22:21:00,27.55327583882389,-2.0031069620522053,26.5717167182972,0.0,28.10782399199354,0.0014840451920060706,1,0
2026-01-03 22:22:00,28.038399426045686,-2.315406015732753,35.43706026255248,0.17657749497741995,28.090881041957278,0.0010134290106292437,1,1
2026-01-03 22:23:00,27.228899194387093,-1.9820681439061492,25.956675503344087,0.0,28.084941071652576,0.0606108233665449,1,0
2026-01-03 22:24:00,27.313341958948072,-2.0570877550820708,26.47567658486766,0.3159960967736754,28.069618675290005,0.020422011039249403,1,0
2026-01-03 22:25:00,27.506640281056143,-1.7675592960943391,26.54560618762722,0.0,27.847270666990866,0.0002536850078971309,1,0
2026-01-03 22:26:00,27.49655328770903,-1.8870608529321447,26.873254303034546,0.0,28.13614355574996,0.04448026609621006,1,0
2026-01-03 22:27:00,27.76984014053968,-2.313750437154648,27.84921294066376,0.110818327524204,27.87276538074841,0.02621293075940064,1,0
2026-01-03 22:28:00,27.292248722280025,-2.4212207362039333,26.59027993598097,0.2685846691600381,27.987275908978003,0.03525094700198306,1,0
2026-01-03 22:29:00,27.569167242771346,-1.7323968948888884,26.303575193230095,0.0,27.957840769439745,0.015282026073340796,1,0
2026-01-03 22:30:00,28.40924334084276,2.284090089374237,26.69601831829861,5.219722193592944,28.042014795114728,0.019127052336331465,0,0
2026-01-03 22:31:00,28.32055470039327,1.8521865252285326,24.456919149259704,4.502257734303309,27.941834170434934,0.042078461451921366,0,0
2026-01-03 22:32:00,28.014464493179684,2.133364659208086,24.61323712422589,5.034754384503566,27.98097872646218,0.013473482232499487,0,0
2026-01-03 22:33:00,28.434581461557578,2.22725229575747,24.482715362480537,5.410671579755002,28.194264164597126,0.0472300066071865,0,0
2026-01-03 22:34:00,28.39622732946396,1.9898502205640811,24.52594260778911,4.812855844530042,27.844569595217937,0.001298408614061497,0,0
2026-01-03 22:35:00,28.276668541582218,1.6346350294124918,24.760547850155472,4.720730919891941,27.999704028195822,0.022973555202716656,0,0
2026-01-03 22:36:00,28.199358479350412,2.0107156548424814,25.3370828991881,4.763014913584077,27.86630474028789,0.05460858669382379,0,0
2026-01-03 22:37:00,28.19715350060005,2.3867905576352193,24.961692288005757,5.369903385433129,28.080921956747993,0.00428453777834269,0,0
2026-01-03 22:38:00,28.136212833349855,2.1709334348415843,25.419215042389332,4.940973900826912,27.912792542502768,0.029886589031885846,0,0
2026-01-03 22:39:00,28.259718265177984,2.2676107082923913,25.38238939197831,5.550470937026534,28.00462437283021,0.0355317957612482,0,0
2026-01-03 22:40:00,28.144040647731476,1.8630844787981484,24.783853030851844,4.897737985780407,27.841040207927662,0.026645269222652545,0,0
2026-01-03 22:41:00,27.97983631762166,1.9723066137497316,24.887560402405473,4.57117116903369,28.15498477974338,0.02049913573197895,0,0
2026-01-03 22:42:00,27.938040908177392,2.01854613010195,25.386513559724378,4.595772572675377,28.00873479003068,0.009226269150142265,0,0
2026-01-03 22:43:00,27.985726667920552,2.0578354628744675,23.818789366604086,4.821562542922531,28.016531861727742,0.028537832577039568,0,0
2026-01-03 22:44:00,28.155478922357442,2.4989485609985858,26.33160732764754,4.08553708441061,28.099487394521606,0.023152177131805063,0,0
2026-01-03 22:45:00,28.105147949441662,1.2815980864061927,24.21025998011292,4.63375355714778,27.84983097684837,0.0008533081517153214,0,0
2026-01-03 22:46:00,28.143376415229998,2.1252663228083515,36.00131283985077,4.641520758082581,27.926197322950415,0.04479725415701144,0,1
2026-01-03 22:47:00,28.189491641413564,2.0966906176051774,23.693128518665286,4.883926414396603,28.020406499389576,0.008619088288857591,0,0
2026-01-03 22:48:00,27.981280887922317,1.6528443811978475,23.700137539419597,5.479636377140507,26.171033765672917,0.0003856805391089062,0,1
2026-01-03 22:49:00,28.352999764743547,2.374722030002209,25.19564649209451,4.819185770943212,27.801444797776888,0.014277726591655632,0,0
2026-01-03 22:50:00,28.036110281387877,1.8911076463735481,26.089135294349582,4.127069319505772,27.901448520945298,0.00893104895695394,0,0
2026-01-03 22:51:00,28.001539633594735,2.0231212361052897,24.089109278562468,4.480132322543064,27.863080282838165,0.020351663242812974,0,0
2026-01-03 22:52:00,28.16179101603722,2.796860457170599,24.71547846470159,4.891800751654819,27.95873639836954,0.0026358795816932533,0,0
2026-01-03 22:53:00,27.73994699951153,2.5032775667953535,24.612657416061595,4.832548165887544,28.062691856992664,0.03306348527686113,0,0
2026-01-03 22:54:00,27.923937730463948,2.3491530920796877,25.144902443693987,5.368559432809404,28.089985639250347,0.049858913940858354,0,0
2026-01-03 22:55:00,28.238705104003117,2.277954640679816,25.984030553679936,5.136027054429981,28.21712927781224,0.02690556864973111,0,0
2026-01-03 22:56:00,27.745422117119613,2.08196549634073,25.48182190650639,5.125540415822201,27.997285066725233,0.000997140438763689,0,0
2026-01-03 22:57:00,28.255540296460477,2.83265182358284,24.236302187107658,4.724003417746621,28.01852305580421,0.008562045842245982,0,0
2026-01-03 22:58:00,28.322777818884735,2.405273020102459,24.759739458660405,5.184692362792807,27.99701433254369,0.02898304171906866,0,0
2026-01-03 22:59:00,27.98084938188357,1.852235446316877,24.815498466558733,4.486426905830948,28.03843219176078,0.010405166185400445,0,0
2026-01-03 23:00:00,28.096641725455537,1.6130730939483808,24.348070001261938,5.138903008252807,28.047804088998976,0.002809921689661255,0,0
2026-01-03 23:01:00,28.24250510855858,2.2885564510905136,23.581275386799188,4.701153383894921,28.110654131137725,0.004655068924119717,0,0
2026-01-03 23:02:00,27.954195017818318,2.0562495683049002,23.775608498973053,4.293202307913816,28.110184990192522,0.027077726673590888,0,0
2026-01-03 23:03:00,28.191761411319042,1.5599723304859308,25.12480597393608,5.0076328452152055,28.062323592741514,0.06391922700885716,0,0
2026-01-03 23:04:00,27.91230012305446,2.193135587659716,25.183390232202633,5.289140266515035,28.18122073859846,0.0023022187922538996,0,0
2026-01-03 23:05:00,27.944886915458564,1.930816157281268,24.148583398568274,4.657689345039413,28.003210847156662,0.03969393474144924,0,0
2026-01-03 23:06:00,27.884929263488377,2.191457562236989,24.463057797276218,5.346966612585211,27.92661187608429,0.014850225377959221,0,0
2026-01-03 23:07:00,28.088649390586166,2.1400808175849457,25.104876854016496,4.220420679987459,27.946234593749463,0.0012368889451273082,0,0
2026-01-03 23:08:00,28.23378119873212,1.751422639434722,23.060313952532372,4.381122367128273,27.98729981836693,0.0531543190289056,0,0
2026-01-03 23:09:00,27.990793104086823,2.163853492625003,23.927404401686704,4.748645885386751,27.86996379027605,0.06387719831590714,0,0
2026-01-03 23:10:00,27.79390975567357,1.7454402712417858,25.63895109115652,4.670232639925307,27.926395892661624,0.032413525401271265,0,0
2026-01-03 23:11:00,27.82686451961489,1.7449644189226234,24.422589744423437,4.566503314879271,27.86321948459178,0.03152519149275649,0,0
2026-01-03 23:12:00,28.092013954680407,1.686474099468744,23.40930161163854,4.846787201586378,28.041275231396195,0.026120870712994643,0,0
2026-01-03 23:13:00,28.352379425364198,2.244551635068225,24.268576416784626,4.614993339759375,28.042458531895377,0.022331564262448426,0,0
2026-01-03 23:14:00,28.090980151013152,1.7262144299914215,24.888259174853058,4.674358867669043,27.787730196784917,0.03112141708531671,0,0
2026-01-03 23:15:00,27.950358620882774,2.2803551131975084,22.377508250057552,4.89744877462263,27.921510142810924,0.037170131518870254,0,0
2026-01-03 23:16:00,28.158022765169612,2.399804938754974,24.270362101245837,4.566362091135023,28.219022661510433,0.05494013140569143,0,0
2026-01-03 23:17:00,27.977328716547618,1.4927377167649332,23.87320831280998,4.7628936435383595,28.07557360093714,0.015590800746692857,0,0
2026-01-03 23:18:00,27.95289471970815,0.7048825480698673,22.971494096002168,4.574061333774144,28.054520380365425,0.027292957920050397,0,0
2026-01-03 23:19:00,27.84922910860137,2.069105265609002,24.16529601200664,4.3780328541339895,27.920289609132038,0.023407861193847333,0,0
2026-01-03 23:20:00,28.276255396422147,1.5606027857599694,23.999526829814542,5.067295761135796,28.034473906484706,0.04343311608781965,0,0
2026-01-03 23:21:00,27.566876006718694,1.3544769303272908,24.065379818387672,5.397728054294705,27.998258809793434,0.06820145365025712,0,0
2026-01-03 23:22:00,28.168961425320585,1.4296336158714136,23.825706532307745,5.1726001982758705,27.90439043704426,0.044054160105249165,0,0
2026-01-03 23:23:00,27.943498805927547,1.4693434200402786,23.341866634347078,4.916100628651461,27.940745261791193,0.039368390390060015,0,0
2026-01-03 23:24:00,27.95494849540558,2.0482927434404505,23.02582487738862,4.575465045042411,27.943449589751374,0.04134173932244672,0,0
2026-01-03 23:25:00,27.53547205635974,-1.9690067296291545,25.54815982108618,0.0,27.821359208679272,0.04781360850925552,1,0
2026-01-03 23:26:00,27.104563309581966,-1.5938709091228003,26.620649136537224,0.36995744116356505,27.841171928104377,0.06846005102340472,1,0
2026-01-03 23:27:00,27.113149369899215,-1.8871236471696156,26.169927667909693,0.0,27.976063746031162,0.005336934471497329,1,0
2026-01-03 23:28:00,27.21474610866063,-2.1840345171450126,25.94604082270375,0.0,26.76258207579455,0.035792708920777364,1,1
2026-01-03 23:29:00,27.315561962731593,-2.226788171517498,25.25438797026809,0.25694057191049324,27.963889823624474,0.02146177360568982,1,0
2026-01-03 23:30:00,27.164581386506082,-1.906545828562189,25.708330505490167,0.0,27.80732165900522,0.042124363054296246,1,0
2026-01-03 23:31:00,26.964056735195385,-1.8274289459382584,26.47401021514693,0.14818589948593783,28.096159120849308,0.034918683178335304,1,0
2026-01-03 23:32:00,27.094947564381375,-1.7756369091030708,26.29936311194051,0.13194624476799133,26.954234254190666,0.015157114524626276,1,1
2026-01-03 23:33:00,27.485017035176124,-2.2244082596848145,25.60007730399945,0.0,28.123287471940127,0.023060551817199446,1,0
2026-01-03 23:34:00,27.27161788639518,-2.07828145445503,24.094326401015117,0.030442338550026798,28.13566416341924,0.024740894123793565,1,0
2026-01-03 23:35:00,27.34330771130527,-1.940268570314907,25.438197184409994,0.0,28.07513469976008,0.02901116054974661,1,0
2026-01-03 23:36:00,27.219178114122922,-2.2824704224567967,25.561080056264856,0.14563453655923658,28.031870300937534,0.023864058834071812,1,0
2026-01-03 23:37:00,27.151809250627853,-2.547015801287652,25.252462665471064,0.2344260400619422,28.010382748079238,0.013814296467086316,1,0
2026-01-03 23:38:00,27.57692399429495,-2.431981662802427,25.586781107762782,0.13962862682060279,27.890256806446136,0.008857806821060646,1,0
2026-01-03 23:39:00,27.24568195658621,-2.2324450682706902,26.436255115972163,0.025407313485083734,28.08280669132331,0.02406786256450653,1,0
2026-01-03 23:40:00,27.204491651941538,-1.9129102148271664,25.82732870540872,0.10110494534790035,28.075685013897633,0.010566221815059718,1,0
2026-01-03 23:41:00,27.48648656038534,-1.6989613807463655,26.53509175217019,0.0,27.94443884964619,0.0395674055655848,1,0
2026-01-03 23:42:00,27.16417378999122,-2.6074863037604232,24.775416212584148,0.0,28.063120489949316,0.023583350729087932,1,0
2026-01-03 23:43:00,27.192294355495942,-2.3335851039738706,25.606809585032178,0.0,27.916726563965966,0.006043986729662512,1,0
2026-01-03 23:44:00,27.306458935561064,-2.2398297901768465,24.452224024988734,0.3610385637204674,27.924369355764586,0.028180590399799248,1,0
2026-01-03 23:45:00,27.31004861873587,-1.8249579300172263,25.500229340390646,0.23913335459350407,28.0930126418902,0.032455446348892546,1,0
2026-01-03 23:46:00,27.362225161321117,-2.2750018377802355,25.056278223565236,0.23814047254195453,28.051663292026227,0.05412378174172841,1,0
2026-01-03 23:47:00,27.69759362966915,-2.2262100809939733,26.674632652071615,0.5997220445173935,27.972166679591602,0.04170650316084926,1,0
2026-01-03 23:48:00,27.38731208858978,-2.55429809091967,26.054185349912785,0.0,27.958280061424492,0.008823563998904362,1,0
2026-01-03 23:49:00,26.904521099889987,-1.8739378690700101,26.467514557981982,0.0,28.020972729916735,0.3433812553524838,1,1
2026-01-03 23:50:00,27.39717018401906,-2.0814653394990823,25.446454705787396,0.0,27.779751934152216,5.142083586644891e-05,1,0
2026-01-03 23:51:00,27.351195340020638,-2.234640600545221,25.023178695624267,0.0,27.909067669858292,0.02550700492449954,1,0
2026-01-03 23:52:00,27.358206280336205,-2.0763013710503486,24.99099093704436,0.0,27.8481869064381,0.03857322578539318,1,0
2026-01-03 23:53:00,27.40072457448337,-1.5698666212991097,25.903118251609385,0.21738605313883907,28.001422368119222,0.051256518287889866,1,0
2026-01-03 23:54:00,27.357413803871335,-2.2940682429884798,26.9747731185587,0.0,28.130634215279468,0.05900021830288794,1,0
2026-01-03 23:55:00,27.359273151269978,-2.214287921050244,25.986802114250796,0.0,28.057259046337357,0.047945028364242775,1,0
2026-01-03 23:56:00,27.485296799585928,-1.4581847179229808,25.426398160404702,0.0,27.938620243827202,0.022540937052804206,1,0
2026-01-03 23:57:00,27.283610333116812,-1.8462479019796103,25.54732514144479,0.0,27.915208378746204,0.03543409405904865,1,0
2026-01-03 23:58:00,27.216860294311008,-1.614296651486843,25.64841324896403,0.30997832522862345,27.90953603221859,0.02903927216029905,1,0
2026-01-03 23:59:00,27.937998752065575,-1.6838015973084612,27.07996303001212,0.02116145675052323,28.239954054826583,0.012230172091571328,1,0
2026-01-04 00:00:00,28.071145660119377,1.787632906697114,24.51596142903105,4.52053596228973,28.00816747558112,0.022918745812543734,0,0
2026-01-04 00:01:00,28.224307633649264,1.7025100741084485,23.825662771181534,5.140071553410078,28.02397011283466,0.05736076839053042,0,1
2026-01-04 00:02:00,27.943337320116374,2.139755893205362,23.711895102114,5.0550769846935735,27.746664444891035,0.03663090862490727,0,0
2026-01-04 00:03:00,28.239779438097436,2.279586890520126,23.836157934746293,4.3061557968491355,27.85828736987276,0.06206861657568815,0,0
2026-01-04 00:04:00,28.057070559048732,2.2759389959915928,23.96426928514019,4.888293325631011,27.994698774175585,0.005515025609344446,0,0
2026-01-04 00:05:00,28.151611542267045,1.5047919783872885,23.320842739104645,4.549723123645198,27.940220551651855,0.018131964116430345,0,0
2026-01-04 00:06:00,28.425535744185996,2.3990766813220423,23.01117156104745,4.540496772519941,28.01596696962636,0.032474652926404335,0,0
2026-01-04 00:07:00,28.328507663515996,1.8390377080058862,24.31666832499714,5.454330131459378,28.014385464521826,0.038362441470423586,0,0
2026-01-04 00:08:00,28.351928438470527,1.7212114043409328,23.601732422284996,4.8434949859581256,28.072054269642443,0.022897886456997127,0,0
2026-01-04 00:09:00,27.936806188076957,1.9464601444334058,33.43379520553668,4.723861529020119,27.77570060302326,0.03940901536207857,0,1
2026-01-04 00:10:00,28.592204756367842,2.315870615727338,24.723550406091295,4.829732928853467,27.867372570011756,0.0392732451714659,0,0
2026-01-04 00:11:00,28.052890550845326,2.2322928940704667,23.928336383895534,5.105984091990253,27.988046520646645,1.7387702616396272e-05,0,0
2026-01-04 00:12:00,28.548353542326538,1.9707154447680926,23.807704613886035,4.554438433416294,27.922311615002,0.03856194834981762,0,0
2026-01-04 00:13:00,28.4627847022987,2.3689868171696444,25.789854327449827,4.614202510695649,27.96276668970273,0.04431875880475738,0,0
2026-01-04 00:14:00,28.388424774822706,2.1391143536600694,23.687711959659392,5.029835010351214,28.0130832905612,0.03033079113957149,0,0
2026-01-04 00:15:00,28.136102739436495,1.9025688783857766,22.772679886459308,4.26926374832837,27.910608035541824,0.008119303514500041,0,0
2026-01-04 00:16:00,28.322671639629487,1.866765567169232,23.33262198840116,5.146770144318252,28.023072414711198,0.24931668970134208,0,1
2026-01-04 00:17:00,28.215888868708657,2.2680965446459407,24.60922920452698,4.238187092811754,28.065278143761372,0.03288292421758309,0,0
2026-01-04 00:18:00,26.503713594565287,2.1039885731678427,22.61085728823758,4.713981616998606,28.00780948817176,0.009417316661192623,0,1
2026-01-04 00:19:00,28.26584205892322,1.6581767005018266,22.983932500369907,4.240408494391431,28.08648733351794,0.04152954131988021,0,0
2026-01-04 00:20:00,27.948751878560543,2.4411892361286,24.27918900646534,4.43031191832298,27.739247033958506,0.03813262423264546,0,0
2026-01-04 00:21:00,28.52236465632182,1.9799864033603474,23.308748982487383,5.254183400511733,27.929675805674787,0.027420760183904762,0,0
2026-01-04 00:22:00,28.31043921850373,2.7070286662527616,23.416062659233447,5.165560255842152,28.107079709068433,0.02531392242954726,0,0
2026-01-04 00:23:00,28.24221709215055,1.658740294652535,24.23910594198898,5.202962804922336,27.89627763124354,0.028471954738180403,0,0
2026-01-04 00:24:00,28.232907166676572,2.0848346546423917,22.980640249524324,4.2928541007615575,27.879992912842617,0.2861695898852173,0,1
2026-01-04 00:25:00,28.402410723507437,1.8996905240005428,22.449224149457482,4.432130344629417,27.98484781721136,0.001861225346776376,0,0
2026-01-04 00:26:00,28.180965794756204,1.798205622064529,22.500017983693954,4.918955399090896,27.99792171630681,0.017258075546591686,0,0
2026-01-04 00:27:00,27.93969145846216,1.9624930298378749,36.69962540380749,5.050361121562772,27.93583636845131,0.0263045602155265,0,1
2026-01-04 00:28:00,28.422510127637395,2.744213012261322,23.644102876199405,4.520170210215481,28.221228860138638,0.05053485093015278,0,0
2026-01-04 00:29:00,28.446087196940383,2.1647574757325363,30.324163526593267,4.597377516109627,28.034378890456345,0.03745679105514687,0,1
2026-01-04 00:30:00,28.319950844239223,1.8260110777454535,22.642683697510336,4.404028323879477,27.891654054266194,0.05150172348195596,0,0
2026-01-04 00:31:00,28.1523080491804,1.450143206776171,23.260247813174484,5.380385851703539,27.827259107448068,0.0002891917065164368,0,0
2026-01-04 00:32:00,26.16524801164782,1.4733268725406585,24.22718813245622,4.633765470331269,28.048669185040296,0.01858880925662966,0,1
2026-01-04 00:33:00,28.100822356079224,1.872338588475537,22.856696993574825,4.8109523062644675,27.88881055090293,0.06232944620618016,0,0
2026-01-04 00:34:00,28.181991586418242,1.8213396352121223,22.974201381916604,4.82927561077792,28.258314316289514,0.011626572431772062,0,0
2026-01-04 00:35:00,28.234019043170715,1.9465579162082207,22.601193425616042,5.1869671587158335,28.051353136508606,0.011267301311515055,0,0
2026-01-04 00:36:00,28.523099205693605,1.2104605081498172,23.17401607142234,4.466636702378657,28.0671966365647,0.02010841597747571,0,0
2026-01-04 00:37:00,28.30775713419025,1.9533831842153315,23.66467573343637,5.208891291979153,28.029842460224657,0.06132601138476419,0,0
2026-01-04 00:38:00,28.294037276609913,2.32402046827656,24.90562347400515,0.28260821549759796,28.134588332308816,0.01291256466648911,0,1
2026-01-04 00:39:00,28.72791122090611,2.510352261654006,34.77945836669245,5.2080020902222035,27.7125581566672,0.035034720629332695,0,1
2026-01-04 00:40:00,28.440708645036164,1.2566508983929903,23.38190935053253,4.1996451452133385,27.85560759592218,0.03205661290496248,0,0
2026-01-04 00:41:00,28.43926726425895,1.615985608802247,24.021034856207464,4.763405521846163,28.124096560841856,0.009712798805734987,0,0
2026-01-04 00:42:00,28.31246780702871,1.5737872404451267,23.901996347652517,5.368903027596013,28.180069589420558,0.024717808632310646,0,0
2026-01-04 00:43:00,28.27221462887215,1.8997130849699955,23.00812051073162,5.044039637885979,27.851766156858627,0.015047346525145128,0,0
2026-01-04 00:44:00,27.98633718966035,1.3974944020536966,25.021934483134736,1.3728204880565038,27.781764260074933,0.03720349623932901,0,1
2026-01-04 00:45:00,28.554373295746238,2.388792137054346,23.391605481948307,4.43305470043154,28.020102614442038,0.05630326429649176,0,0
2026-01-04 00:46:00,28.460586095899586,1.7908180992795695,23.572490282677048,4.542819564541075,28.05824949025032,0.018798129930490105,0,0
2026-01-04 00:47:00,28.347311650268352,1.708188213409254,23.79149789242086,5.270538537360905,28.017685885261372,0.01879736764011584,0,0
2026-01-04 00:48:00,28.354313134835763,2.2846807150377537,23.646363687271577,4.965318821939944,27.99284451088666,0.07032090825848156,0,0
2026-01-04 00:49:00,28.51075421958047,1.6979102570348918,24.470903577925537,5.111587236450197,27.777777394167124,0.012192252763411444,0,0
2026-01-04 00:50:00,28.097417582387823,1.820399142110567,22.989234481337924,4.825827834368259,27.954998783309904,0.0008259702939803597,0,0
2026-01-04 00:51:00,28.269887928452402,1.3948627792712593,23.949756921930277,4.70139398059528,26.122613077140137,0.049796294374417946,0,1
2026-01-04 00:52:00,28.17011871540902,1.1560092302559073,23.515979491864837,5.068331570666401,27.934211175818415,0.02408859629583537,0,0
2026-01-04 00:53:00,28.69189877611651,1.4009016864918977,24.088253628365035,4.890773562059589,27.769751388772757,0.030099749902207963,0,0
2026-01-04 00:54:00,28.52880816866672,2.3597167053283203,23.249597036398008,4.740513999619185,28.070168383998976,0.0651671096990416,0,0
2026-01-04 00:55:00,27.172659996337096,-1.8034183314898442,25.154709250692814,0.0,28.10389149779056,0.0002536230290068192,1,0
2026-01-04 00:56:00,27.294416001026825,-1.9470432366717747,25.912538292574013,0.3338679040618515,27.904642652716664,0.021481675584657578,1,0
2026-01-04 00:57:00,27.54061596117132,-2.4018313754819034,25.650942671751356,0.15400920907378438,27.977683407024365,0.002747160827930927,1,0
2026-01-04 00:58:00,27.476743690160813,-1.7568659834180047,24.826575568467664,0.0,27.94037061501928,0.031033302240957045,1,0
2026-01-04 00:59:00,27.320541769260764,-2.565355796404092,26.343317948223362,0.4127384569448178,26.85978505621967,0.015045934092071566,1,1
2026-01-04 01:00:00,27.905941775458288,-2.651578648713379,25.914927161304824,0.08533437467331857,28.059179906272814,0.003887123417540699,1,0
2026-01-04 01:01:00,27.60890584182502,-2.310188409213279,25.351182276366085,0.09218959368327691,28.062078274234857,0.03818099419572259,1,0
2026-01-04 01:02:00,27.634693701175262,-1.4404425299118657,25.07649125173073,0.30936345168569235,28.128972548552504,0.3650397187738603,1,1
2026-01-04 01:03:00,27.421060368125694,-1.468606799365888,25.660445509132078,0.2340473171068546,28.12647148240273,0.002470627446894188,1,0
2026-01-04 01:04:00,27.67185128214125,-2.2975364290842886,25.86936721524674,0.10278606769579574,27.979383268813418,0.0035734660556665902,1,0
2026-01-04 01:05:00,27.46941010278465,-2.3806523699235673,24.292821276774497,0.0,28.341052532333535,0.028740547570043375,1,0
2026-01-04 01:06:00,27.48276429731858,-2.722209377574817,25.673469077499664,0.6942824539820852,28.185994234939454,0.005073928967203253,1,0
2026-01-04 01:07:00,27.639461516829503,-2.1224760355246532,25.86927137247777,0.0,27.92102320761895,0.02909471683069499,1,0
2026-01-04 01:08:00,27.231818944971767,-2.093082326260842,23.767931441393905,0.261090143647928,28.015191854391066,0.049112023312677194,1,0
2026-01-04 01:09:00,27.80790852391777,-1.8717379744099771,25.554311993139574,0.0,27.761702400490353,0.037007085308564766,1,0
2026-01-04 01:10:00,27.548531828393873,-1.8259350838904655,25.905710418275348,0.15914976961210986,28.003270915939233,0.0137801482364932,1,0
2026-01-04 01:11:00,27.7413890231391,-2.2087011753792245,25.82877426236251,0.4316981614295955,28.200843371507904,0.029938124888576452,1,0
2026-01-04 01:12:00,27.31222578922126,-1.9382600245374535,25.986718912421566,0.0,28.33375653644419,0.002471628594577689,1,0
2026-01-04 01:13:00,27.334485000299658,-2.369737952844667,25.198723825521988,0.21064271974678248,27.98544657611625,0.027453109372639305,1,0
2026-01-04 01:14:00,27.286243427674012,-1.9266130295284718,24.703270589521036,0.09294504817842045,28.04018588620396,0.019116708561979386,1,0
2026-01-04 01:15:00,27.53505358107967,-2.280640118689151,24.17473749052273,0.0,28.072637443467926,0.006291674631394881,1,0
2026-01-04 01:16:00,27.49638187564674,-1.9293526698058363,37.21839761155054,0.44033464955172275,28.237564428582807,0.036226900647300726,1,1
2026-01-04 01:17:00,27.395312678960423,-1.9433282999124855,25.933915406911343,0.2489157284858617,27.882043079440294,0.0105945307572511,1,0
2026-01-04 01:18:00,27.290680141034297,-2.0360194199238246,26.263568283660817,0.0,28.318661565846323,0.00365537008379134,1,0
2026-01-04 01:19:00,25.462861166632234,-1.7650415283048821,24.94205004958779,0.38625782203332787,27.96195137358787,0.005819539188636102,1,1
2026-01-04 01:20:00,27.452836523713902,-2.5746153383665336,26.016523327913085,0.0,27.859581527329535,0.015913463983282354,1,0
2026-01-04 01:21:00,27.371817438661544,-2.378445514679697,24.406315198136024,0.0,27.962168655529304,0.04838807442640175,1,0
2026-01-04 01:22:00,27.326205465422575,-2.0799926282252,24.854064919420978,0.0,27.902847399316435,0.03857667765410788,1,0
2026-01-04 01:23:00,27.722022048711633,-2.469457232660739,25.555576808136223,0.26295919615699676,28.050310682995015,0.026895617131678245,1,0
2026-01-04 01:24:00,27.422605482272505,-2.0847604051706883,25.93648350417622,0.0,27.80171270348393,0.02604695346360173,1,0
2026-01-04 01:25:00,27.659864400086896,-2.050827653441135,26.65255457905084,0.2654690909363654,28.01699680456731,0.024788375123335794,1,0
2026-01-04 01:26:00,27.32906576528993,-1.4380837492026122,25.31437022670321,0.20806104990616217,28.079676272722374,0.049692849099252145,1,0
2026-01-04 01:27:00,27.462874854471938,-1.8228822959842061,24.881720162645195,0.0,28.17794007910115,0.007682392902704199,1,0
2026-01-04 01:28:00,27.402570482347805,-1.488410233713684,24.85123049563499,0.6404011570097059,28.081672730514356,0.038888044689178204,1,0
2026-01-04 01:29:00,27.10070989369319,-1.7188286142270577,25.0173912707295,0.0,28.1705529374798,0.01585250503209032,1,0
2026-01-04 01:30:00,28.457100895127507,1.6125164550687654,25.05940899981996,4.306845069880134,27.927319879275014,0.03405382572933547,0,1
2026-01-04 01:31:00,28.169390441327717,1.871215648521715,24.040465730071112,5.099634697834041,28.0473028307493,0.034139967333713286,0,0
2026-01-04 01:32:00,28.32179911425999,2.104009802212279,24.29554672868733,4.047707220724389,27.73249276066467,0.03819840895563012,0,0
2026-01-04 01:33:00,28.045819706568743,2.290459556041118,23.355759995279172,5.322135889215724,27.98632144493769,0.053505654965969554,0,0
2026-01-04 01:34:00,28.145276853142832,1.8501645525089003,23.528325573242427,4.835613856784228,28.046410153889152,0.00032136206044144217,0,0
2026-01-04 01:35:00,28.012709903233752,1.34307832481544,24.025547806122717,4.300555223818167,28.05726790511213,0.04309800462895716,0,0
2026-01-04 01:36:00,28.385055622550215,1.3411270349788547,23.188738740816863,4.46803742413292,25.930284818527777,0.023850612335882558,0,1
2026-01-04 01:37:00,28.212507741333184,1.8500706334341448,23.34576872050521,4.228068963569745,27.95318009069192,0.01670459272042291,0,0
2026-01-04 01:38:00,28.2164549107555,1.167206217079828,23.084427656802294,4.93400903344624,27.9699087398971,0.0616077181786787,0,0
2026-01-04 01:39:00,28.388850087491406,2.634011401310256,23.250661180195856,4.33558004015271,27.94851098844108,0.03763440231011284,0,0
2026-01-04 01:40:00,28.346577807643204,2.2339022943801976,23.60552431070011,4.975731160743582,28.087000701596747,0.017490317897286004,0,0
2026-01-04 01:41:00,28.27033246968967,1.8206469763366036,32.142483925217796,4.693311546991249,27.973980707848195,0.04223162187603334,0,1
2026-01-04 01:42:00,27.870876481779614,1.671724031014003,23.78652979627518,4.633622550925767,28.01191923527183,0.024170947449422428,0,0
2026-01-04 01:43:00,27.995870952064962,2.435645447353987,23.793321364494513,4.9782710884015575,27.94124564808774,0.017208072689362423,0,0
2026-01-04 01:44:00,27.934795254216496,1.7003901459164108,23.476552774211765,5.018228965369832,28.12777893302081,0.01409043202328827,0,0
2026-01-04 01:45:00,28.240956064852643,1.7467295240641856,23.03085940729316,5.201031005215909,28.136708102357776,0.37172765537362695,0,1
2026-01-04 01:46:00,28.13533188195303,1.8464968371953678,23.691750450908337,4.578177582319284,27.962998990667327,0.013950304261912887,0,0
2026-01-04 01:47:00,27.849053039321756,2.164444944199392,23.273177367421123,4.789566688068674,28.34207070798427,0.02779772004490208,0,0
2026-01-04 01:48:00,28.060224696245335,2.3501488844048906,23.66769864162394,4.577635503614006,27.908022664272035,0.04096628579417261,0,0
2026-01-04 01:49:00,27.820240714012005,2.5570387858920793,24.41238069545868,4.857045616441378,28.12086362966563,0.026989200119873172,0,0
2026-01-04 01:50:00,28.074730062403866,2.510422668185618,22.775377350973805,4.5275986101554535,27.885879919049515,0.06057701906474739,0,0
2026-01-04 01:51:00,27.78158944013771,2.1483534616110553,25.182753673712764,4.651566144324819,28.092762909791546,0.025237712165943334,0,0
2026-01-04 01:52:00,28.17015044212661,2.5069694802714007,23.61955696693887,4.653349821580128,28.08340047921597,0.04928269446443257,0,0
2026-01-04 01:53:00,28.138552108625174,1.9149369245649572,23.967752231767545,4.902676330409523,27.878591425917783,0.04257331751474623,0,0
2026-01-04 01:54:00,28.409664660216507,1.5107795583172086,23.161810507736725,4.801034238532102,27.98432764425933,0.052455422359836926,0,0
2026-01-04 01:55:00,28.214729192348106,1.909786838455596,24.497682594515595,4.977205562019052,28.224128733563745,0.06049787341849187,0,0
2026-01-04 01:56:00,27.982033498302737,1.8574123241998988,23.619721544007835,4.762551196248928,27.902283811570225,0.0067040660350387166,0,0
2026-01-04 01:57:00,28.20162955780192,1.9116743055735914,23.441427938210364,4.597086566616686,28.048223918454156,0.029772957319300228,0,0
2026-01-04 01:58:00,27.79919373836996,1.7887331938637125,23.324224518328364,4.866949014040116,28.0402580663542,0.02298636412723096,0,0
2026-01-04 01:59:00,27.874106274029245,1.9531895640518055,23.549036945553482,0.9086632149915996,27.994926045451784,0.02700579513339144,0,1
2026-01-04 02:00:00,28.10408108309232,2.3201149162572996,24.03984130954548,4.999205235522774,27.792264353495096,0.01784680096888359,0,0
2026-01-04 02:01:00,27.652584493990766,2.690503136326167,23.878101394508274,4.700087184212306,28.0994350041176,0.015217781490667005,0,0
2026-01-04 02:02:00,28.03152813037805,1.4719324977716948,23.739485132645125,4.871581793394837,28.00139395382421,0.00520741956217741,0,0
2026-01-04 02:03:00,27.851914425043013,1.609393569501826,23.279760676106875,4.8770084017308415,28.132461480724327,0.026752899044624776,0,0
2026-01-04 02:04:00,28.051342176105564,1.7661242391057859,23.249817010526126,5.360540919534938,28.027810972624337,0.0418122778610554,0,0
2026-01-04 02:05:00,27.836862783810027,2.292985320493089,23.476221613470628,4.933554295546973,28.00773630779163,0.016113482866606264,0,0
2026-01-04 02:06:00,28.105174491808807,1.9339932332618035,24.131732501092728,4.82562663357442,28.044704923916484,0.019086864745142346,0,0
2026-01-04 02:07:00,28.030451830991232,1.7320335143953567,24.28393633863991,4.557670213048841,27.88149630226678,0.01243469090964217,0,0
2026-01-04 02:08:00,28.27741263430896,2.215171599671959,24.389207610364544,5.080834804225677,28.186972747272243,0.007101689336290174,0,0
2026-01-04 02:09:00,28.025145648006205,2.277094418296216,23.841277693159565,4.7054280678556175,27.95495027886586,0.02074941271879257,0,0
2026-01-04 02:10:00,27.884378899564737,1.913141064365707,24.121929581120757,4.266081948925742,27.95649261588729,0.03117789679648085,0,0
2026-01-04 02:11:00,27.977312293577608,1.6107963452187495,23.746754532817466,4.731719122208534,28.155075558070234,0.04763223040786723,0,0
2026-01-04 02:12:00,27.7790235073707,1.9673669403186091,22.656395562310703,4.867021428028875,28.029681063460806,0.003542143129855152,0,0
2026-01-04 02:13:00,28.09354317680021,1.767066712377627,23.736288069185413,4.51352300582156,27.971625996184475,0.024453076636440852,0,0
2026-01-04 02:14:00,28.12628269547331,1.7400601304855317,23.636237580841875,4.758636893211593,28.049658411226396,0.04620645949257468,0,0
2026-01-04 02:15:00,28.464455286604707,1.6206599234893528,23.183258882422766,4.774981007172814,28.075118089435193,0.0037809169787160236,0,0
2026-01-04 02:16:00,27.90817917282777,2.0993293707522795,23.525131984015616,4.780432237003463,27.985799244790755,0.04780629608958546,0,0
2026-01-04 02:17:00,27.9722354476917,1.8387474938783634,24.028680502844026,5.232124654400409,28.11067961020177,0.017098830784447377,0,0
2026-01-04 02:18:00,27.91734952443483,2.08972621687516,23.152741728221105,4.340954748585351,27.847533475640706,0.037804092205017154,0,0
2026-01-04 02:19:00,28.059932213830137,2.171241076381396,23.46045009430581,5.511830860714947,28.03141717468659,0.02107480187343137,0,0
2026-01-04 02:20:00,28.091438900664134,1.8409362189393383,25.053602369375017,4.788507637933077,28.096032362098764,0.03325747366663112,0,0
2026-01-04 02:21:00,28.01432595987078,1.480375184713662,22.86033124650192,5.003073931883361,28.0746154125941,0.05396272226241072,0,0
2026-01-04 02:22:00,28.220885434307466,1.999799134301855,23.86623464159139,4.844742693288249,27.7310740650791,0.022814546059651223,0,0
2026-01-04 02:23:00,27.915916584055243,1.7775109033158087,23.190361906266105,4.195891749882183,27.98480889333554,0.0429370011741229,0,0
2026-01-04 02:24:00,28.2063211556872,2.5054538835803113,23.493026898205695,4.430197820754944,27.854315570496954,0.02994346853327643,0,0
2026-01-04 02:25:00,27.32778494191393,-1.9164396524171479,25.893226718545737,0.0,28.15429260452044,0.01085164501978207,1,0
2026-01-04 02:26:00,27.230941520596165,-1.7989396160057218,25.352883575067246,0.3478019363409377,27.953119131760406,0.022379430196509308,1,0
2026-01-04 02:27:00,27.178873222288043,-1.958452326963481,26.45855435147147,0.0,28.140964462304776,0.021254120370872872,1,0
2026-01-04 02:28:00,27.675017268237795,-2.110488270916188,27.01529440031976,0.0,27.853954738989685,0.00041256272416506645,1,0
2026-01-04 02:29:00,27.094007876151814,-2.1807401927499086,26.671417690197924,0.057697794097389635,28.046877134087826,0.033262688801807654,1,0
2026-01-04 02:30:00,27.297743399173115,-2.0001235456940534,26.812292174451464,0.1654997567240277,28.000952872246565,0.036843483119517954,1,0
2026-01-04 02:31:00,27.11231191004826,-1.9321664030698589,25.142131958095252,0.15495230689102535,28.331688311206676,0.03962303486576048,1,0
2026-01-04 02:32:00,27.572184971691925,-1.7204785842228283,25.950743069234637,0.0,28.14135132251538,0.410350861920819,1,1
2026-01-04 02:33:00,27.414005680196365,-2.0247720852969886,26.461093248172123,0.0,28.133666112396497,0.04217065766097616,1,0
2026-01-04 02:34:00,27.13605508615938,-2.3016147155954267,26.75679566909224,0.18867087512456143,28.243336929036698,0.014145522482129367,1,0
2026-01-04 02:35:00,27.354379099056203,-2.2590816123639157,27.387428401014432,0.501593379538905,28.034052110951897,0.017976386807242346,1,0
2026-01-04 02:36:00,27.31261916124385,-2.6111105933950087,26.92158197440552,0.0,27.988059248674194,0.04009764387497408,1,0
2026-01-04 02:37:00,27.177526378783586,-1.5683619442063754,26.814020847854746,0.0,27.97437713443171,0.03201474348105584,1,0
2026-01-04 02:38:00,27.411431052418454,-2.3391975541889805,28.043269777308495,0.0,28.039337998920537,0.024679134063558116,1,0
2026-01-04 02:39:00,27.349631461254194,-1.80947850233063,26.280490700206215,0.1379219006846557,27.667585285817108,0.009255027490633002,1,0
2026-01-04 02:40:00,27.32312399875589,-2.0478899134493878,26.02410021734956,0.0,28.000279144925006,0.015447085875571037,1,0
2026-01-04 02:41:00,27.28163538641776,-2.0332973634028075,26.364001635836214,0.49251777453018436,28.027214984456194,0.03549056939291269,1,0
2026-01-04 02:42:00,27.371788463255292,-2.173976537048622,25.612765233974915,0.32373975179150066,27.981297942713457,0.01011525174220837,1,0
2026-01-04 02:43:00,27.340635056443904,-2.400243960117711,26.314135829123202,0.06451832317148803,27.81629109704567,0.017119450170472304,1,0
2026-01-04 02:44:00,27.315251332382527,-2.453565306376898,25.07152248578992,0.0,27.982019609686386,0.03748079303522508,1,0
2026-01-04 02:45:00,27.194617135122233,-1.4981460052428313,25.923217228358236,0.0,27.81595609488863,0.015397353851832763,1,0
2026-01-04 02:46:00,27.620373042035784,-2.050276772801233,26.226740917681276,0.0,28.212850928739606,0.03343367111400372,1,0
2026-01-04 02:47:00,27.132017603775225,-1.6819600525966774,26.98584382188276,0.0,27.96911797606383,0.05338010073183553,1,0
2026-01-04 02:48:00,27.40376192364471,-1.5753832607412508,27.11251523303762,0.06678744515272374,27.75247551361765,0.006764815644070117,1,0
2026-01-04 02:49:00,27.274927479570877,-2.186926855195372,25.67389873492114,0.07400472836233048,27.9752186858116,0.005052677269459273,1,0
2026-01-04 02:50:00,27.65515488270225,-1.876748645315554,27.81535684685377,0.0,28.10744780637847,0.020024842305090152,1,0
2026-01-04 02:51:00,27.181750084312213,-1.9899710668804023,26.47971941154682,0.2816093217214029,28.021129368881777,0.012673598060612563,1,0
2026-01-04 02:52:00,27.21803788883608,-2.390496573537539,26.5576335898852,0.005643297214216202,27.890337271019828,0.024543537873435356,1,0
2026-01-04 02:53:00,27.18188680740493,-2.0292330385415545,36.09930322483861,0.1251744947280138,27.91861021781897,0.03468458639794848,1,1
2026-01-04 02:54:00,27.420799604823912,-1.7367305184928008,25.983100340835236,0.2606892172039835,27.965578330631157,0.15323537423915645,1,1
2026-01-04 02:55:00,27.121594209297598,-2.0943672894177814,27.16580709659049,0.0,27.9472403886397,0.02583253313366544,1,0
2026-01-04 02:56:00,27.288813712770786,-2.010168192916114,26.563576173901414,0.44061699126053677,27.848852063025657,0.04404685662384749,1,0
2026-01-04 02:57:00,26.993759028498047,-1.933447491171201,26.534011107440083,0.0,27.991888270281965,0.03707259300717542,1,0
2026-01-04 02:58:00,27.43071967846911,-1.109675319377493,26.631377414415166,0.5293915292984274,27.839951891856085,0.02173481073137087,1,0
2026-01-04 02:59:00,27.30367941601742,-2.4663318937970002,25.475934342568078,0.0,28.113885381505884,0.03643447530948622,1,0
2026-01-04 03:00:00,27.932149786092264,1.9755751546595413,24.432374012618954,5.303386312425811,28.128532701867954,0.0028210580513831802,0,0
2026-01-04 03:01:00,28.401691601941778,1.7357460887721705,25.49965389258002,4.483605591471354,27.879617507592,0.04414747434718812,0,0
2026-01-04 03:02:00,27.97717612356465,1.624481367360159,25.288338440433513,5.692073450311956,27.914002730429388,0.025399420392338827,0,0
2026-01-04 03:03:00,28.362264987593253,1.7755125942815144,24.453819591456003,4.466858182815566,27.94923998378395,0.00338776905043367,0,0
2026-01-04 03:04:00,28.098863809855004,2.1300547598776425,25.649836822050837,5.169805352159387,27.99621786468231,0.01750050888002566,0,1
2026-01-04 03:05:00,28.51953952000122,2.1732903080711785,23.68770061674437,4.673162021707624,28.030821729211855,0.043675727071586984,0,0
2026-01-04 03:06:00,28.3723432013539,2.007463817928695,23.902671120681344,5.050257834283292,27.223678473510393,0.011182132768309793,0,1
2026-01-04 03:07:00,28.062097324450612,2.346774507734868,25.901171980215924,4.785816226506016,28.052766623376105,0.032390763484231415,0,0
2026-01-04 03:08:00,28.0845398646492,2.4295632907668137,25.014979069152304,4.41806936862305,28.186463866340482,0.040817985440394895,0,0
2026-01-04 03:09:00,26.640819789245768,2.291456417985074,24.421920883889207,3.821109444940652,28.007243687878184,0.025439884921089808,0,1
2026-01-04 03:10:00,28.21433556227079,1.8338083054887586,24.599143560696056,5.677654153667512,27.843702218271517,0.009437323498033863,0,0
2026-01-04 03:11:00,28.236947535551018,2.2161849718851547,24.086927540564076,4.825558478965254,27.806898227819232,0.023849743551046926,0,0
2026-01-04 03:12:00,28.502215590872616,2.2348209196155753,24.858862969298038,3.76976447272343,28.19629442499785,0.00036906482048246897,0,0
2026-01-04 03:13:00,24.93356923753949,1.790332761986051,24.817072794132397,4.905913012262717,28.061158704214,0.016204199755999005,0,1
2026-01-04 03:14:00,28.300937760293042,1.5408595374752685,24.70644466177668,5.041355329785439,28.024774279775716,0.005069873308344339,0,0
2026-01-04 03:15:00,28.461833002857414,1.3951374238434555,23.89429009539653,4.549721725770101,28.053881373541145,0.024155630294194583,0,0
2026-01-04 03:16:00,28.441026615471383,2.13902733774396,24.905010256314085,4.552075911733738,28.019232270985846,0.0021523711103882785,0,0
2026-01-04 03:17:00,28.271924442471015,2.228828249301797,24.362549818218838,4.793055353536006,28.051982668374112,0.02650154411634752,0,0
2026-01-04 03:18:00,28.253798286859162,1.7192462285249537,24.056513754701886,5.220907980766761,27.955289389773146,0.045391662107293826,0,0
2026-01-04 03:19:00,27.99783228230485,2.5057148205895725,25.646868640802246,4.834986041938059,28.126623590756495,0.04652196767612154,0,0
2026-01-04 03:20:00,28.125577671063837,2.1979590658080155,26.292363826366017,5.31212885651987,27.937016170649276,0.002582027273057081,0,0
2026-01-04 03:21:00,28.377748169928044,2.6203910785992686,26.146759747092634,5.195926710385584,27.89160554580107,0.013010247512949727,0,0
2026-01-04 03:22:00,28.300219712673016,2.27947434395094,25.255333063702658,4.719925329007771,27.797098643215193,0.040349774847783265,0,0
2026-01-04 03:23:00,28.342968038202876,1.7765700392989814,24.627611633361536,4.2503166842823905,27.97147303492167,0.03767278495815132,0,0
2026-01-04 03:24:00,28.520831718320057,2.308481088030449,24.7774968319115,4.720665206421276,28.15210030736832,0.013926376664532194,0,0
2026-01-04 03:25:00,28.124169840130204,2.3792214567595105,25.123840278236035,4.984268840138257,27.945117982901387,0.016243547547984318,0,0
2026-01-04 03:26:00,28.29932948124733,1.947935249136149,24.5588645440651,4.820962716732814,27.834574255001947,0.026480765594822046,0,0
2026-01-04 03:27:00,28.379591032401507,1.6281372316448492,25.78926854106096,5.022048691091953,28.034179370676387,0.007999265909721984,0,0
2026-01-04 03:28:00,28.222477974296496,2.1596179716056887,23.454097969461998,5.102196991652402,27.921871864447127,0.03445595021977546,0,0
2026-01-04 03:29:00,28.61031453781509,1.7642822938440519,24.68504517879337,4.985800493695559,28.185792051547256,0.044495285389434286,0,0
2026-01-04 03:30:00,28.519430196971562,2.495419573395957,25.465687052400266,4.703635006081686,28.12895173184959,0.01799598911957829,0,0
2026-01-04 03:31:00,28.411154565590582,1.947651312244964,24.3261452519781,4.981959216247204,27.847492624615057,0.0005459422301336246,0,0
2026-01-04 03:32:00,28.684744648612995,2.6794141510350125,24.76240680969644,5.582419481035129,27.979132631773734,0.050427045213990135,0,0
2026-01-04 03:33:00,28.094637032045842,1.3166451552854987,25.35874747065527,4.278542153765145,27.909367438771977,0.02894972587523685,0,0
2026-01-04 03:34:00,28.365502363222998,2.0903088911114516,26.01860151401906,4.970550613412011,27.860739449670266,0.037761273170890716,0,0
2026-01-04 03:35:00,28.435085326149593,2.525263087425764,24.062600423205208,5.4412011497695065,27.99328786098282,0.0012196129844186318,0,0
2026-01-04 03:36:00,28.20657026451022,1.6941183277418232,24.023175201887625,4.388893501370446,28.09818793165748,0.0012853336632284475,0,0
2026-01-04 03:37:00,28.427155722796087,1.9297514150121686,24.331000406211142,5.15038503214607,27.990195125459685,0.03245418173753114,0,0
2026-01-04 03:38:00,28.17546838184786,1.823252546947653,23.929262751327922,5.197151035598319,27.93806184980235,0.043496168353655246,0,0
2026-01-04 03:39:00,28.50036688542145,1.7030391503232347,23.99130940659384,4.2831038457818975,27.73525161805707,0.004673711550138893,0,0
2026-01-04 03:40:00,28.5676756538054,2.005324974553983,24.34906620312559,5.049326600046367,27.920102161632897,0.023167559995857734,0,0
2026-01-04 03:41:00,28.42726826457658,1.4430755141862606,25.905445559475307,4.705039434593605,28.066216571373698,0.0035700113346794383,0,0
2026-01-04 03:42:00,28.045510334454598,1.83393001832065,24.835531749151208,4.778843971221551,27.838967088203372,0.012371905186685855,0,0
2026-01-04 03:43:00,28.205538695236882,2.0293085685256336,25.087846061469282,4.6862658461731055,28.1539074541507,0.020373569223729456,0,0
2026-01-04 03:44:00,28.481538149441807,1.7491319668251253,24.408867113229498,5.259441182002121,27.92996381657839,0.03379849430785825,0,0
2026-01-04 03:45:00,28.383815755832224,1.4499285300049818,25.532885427022094,4.7607576428602005,28.023246378397552,0.012903961848553566,0,0
2026-01-04 03:46:00,27.89496987767879,2.136150123700081,26.414068600890634,4.637840262872278,27.952103301342632,0.04876717345352498,0,0
2026-01-04 03:47:00,28.603270998143053,2.0068793512298706,24.49122225930941,4.643768570330226,27.858841991149397,0.02193011668856224,0,0
2026-01-04 03:48:00,28.403612112291977,1.3628153982574873,26.331319703791742,4.680653515438818,28.052835526569798,0.0482989735079509,0,0
2026-01-04 03:49:00,28.230814812853474,1.2505892777061698,25.390427041981987,4.422162568024312,27.92823847560978,0.03757655256444273,0,0
2026-01-04 03:50:00,28.556357403104194,1.3471194042381829,25.158368227023818,4.634753079850683,27.900036260315414,0.040341405778584444,0,0
2026-01-04 03:51:00,28.254109365808844,1.8484877828439974,25.437782163990935,4.841184368646196,27.714862087277908,0.06136533302503739,0,0
2026-01-04 03:52:00,28.250731849560918,1.7321354676618281,25.442091876740974,4.941533496993879,28.15632241279638,0.010930937285545382,0,0
2026-01-04 03:53:00,28.437530582451423,1.8910572068743743,26.479618667743637,5.221413670244982,28.000737849797076,0.027437981304749292,0,0
2026-01-04 03:54:00,28.691777095596738,1.4801225853799127,25.554615009694974,4.884342614839615,28.13278832650661,0.007167252825501479,0,0
2026-01-04 03:55:00,27.861390363776582,-2.3486326465153198,27.579941408522238,0.0,28.07442308883952,0.023160233059108623,1,0
2026-01-04 03:56:00,27.63164116362476,-1.7215341587155708,26.916711683752606,0.0,28.13277189018103,0.03796170362440156,1,0
2026-01-04 03:57:00,27.647667600968724,-2.2538076686249946,27.80959832685333,0.10307040828231064,27.932302622163665,0.04529205317904619,1,0
2026-01-04 03:58:00,27.704252736109115,-2.0105119442134614,26.562820172641583,0.0,27.835305326571874,0.018119326733562778,1,0
2026-01-04 03:59:00,27.332673505148122,-2.6326368440846486,27.31916888163884,0.0,28.091523145049663,0.003313845472888613,1,0
2026-01-04 04:00:00,27.671831273368554,-2.3025425398375376,29.271300305568136,0.0918853310018342,28.015623849239887,0.02631950831553198,1,0
2026-01-04 04:01:00,27.420515433042322,-1.7612892038751755,25.51008569264168,0.18178617843565548,27.94403603404955,0.00966097666134486,1,0
2026-01-04 04:02:00,27.60655281508329,-2.375210447432824,27.436117864213543,0.09440732844776462,28.089125608929038,0.01459815262125812,1,0
2026-01-04 04:03:00,27.504678886018166,-1.847793443195279,35.38181742402432,0.0,28.036975671406935,0.03709118860571807,1,1
2026-01-04 04:04:00,27.63205943452977,-2.955460397862467,34.237443801222916,0.0,28.076672616896158,0.03374133374022777,1,1
2026-01-04 04:05:00,27.559146623462574,-2.340469794429389,27.15870200741635,0.0,27.877312668303485,0.04001564184694373,1,0
2026-01-04 04:06:00,26.980620619838092,-2.208056789436243,27.37525127030703,0.2968909387939003,28.117313975439547,0.018930063989897418,1,0
2026-01-04 04:07:00,27.56168167216789,-1.5398976832868414,27.144132967141424,0.0,27.999444318880215,0.043161527365323596,1,0
2026-01-04 04:08:00,27.64062603809649,-2.558958797461742,27.485062328984412,0.0,28.130184420582502,0.025258277346388452,1,0
2026-01-04 04:09:00,27.600710611845514,-1.9132350099724145,26.997359268040764,0.40585113852928134,28.116190398455892,0.019885202187460167,1,0
2026-01-04 04:10:00,27.49723629942603,-1.7747565901171942,28.763239540176322,0.0,28.082355759106587,0.005221553414608837,1,0
2026-01-04 04:11:00,27.80640817010609,-2.392124880732093,27.17989891141558,0.012336486332457808,27.986664854662937,0.012618835001393276,1,0
2026-01-04 04:12:00,27.561848508654542,-2.263603162773742,27.763645260687582,0.171907079823308,28.085148306774567,0.003150698921502118,1,0
2026-01-04 04:13:00,27.57943591665949,-2.0749442782642116,26.905064168622367,0.0011264314382222554,28.13329426643546,0.02887832039241974,1,0
2026-01-04 04:14:00,27.68339400849108,-2.633097654722095,28.034923804638765,0.0,28.072807943846016,0.00866464159199435,1,0
2026-01-04 04:15:00,27.555266739945385,-2.2623950154760277,27.903346144958373,0.13667079881235425,28.024311681490847,0.00461474168647882,1,0
2026-01-04 04:16:00,27.322861685686902,-1.6435239360630165,27.691455341361426,0.4642621375438943,28.08542186131754,0.017451243767446212,1,0
2026-01-04 04:17:00,27.0400060719417,-1.8928745799598006,26.686751108038308,0.2752862797999499,27.936915460549542,0.030036040659654394,1,0
2026-01-04 04:18:00,27.38733083339039,-2.114963640236229,26.886973360720923,0.0,28.181678745980328,0.03247124982187456,1,0
2026-01-04 04:19:00,27.604399381473467,-2.0035551030178835,28.601601934068675,0.7445355130509453,27.798180713871737,0.02448033691360864,1,0
2026-01-04 04:20:00,27.398006286143413,-1.8216587854548698,26.894329122654742,0.0,28.004128326497373,0.38152144905519714,1,1
2026-01-04 04:21:00,27.5998351659982,-1.7353812865338245,27.88472544912291,0.0,27.95128504976904,0.2400664688958133,1,1
2026-01-04 04:22:00,27.476385795712705,-2.180216694064303,26.782009390686103,0.27365715773805194,27.923092996800737,0.03641030387509922,1,0
2026-01-04 04:23:00,27.67539783385513,-1.4271627168271697,28.15618402383336,0.1584945078123109,28.036623520019795,0.36961478167450434,1,1
2026-01-04 04:24:00,27.38428509706548,-1.4816359546549058,26.976723979888305,0.02811728683393301,27.86494292730586,0.023626018371482215,1,0
2026-01-04 04:25:00,27.515427340762233,-3.9741103769133046,26.78970582677025,0.0,28.258231863822076,0.04368121460469214,1,1
2026-01-04 04:26:00,27.516110469789176,-2.1915090275820126,26.971880615390614,0.46579985488043574,27.837747347401468,0.039254201722859566,1,0
2026-01-04 04:27:00,27.68910346046179,-2.2298474591559208,27.089288276032182,0.0,27.88584783720975,0.021672425595790478,1,0
2026-01-04 04:28:00,27.10536145013377,-1.9630219141448244,27.76649691501334,0.0,27.874517963484415,0.019112981941099096,1,0
2026-01-04 04:29:00,27.323768419986884,-1.8031469816349104,27.537914371019454,0.43130498249246213,28.02381977397116,0.018972914291335234,1,0
2026-01-04 04:30:00,28.35273289896993,1.181027847054325,24.72870050177364,4.876749747538511,28.12174529272778,0.011382796434744678,0,0
2026-01-04 04:31:00,28.471979456953704,1.9975573625512801,25.48155365809432,5.190252347550789,28.06312082865294,0.04474413474482338,0,0
2026-01-04 04:32:00,28.230656707001632,2.299322377682988,24.706314304779237,5.0003920182095385,28.17668131506088,0.4115242401490348,0,1
2026-01-04 04:33:00,28.128498127015952,2.074535040727026,25.962745187603144,5.63706796117199,27.90072783454897,0.04038311660653037,0,1
2026-01-04 04:34:00,28.311230148188585,1.6598545935544742,26.09641695672859,4.69151040487272,28.079046575503234,0.02574858932344577,0,0
2026-01-04 04:35:00,28.325109809561656,1.6416658610738035,25.50599099749252,4.805632634462427,27.963575603702942,0.05005000694091878,0,0
2026-01-04 04:36:00,28.09783679349269,2.047306145537452,25.717919218797206,5.0519407253859265,28.027368894520787,0.03453072939555139,0,0
2026-01-04 04:37:00,28.21590937498402,1.9106587466066964,26.75909412088435,4.693672699967652,28.133041731149525,0.041418216104250276,0,0
2026-01-04 04:38:00,28.362880183187094,2.1405361534711904,25.426967494807666,5.080923198090602,27.796927561808157,0.014342600182460247,0,0
2026-01-04 04:39:00,28.48465955980191,2.2163273187143413,24.880827570458596,3.7684054269043137,28.23892102762028,0.001862633566050171,0,0
2026-01-04 04:40:00,28.272105266863736,2.407137348503411,25.95159883308112,4.774525860461013,27.98257072022581,0.027655468092291906,0,0
2026-01-04 04:41:00,28.140515814584944,1.64688722953531,24.757493363185564,4.7639526359667395,27.807204699135692,0.009509329571584901,0,0
2026-01-04 04:42:00,28.117053872559534,2.1376673206643435,25.406975693628052,4.751274675279151,27.91685829821027,0.016576847177300416,0,0
2026-01-04 04:43:00,28.221424573872817,1.9485875123758885,25.13893740648623,4.493075568022044,28.01227662784793,0.003590209290531006,0,0
2026-01-04 04:44:00,28.094674007052237,2.055640885016889,25.070645919470394,5.117142993491204,27.91683087430628,0.009886134562101712,0,0
2026-01-04 04:45:00,28.14413528982403,2.4056519897586166,25.390380160290338,4.6234443116798225,27.754252845939096,0.03572247131043023,0,0
2026-01-04 04:46:00,27.914196804822467,2.4551719717726384,26.198718834555997,4.870096040025195,28.011615887416326,0.03453939630204021,0,0
2026-01-04 04:47:00,28.332815572743677,2.613969626732652,26.345947711892165,4.786992726099975,27.913390052376222,0.02208471885329488,0,0
2026-01-04 04:48:00,27.888965403700592,2.281826368332196,26.223339040088483,4.975127472748829,28.07813679426222,0.030760153931785602,0,0
2026-01-04 04:49:00,28.01140081755984,2.1010976274320705,25.81328842001256,5.300836279616361,27.871793516736,0.01526759400032074,0,0
2026-01-04 04:50:00,28.10186501720975,2.056175249246639,25.400114382830196,4.868286349324679,28.271383546182584,0.06867990253243025,0,0
2026-01-04 04:51:00,28.437934129235362,1.5409184125407602,23.932543271202157,5.094488959233522,28.06163548944788,0.030415074588038316,0,0
2026-01-04 04:52:00,27.998878556043962,2.618694055171195,25.842717233922745,4.850704560143855,28.02361533321133,0.014374202127823584,0,0
2026-01-04 04:53:00,27.95063598942617,2.0371223446316993,23.991984711880484,4.622897132125728,28.074774809983573,0.04075659926679254,0,0
2026-01-04 04:54:00,27.967086886293984,2.325146634379915,24.24315047473521,4.750454862204021,27.78141851970234,0.047323349758507396,0,0
2026-01-04 04:55:00,28.360713490408617,2.3823314975641243,25.478158812395062,4.700760166502016,27.940365027221358,0.01106405957714554,0,0
2026-01-04 04:56:00,27.551935605519706,1.7037430760290493,25.778176512813356,4.998856746171837,28.21396249248587,0.000534084194927828,0,0
2026-01-04 04:57:00,27.873884098825766,1.8096985433424355,25.278686685998945,4.837328214794214,27.961584077122563,0.003031830073773157,0,0
2026-01-04 04:58:00,28.54240520458881,2.665971316567802,26.67061877407327,4.522007396103299,27.992460901920964,0.012940790972050859,0,0
2026-01-04 04:59:00,28.153710115920337,2.2162303466939517,25.92034595054963,4.722313207560379,27.944020062138538,0.024023164093602462,0,0
2026-01-04 05:00:00,27.84503813643774,1.8999039088200742,25.42324386651442,4.26592915532337,28.175740967515523,0.004324341391043752,0,0
2026-01-04 05:01:00,28.033524196493936,2.0459416964996238,26.569027613893876,4.7353888839723535,27.970643884012095,0.017471555595986968,0,0
2026-01-04 05:02:00,28.050358893558364,2.4559866804538557,26.69479776319951,4.800457053766487,27.849779763851494,0.021257126127693954,0,0
2026-01-04 05:03:00,28.187864361887343,2.3871107568241023,25.9584436936439,5.4329568701350786,28.309457814706178,0.030847478542866534,0,0
2026-01-04 05:04:00,28.36421726668604,1.5300018128767805,25.05723278679395,5.2719582212955665,27.834997187200027,0.036012080957411874,0,0
2026-01-04 05:05:00,28.100794630888796,2.5969750086754555,25.21481069828479,4.438073890823765,27.9883143724645,0.03222778269387498,0,0
2026-01-04 05:06:00,27.93164793252454,2.3438766491519054,34.43804103348357,4.870619296766122,27.89898468360821,0.05725911921092373,0,1
2026-01-04 05:07:00,28.16864809430878,1.9321054052120652,25.56996079235127,4.876758609942728,26.503435676476094,0.0446942208166356,0,1
2026-01-04 05:08:00,27.899661283835005,1.5472121918947228,24.864189410893477,4.719346926532324,27.872820106406003,0.028995316683665513,0,0
2026-01-04 05:09:00,27.837932682589887,2.3112608490978643,25.368258313829056,4.741659016291574,27.93520094068971,0.007531222487549689,0,0
2026-01-04 05:10:00,27.705951007505643,2.0864566752671085,25.780249613409712,4.676117589847731,28.1180839902561,0.012841045931291007,0,0
2026-01-04 05:11:00,27.740028636616444,1.3862436422087363,24.20827874088392,5.455447970409157,27.771761653331936,0.0007159795601194355,0,0
2026-01-04 05:12:00,27.85962593073134,1.791541765410785,24.711128082092625,4.654335511298119,28.151296909906534,0.027760206493259332,0,0
2026-01-04 05:13:00,27.808436312767075,2.9428711153134115,25.239652480294705,4.9193280002597435,28.130607768004356,0.03096451902537363,0,0
2026-01-04 05:14:00,28.076492226064012,1.8301903809055053,25.556203283465788,3.914839453194791,28.06108710916098,0.04107243048180709,0,0
2026-01-04 05:15:00,27.804107671351673,1.5403102919825309,25.24560261162925,5.0882489341899495,28.015140457308433,0.029811729307965107,0,0
2026-01-04 05:16:00,27.454249716772107,1.4226114153322391,25.400145016295852,5.214489182538353,28.033196703018824,0.04397179825333436,0,0
2026-01-04 05:17:00,27.832534351527126,2.371524058864278,25.093185881923816,4.431789489814782,28.170809491633218,0.044340982514427474,0,0
2026-01-04 05:18:00,27.936051322243856,2.023946729565975,24.570774649362615,4.620839637469053,27.79050583186248,0.0064942714770222405,0,0
2026-01-04 05:19:00,27.912770839809564,2.196130615335096,25.20869522380794,4.958026232044233,28.087274762780226,0.01567486011370015,0,0
2026-01-04 05:20:00,28.296249046733458,1.7671577992682836,25.431298008350343,4.806811243044356,27.91045936560686,0.024801307696953254,0,0
2026-01-04 05:21:00,27.913495771195866,2.096548907289954,25.360567485098297,4.963229356681728,28.099089702658723,0.01229065575490889,0,0
2026-01-04 05:22:00,28.183912992646178,1.338772816683175,25.65325207908253,4.699465627398831,27.926367958595225,0.020620180456958227,0,0
2026-01-04 05:23:00,28.023556026788548,1.6714351008386512,25.86520575939787,5.4521428854680325,28.08482439539743,0.03042265442622526,0,0
2026-01-04 05:24:00,28.021194976445802,1.6947438919381077,26.04600326503381,4.565590953751347,27.81418175979268,0.022784626168359808,0,0
2026-01-04 05:25:00,27.080486876265887,-1.5411192372339493,27.12195589238352,0.9420511495668754,27.79689118942489,0.02500556767305328,1,0
2026-01-04 05:26:00,25.37534037186157,-1.9315353656114806,26.458862039972754,0.4346733710721976,27.986432459151573,0.008032500629423543,1,1
2026-01-04 05:27:00,27.097844514782796,-2.279029798524757,40.730671303749915,0.29124035058451286,28.172263603150945,0.03411595787275834,1,1
2026-01-04 05:28:00,27.26882144823197,-2.0533779201402185,27.824186108846874,0.0,28.06435413054043,0.03279871046008714,1,0
2026-01-04 05:29:00,27.198544499413128,-2.676907771255348,26.88208735339955,0.3183888342932404,28.063493735526592,0.011274993493468544,1,0
2026-01-04 05:30:00,27.07408239934431,-2.9154479479691378,27.740555707469365,0.21137845073821526,28.10322325762108,0.0017219066100577739,1,0
2026-01-04 05:31:00,27.425892323837946,-1.8236084366668015,28.28940444878191,0.0,27.952362830127104,0.047144405181075974,1,0
2026-01-04 05:32:00,27.327604523343943,-2.2556747093055916,28.747713157149725,0.0,28.07328986327631,0.056467156882266216,1,0
2026-01-04 05:33:00,27.173725648866903,-2.2243658353463953,27.708034436729672,0.125169774245424,27.93043924318805,0.02922477303961653,1,0
2026-01-04 05:34:00,27.284346812817144,-1.8487721664182823,28.26953128284718,0.0,27.96231820948553,0.018489671099257907,1,0
2026-01-04 05:35:00,27.247023946368227,-1.655729078788663,26.67603268385677,0.0,27.977218059220743,0.043833004228918684,1,0
2026-01-04 05:36:00,27.110067562706675,-1.9610118791892397,27.492453001400232,0.3776322180594117,27.934536674851916,0.0334663006608364,1,0
2026-01-04 05:37:00,27.28320815716285,-1.4749612988804488,27.277746177623037,0.0,27.99207393459224,0.021207271899168795,1,0
2026-01-04 05:38:00,27.16317937745205,-1.9738455925366367,27.74656418607596,0.0,27.96945302809227,0.04242534145209018,1,0
2026-01-04 05:39:00,27.109468400443784,-2.042307951125898,28.62895232255885,0.0,27.915080202218952,0.010426602980199132,1,0
2026-01-04 05:40:00,26.992200110808447,-2.060546625677664,27.670232333708103,0.17855924025790476,27.983127794839916,0.012565509101399214,1,0
2026-01-04 05:41:00,27.224631610804426,-2.5895269509433647,26.8329622592362,0.0,28.01863193054744,0.031545371621730406,1,0
2026-01-04 05:42:00,27.396253373312422,-1.7982702687292662,26.598818560647672,0.0,27.8680162852548,0.027056345432681695,1,0
2026-01-04 05:43:00,27.174306593767067,-2.980427456103731,28.628996137622657,0.0,28.05009476924958,0.03647102240468088,1,0
2026-01-04 05:44:00,27.758342097026453,-2.3197664162512353,27.83017573774811,0.0,27.94075838572076,0.046479956583313164,1,0
2026-01-04 05:45:00,27.46942341765749,-2.0950832686258924,27.777594290930786,0.2530671534151319,28.0237844529429,0.0029440837980707867,1,0
2026-01-04 05:46:00,27.550274542577426,-2.3665799635889435,27.21659015814576,0.2593137733364888,27.9201643311998,0.02570113202089106,1,0
2026-01-04 05:47:00,25.4511519012749,-2.23391833683784,27.637819008179612,0.0,28.12605944840024,0.059219447405870144,1,1
2026-01-04 05:48:00,27.6603030997353,-1.4163192407375553,26.75240738752425,0.18666268352057525,28.114733885262286,0.014262033574824117,1,0
2026-01-04 05:49:00,27.190910456160076,-1.6567220696370708,27.707132778966717,0.0,27.87407334732595,0.012134540494434196,1,0
2026-01-04 05:50:00,26.877503644782823,-2.2650153516726546,26.606351622450397,0.47637974057744287,28.062999900388174,0.015337771809558969,1,0
2026-01-04 05:51:00,27.264074331508986,-2.1700731171427017,27.169778932526928,0.0,28.173552586905497,0.026831471175088176,1,0
2026-01-04 05:52:00,27.450864619551496,-2.432423124474769,26.96363028505381,0.0,27.88621855454303,0.035450952658403395,1,0
2026-01-04 05:53:00,27.383727113706698,-1.7175672218729128,25.12572850752467,0.3131383530488406,27.89572547687703,0.035413976018685886,1,0
2026-01-04 05:54:00,27.412160965627002,-2.0297676827201925,27.15523513721552,0.0,28.088207134215317,0.0063330774391282645,1,0
2026-01-04 05:55:00,27.606507128500525,-2.607970314977087,26.760712196688395,0.0,27.84313858295693,0.02484315377129408,1,0
2026-01-04 05:56:00,27.443719205230433,-1.8611988174024374,27.234450764634413,0.11757321528417546,27.906698446900947,0.028987830365116242,1,0
2026-01-04 05:57:00,27.5249892035782,-1.7191264825255816,27.37459539884992,0.0,27.878240171841455,0.025937938200917235,1,0
2026-01-04 05:58:00,27.21832254119256,-1.5116112447247558,28.602469635437394,0.026128751207527175,28.089698115374897,0.005293518999145035,1,0
2026-01-04 05:59:00,27.196547226534662,-1.8500889439123132,27.569604829733983,0.18707394820993087,27.91690842894613,0.026391535451451818,1,0
2026-01-04 06:00:00,28.490540506144406,1.669565093024772,25.581443410141844,4.927422466312074,27.96584759142079,0.010337834543774092,0,0
2026-01-04 06:01:00,28.224444185732924,2.5196074039817877,25.685616446766065,4.590374062138302,27.91020109135361,0.008694334901737447,0,0
2026-01-04 06:02:00,28.10037491225364,1.8510157399708587,25.939942477378505,5.147176187232436,28.137821620085063,0.03726351630362078,0,0
2026-01-04 06:03:00,28.106964114549694,2.124615732845489,25.638530877664767,4.4508764177639195,27.896873564975913,0.02752064553533166,0,0
2026-01-04 06:04:00,28.108208996277924,1.7076341993542588,25.508463546190878,4.581067428667583,27.831087993322082,0.035654114679598885,0,0
2026-01-04 06:05:00,28.103644048191796,2.161175428236528,35.64115045295482,4.7523994975654995,27.826384916718098,0.015379816774579348,0,1
2026-01-04 06:06:00,28.00645749987854,1.4328876777351016,23.59369583279492,4.903413925745147,28.08323915615018,0.03627775566815265,0,0
2026-01-04 06:07:00,27.97347026880825,1.8025914059735488,26.745025353225394,4.686409838575403,28.091903815179663,0.043398307029748465,0,0
2026-01-04 06:08:00,28.21451393606926,1.5625757586824973,26.385725858078118,5.230005414650558,28.149826546894193,0.05657180033963018,0,0
2026-01-04 06:09:00,28.148896402329818,1.7939841756480492,25.415013662695596,4.903350174760403,27.84868320200653,0.03964939323896857,0,0
2026-01-04 06:10:00,28.460852297178413,2.4626401774711635,24.26389730123542,4.826480287294954,27.972254542709056,0.03192621365199171,0,0
2026-01-04 06:11:00,28.320182984402912,1.8288163684043575,26.090111391678192,4.89104765569311,28.29127592891674,0.0001620919514125664,0,0
2026-01-04 06:12:00,28.320969778167683,2.3114903328330225,24.74689950483238,5.056517075836595,27.963722006201323,0.02308254587370254,0,0
2026-01-04 06:13:00,28.145145133062236,2.6068465774823233,25.595933042930703,4.884271212599356,27.93239096404753,0.000607905902681078,0,0
2026-01-04 06:14:00,28.262719766461064,2.0805110906330997,24.313727636476568,4.166669108397821,27.99747883354275,0.010260234344781616,0,0
2026-01-04 06:15:00,28.35498019865366,2.4509273780942507,26.75965121800475,5.181328102410105,28.06359409282587,0.06019104985600639,0,0
2026-01-04 06:16:00,28.42430070071026,2.3004580015532454,24.180908763943737,4.8418863228266344,28.061587986520326,0.006585396797474129,0,0
2026-01-04 06:17:00,28.28375419385143,2.1652672748026136,25.227935823620918,5.039698482527611,27.926268253315374,0.0171666668796552,0,0
2026-01-04 06:18:00,28.500043625691003,2.3954802369642314,23.683192277306023,4.657919765888394,27.9297957652779,0.03963699149967068,0,0
2026-01-04 06:19:00,28.312257141162046,2.783581835693745,25.12883976482585,4.160649208869582,27.964424793019834,0.012884792769623434,0,0
2026-01-04 06:20:00,28.458414251076757,1.9216385941762788,24.84886413392493,4.002381633043982,26.593260375856573,0.0388241348995581,0,1
2026-01-04 06:21:00,28.232270111598545,1.8123623483172693,25.931358349498677,4.46947127372478,27.851828430840996,0.003937659489523043,0,0
2026-01-04 06:22:00,27.998772600700264,1.7935166984773137,24.826230241925128,4.981052982900143,28.216954182236016,0.017333552810635026,0,0
2026-01-04 06:23:00,28.377785781904294,2.4978365788644776,25.909599686129436,5.2542618342374965,27.951169046292918,0.04652586659714166,0,0
2026-01-04 06:24:00,28.46432439995232,2.5433613314738186,24.384149384095625,4.905689928846571,27.9579708192548,0.0012036357703903502,0,0
2026-01-04 06:25:00,28.441450519486775,1.9567197868873971,24.89203635234558,4.431720406719043,27.961709607546087,0.021953212326804174,0,0
2026-01-04 06:26:00,28.41783553470795,1.3919987618928285,24.89435362441308,4.525556549724723,27.990338799958884,0.030243478890930632,0,0
2026-01-04 06:27:00,28.282877405115592,1.896704921730224,25.412795266102698,5.276274084527912,28.052171172343275,0.012053768241151007,0,0
2026-01-04 06:28:00,28.2040124377997,2.3162633113308235,25.311847620284276,4.341226695310457,27.944176983560993,0.029355463741446753,0,0
2026-01-04 06:29:00,28.45195974573604,2.091224817560714,25.547557684149474,5.535620508530027,28.136722423525782,0.02528165849567171,0,0
2026-01-04 06:30:00,28.432645107596887,2.166230602688937,32.33209550792953,5.45661313403862,28.07173790550878,0.034621770488671655,0,1
2026-01-04 06:31:00,28.257968730362716,1.9069926039978093,25.48069470401105,5.54715272445446,27.977092166725093,0.058159514283251945,0,0
2026-01-04 06:32:00,28.56147928238842,2.430734957410772,24.377033096598446,4.933245520619556,27.920051845180428,0.07315379733383537,0,0
2026-01-04 06:33:00,28.2055223897571,2.1802178195312107,25.265380604515897,4.680466313840527,28.130191184319266,0.03333992407740578,0,0
2026-01-04 06:34:00,28.261858885639633,2.2483926449879776,26.106571492528,4.9247211931530375,27.980554937471037,0.023012904435291005,0,0
2026-01-04 06:35:00,28.663701209962962,2.080648652449622,23.79236228355026,5.1180047328681795,27.85086984995752,0.03293653881273055,0,0
2026-01-04 06:36:00,28.52753492172523,2.1892536955661686,25.29811870757087,4.572228432973388,28.12252774279535,0.020819639591965727,0,0
2026-01-04 06:37:00,28.308585430208513,2.145971833344963,25.416942923841713,4.414578866760843,27.912840586190413,0.20380579000014162,0,1
2026-01-04 06:38:00,28.426381758465517,1.6394889271275406,25.953341497751104,4.7006222270892675,28.104220093099993,0.02416137148225065,0,0
2026-01-04 06:39:00,28.403929172146377,2.072929908457824,38.11220784812828,4.5296922778636715,27.69828787957445,0.04447810705392522,0,1
2026-01-04 06:40:00,27.883054899846268,2.1967349103452616,24.975158167464237,5.234310267527626,27.95576049865111,0.0013654483449068895,0,0
2026-01-04 06:41:00,28.21508294146827,2.3007725877041567,25.193104303441608,4.5842496701947395,28.139196232088327,0.007277382099447661,0,0
2026-01-04 06:42:00,28.36986155008662,2.0184065936855236,24.364580731299036,4.83347451330907,28.00061568761155,0.014524866801569931,0,0
2026-01-04 06:43:00,28.315371463266093,1.5108729037799906,24.59452384832487,5.144064182212745,26.661386005966335,0.03170218942141255,0,1
2026-01-04 06:44:00,28.42436881053291,1.5404537004595447,23.918045982996535,5.247944808621043,27.89176831159393,0.06778598680630225,0,0
2026-01-04 06:45:00,28.583306816330623,1.6476981715614725,25.8808393538534,4.872995748649152,27.239465288401178,0.010432309115179441,0,1
2026-01-04 06:46:00,28.32201390762573,1.8418976020373348,25.14185586300033,4.934503682814638,27.132587727783314,0.02664187295539455,0,1
2026-01-04 06:47:00,28.189183665744654,1.7085067792063307,24.172242466489745,4.444053280373783,28.029200087808242,0.025104015974613047,0,0
2026-01-04 06:48:00,28.437487239698278,1.3339246852429723,24.99019700293287,5.158069826423366,28.2447135884988,0.019577573797137197,0,0
2026-01-04 06:49:00,28.319456052331276,1.3081249134537867,25.598469053914922,5.242233134804043,28.156550756410716,0.02414135115849325,0,0
2026-01-04 06:50:00,28.349173965394254,0.9458103286186776,25.468513503699416,4.145376424653308,28.095039201415634,0.016634729613700196,0,0
2026-01-04 06:51:00,28.32354729868453,0.5658259515696642,24.11080186750961,5.417031037187467,28.0965542969086,0.07437359595533069,0,0
2026-01-04 06:52:00,28.77818403473166,1.5895613149907266,22.553010665928642,4.554769186595389,27.890901296563584,0.038494153679628135,0,0
2026-01-04 06:53:00,27.969700338289265,2.4266088888183868,25.00997808034173,5.008120810847346,27.943452509633055,0.01678940552952583,0,0
2026-01-04 06:54:00,28.301290070369248,2.2231479950246396,24.098872236279085,1.8493937058631367,27.81609019140296,0.04630447468319278,0,1
2026-01-04 06:55:00,27.56848064712475,-2.367356657633326,27.141748700230647,0.0,27.847649756514265,0.02962045704245575,1,0
2026-01-04 06:56:00,25.576731672930638,-1.9906642755739352,27.357714636708177,0.0,27.89361594104106,0.026043053658573456,1,1
2026-01-04 06:57:00,27.72640683215876,-2.572703517434648,27.458444059528734,0.0,27.996505050088018,0.021723720692901502,1,0
2026-01-04 06:58:00,27.708169310503386,-2.535042099562687,27.88656648821781,0.18333980372679215,27.852998956322466,0.020499393959798523,1,0
2026-01-04 06:59:00,27.55033473538667,-2.5092785595648923,27.51701916240722,0.0,27.995299577609558,0.0030405277373676577,1,0
2026-01-04 07:00:00,27.507163296719334,-2.182033430879192,27.862550737069558,0.0,27.981516459024828,0.005125915030456639,1,0
2026-01-04 07:01:00,27.53249642714646,-2.178438779778899,27.58948426362556,0.0,27.863892545544267,0.03167331650612648,1,0
2026-01-04 07:02:00,27.5303651654033,-2.0360686593159754,27.636750188151854,0.0,28.183070423743654,0.021542519246298814,1,0
2026-01-04 07:03:00,27.531515913924853,-1.9007440443067998,26.568028618697383,0.0,27.84105691580294,0.04079377149478841,1,0
2026-01-04 07:04:00,27.508002097376185,-2.257511827384901,25.680330984218063,0.16978475795132578,28.134078977651868,0.008981760168031719,1,0
2026-01-04 07:05:00,27.583328876388048,-2.132012023822351,28.306658749619935,0.0,27.72948685337453,0.005237016181618804,1,0
2026-01-04 07:06:00,27.669344240254947,-2.5309170407204684,26.599335804648966,0.34140454485781785,27.98293201437119,0.03897122252851495,1,0
2026-01-04 07:07:00,27.308034337493215,-2.620360747946697,27.401554845718895,0.0,27.856285020035084,0.019683908035165062,1,0
2026-01-04 07:08:00,27.33591900482065,-2.6744271105735917,26.142450723270713,0.0,27.9214654338886,0.040403208496338175,1,0
2026-01-04 07:09:00,27.20571026383756,-1.9208459329840175,27.188568353653643,0.005867900603624167,28.21721853466439,0.025602304846138933,1,0
2026-01-04 07:10:00,27.671653301807947,-2.26295046038516,24.78852567247203,0.4883042261147127,26.35237899700768,0.05879541205365662,1,1
2026-01-04 07:11:00,27.555877258332902,-2.7944955961851417,26.198866982427646,0.0,27.86745414435177,0.03860334227487168,1,0
2026-01-04 07:12:00,27.596749498280545,-2.1549509141425682,26.403469136637728,0.5797284399967004,28.05851630408359,0.032375459618329765,1,0
2026-01-04 07:13:00,27.24334503971931,-2.561601815223505,26.782366936876702,0.3360560381236222,27.95731037007594,0.03939867437093264,1,0
2026-01-04 07:14:00,27.816676129680406,-1.5334453295641761,27.19514852362304,0.0,28.01808558010298,0.020087837154478802,1,0
2026-01-04 07:15:00,27.380406836533837,-2.3056964938799496,25.66503038337654,0.4140589896695397,27.89026545323939,0.004572458389955562,1,0
2026-01-04 07:16:00,27.514781926581488,-1.851636055357578,26.879118246163422,0.0,27.896174028152473,0.03149670553739077,1,0
2026-01-04 07:17:00,27.632696045344144,-1.6946667041776116,27.262030567439904,0.09998743136444131,27.905478303782438,0.05994860598631482,1,0
2026-01-04 07:18:00,27.29555623971035,-2.3943256473120553,28.03174022159164,0.0,28.09581197709541,0.016227962106278547,1,0
2026-01-04 07:19:00,27.36909080228258,-2.0165139385165016,26.87049756532544,0.3382663073598526,27.972780429716117,0.2175466779984694,1,1
2026-01-04 07:20:00,27.49381454522678,-1.8312618979044506,26.040479256042417,0.0,27.874208770773098,0.0026334123250338175,1,0
2026-01-04 07:21:00,27.96996821257114,-1.965283677958839,25.458195420271124,0.0,28.019418336232313,0.024580518022021554,1,0
2026-01-04 07:22:00,27.503817177760425,-1.8590864767231936,27.61519346047283,0.23769858641381858,28.009537542480242,0.026430269299960087,1,0
2026-01-04 07:23:00,27.73269094832147,-2.429685334720771,26.83723847320069,0.36686637452086374,28.06883233576496,0.03844336669533514,1,0
2026-01-04 07:24:00,27.654445270481748,-1.7484451481764491,26.29209169302103,0.0,27.942183852024804,0.028782933026032624,1,0
2026-01-04 07:25:00,27.497498478549065,-2.0898645181244504,25.16000774800043,0.26359838229212795,27.99069141869919,0.0497233357878493,1,0
2026-01-04 07:26:00,27.246995919279293,-1.7741651463865158,25.62849025580552,0.0,28.050601436094805,0.04599520656008273,1,0
2026-01-04 07:27:00,27.60957077333546,-1.5507729958432153,37.7557017490676,0.0,27.878877637020928,0.021459865946444633,1,1
2026-01-04 07:28:00,27.142896303777295,-1.614627607704636,26.50098527984381,0.0,28.106346743447304,0.044699071871142144,1,0
2026-01-04 07:29:00,27.694439431668325,-3.1306138311524494,24.877419011997386,0.2921309916267111,28.00197323538463,0.019369945853696904,1,1
2026-01-04 07:30:00,28.236000955479284,2.024744903664579,24.66926991366994,4.795724092357753,27.867878462428497,0.01627256377658463,0,0
2026-01-04 07:31:00,27.71667785207988,2.0653586346715005,23.11516882932715,4.612750709885332,27.866989323299386,0.21131585462505703,0,1
2026-01-04 07:32:00,28.12615273762033,2.372135991820382,25.147559218952527,4.819417413221853,27.988072172087467,0.04861535076829852,0,0
2026-01-04 07:33:00,28.29889548437795,1.8608513469742347,24.3324679517165,4.807839885555864,27.933972902751513,0.019599546171764525,0,0
2026-01-04 07:34:00,28.13228454468003,1.953858022240778,23.848859246140755,5.017664492102514,28.09055279463509,0.01858707616135366,0,1
2026-01-04 07:35:00,28.297444373998797,2.245930433305619,24.853189343565024,4.235901526451023,27.965589770498337,0.03475718853328533,0,0
2026-01-04 07:36:00,28.009571545464595,1.7707221616592812,24.39441153112412,4.764176465107918,28.036365587665852,0.017187697249958268,0,0
2026-01-04 07:37:00,27.921377231690297,1.4969714315377511,25.061347826978235,4.843497045039533,27.89816546603026,0.01962494956409374,0,0
2026-01-04 07:38:00,28.137525103404375,2.1581023035855793,24.177225713880734,4.32212044265101,27.997240482867394,0.02078770287624046,0,0
2026-01-04 07:39:00,28.150058761124694,1.9336165486867765,24.20512048989942,4.317321152567877,28.15786431347123,0.018942055731707347,0,0
2026-01-04 07:40:00,28.075727191010163,1.6023410692832545,23.89538768922832,4.672352053356163,27.98222460495015,0.07409982207154106,0,0
2026-01-04 07:41:00,28.35348321958073,2.218320104943589,24.266319994863036,4.802983499144544,27.93364430032862,0.054928702954828976,0,0
2026-01-04 07:42:00,27.973750076721323,2.5609972441773245,25.25805458233156,4.8042161087694355,27.89634340599777,0.4108017600725645,0,1
2026-01-04 07:43:00,28.17746300289779,1.5053938725611622,23.704868001672246,4.605278031529864,27.99774753641414,0.029343847486521857,0,0
2026-01-04 07:44:00,28.127729713507996,2.447976898720025,24.497755465438836,4.590932892461506,28.169117772176943,0.04531770203143563,0,0
2026-01-04 07:45:00,27.829791128615508,1.2151352608135602,23.41533227117285,4.661688287482256,27.836368668449317,0.02938588003714056,0,1
2026-01-04 07:46:00,27.867189099377693,1.9744775956411758,22.572460174309057,4.90448261647206,27.994009877643514,0.03968559483114814,0,0
2026-01-04 07:47:00,28.10148926030002,2.7686949183832774,24.151999580560048,5.235617352377661,27.794335371328263,0.03504799417201428,0,0
2026-01-04 07:48:00,28.45081465435101,2.0179563637238007,24.253745949744967,4.022861089744558,27.950749334759028,0.02731020925237788,0,0
2026-01-04 07:49:00,28.19344950058317,2.171081942733942,23.905189786008396,5.018050742455639,28.031532323675528,0.041925623757826554,0,0
2026-01-04 07:50:00,27.77368396173039,2.4116858838250153,22.92288147894755,4.761096918582282,27.810354990388845,0.01743685891428178,0,0
2026-01-04 07:51:00,27.519668639133926,1.5473169334576662,24.171010676546018,4.9840027983845925,27.946622854384067,0.026052159480691693,0,0
2026-01-04 07:52:00,28.20691114005817,2.175019969750598,24.13243402209827,5.214940168041346,28.034862335192013,0.007370127827028079,0,0
2026-01-04 07:53:00,28.053200409011968,2.1722613646431417,23.311970071075546,4.535705873464199,28.01573657096097,0.009448499833393941,0,0
2026-01-04 07:54:00,28.271661805925934,2.799895004015954,22.974863807011467,5.130506637264036,28.040674992066528,0.020524712702311355,0,0
2026-01-04 07:55:00,27.90358277451052,1.712173422705034,23.73391897612893,4.361084997485225,27.883048403600032,0.03321821897189067,0,0
2026-01-04 07:56:00,28.121196313965328,2.006064743439059,24.35601669133674,4.844659731468539,28.034812924452197,0.038167358536553675,0,0
2026-01-04 07:57:00,28.206688164357526,1.807945253915041,24.17909513411739,4.715119130732406,27.92799901281514,0.04453755305847701,0,0
2026-01-04 07:58:00,27.970229782062926,1.7624702178063947,23.25941825747672,4.816197813802586,28.08568352183858,0.0051563218617535975,0,0
2026-01-04 07:59:00,27.970655940050253,2.5091688706773114,23.960517585750914,4.4538380003026745,27.722721839239114,0.0329183606105517,0,0
2026-01-04 08:00:00,28.048662736916512,2.112436917024839,24.47442470631118,0.6275854883046077,27.965246874592946,0.024987204261846266,0,1
2026-01-04 08:01:00,28.13875117566625,1.8957146316449793,23.02143852214996,5.355200542930173,28.011865251379895,0.03827646897676559,0,0
2026-01-04 08:02:00,28.035636950854006,1.8945576983624721,23.875485430166176,4.459850095214267,28.161931846067592,0.013274432459812106,0,0
2026-01-04 08:03:00,28.21088115842104,1.8629712119862043,24.758103111720242,4.866375932582128,28.01041564464715,0.018946693340311002,0,0
2026-01-04 08:04:00,27.94995857210991,1.8772993175679593,22.917086993874506,5.099555592377654,28.022594290201607,0.002962997499956363,0,0
2026-01-04 08:05:00,27.791744191275175,1.5824197928890469,24.607702015011103,4.696140745142093,28.045058827417943,0.0120954373889944,0,0
2026-01-04 08:06:00,28.384665393327246,1.9151694984045433,24.92166965889928,5.27613752254483,28.15037046406584,0.025055768108915952,0,0
2026-01-04 08:07:00,27.918138822153463,1.859749400403366,31.021029699786705,4.649609080503449,27.954172670538863,0.028134263969730604,0,1
2026-01-04 08:08:00,27.923027194201126,1.6990861997338833,23.52728091251093,4.7592968538804215,27.83162788067468,0.005345891019565421,0,0
2026-01-04 08:09:00,28.01208883407492,1.9966240147832772,24.48030000438057,1.563552777292012,27.808654326865064,0.015793885627505,0,1
2026-01-04 08:10:00,28.03482720419552,2.0036683682053424,23.616706920957782,4.8443066249744255,28.079703431225212,0.027885680228376522,0,0
2026-01-04 08:11:00,27.952148691978625,1.7016465495338517,22.08979267311935,4.801058030924639,28.026784839309475,0.05034478139671261,0,0
2026-01-04 08:12:00,28.017847957382887,1.8223221390180229,23.65792881693856,5.022565435695703,27.969238903707165,0.009789772700397254,0,0
2026-01-04 08:13:00,28.013281269296158,2.6042288897513157,24.04659353280598,4.577327885852197,27.9296686646102,0.033821152301458726,0,0
2026-01-04 08:14:00,28.051577130000307,2.566566406321181,24.225718770131028,4.561301531407299,28.021699924604516,0.01489182817495524,0,0
2026-01-04 08:15:00,27.595652257382284,1.4310684334545982,23.08169409451011,4.961872241264993,28.02516678720813,0.01697602456798512,0,0
2026-01-04 08:16:00,28.358667386397975,1.4555285858835632,23.499874787275182,5.289016671526097,28.057579576966017,0.00920371773961821,0,0
2026-01-04 08:17:00,27.993926574517012,1.3804982677167774,24.363299824940007,5.020153586670844,27.866959968347796,0.0062018810813468175,0,0
2026-01-04 08:18:00,28.12549813033417,2.0971997872040635,23.628324446200953,5.446594287013901,27.788283332034876,0.016453726757301747,0,0
2026-01-04 08:19:00,27.773693506150394,1.5640416706125497,22.59119664211477,4.994357614927683,27.890376774555094,0.043864200328350325,0,0
2026-01-04 08:20:00,27.93795455743294,1.7641789350947288,24.5187820396809,4.981752499549029,27.837864536880502,0.011410542065824078,0,0
2026-01-04 08:21:00,27.902916575930238,2.3565807415717837,23.493813752612205,5.037752508234472,27.83164888785933,0.008606729749902491,0,0
2026-01-04 08:22:00,28.28989704688186,1.6320222750162778,24.39893586867669,5.320859764522707,28.188368361926152,0.028764299994516334,0,0
2026-01-04 08:23:00,27.921526445500643,1.861715310133439,22.649790874380795,5.233149523141015,27.727959763184902,0.025093840245523327,0,0
2026-01-04 08:24:00,28.16526422471609,1.7764224239527677,23.533585593329676,4.42029261841193,28.056364565176615,0.023771604731116273,0,0
2026-01-04 08:25:00,27.11377964677736,-2.230851736483878,25.966896522761623,0.28020366066352487,28.1088397857402,0.029571778100210895,1,0
2026-01-04 08:26:00,27.151635497040267,-1.672423823550993,25.54102542116041,0.09287477702947786,28.11849575609077,0.00682760184002907,1,0
2026-01-04 08:27:00,27.191362787888206,-2.3574959721021504,24.766009800984037,0.0,28.03326784207704,0.00881976024852027,1,0
2026-01-04 08:28:00,27.469309194495423,-1.6068458385068907,23.91558219609415,0.0,28.158389163490448,0.04275251042713209,1,0
2026-01-04 08:29:00,26.900895954659973,-2.295770988217458,26.645004746606,0.0,28.214007967710543,0.022373250979408364,1,0
2026-01-04 08:30:00,27.007295987369403,-2.2703975935121896,25.74486602327871,0.0,27.96373227410889,0.035735943319177454,1,0
2026-01-04 08:31:00,26.89683641286767,-2.495548654474081,26.380666806979637,0.0,28.05369660403376,0.047032748763092824,1,0
2026-01-04 08:32:00,27.05502285538303,-2.4480051428841993,26.2067890477393,0.0,28.153095289882557,0.04022337519598341,1,0
2026-01-04 08:33:00,27.108288931797926,-2.28223729351829,25.96747701937159,0.25001943846668495,27.896564885568583,0.00034381872606445776,1,0
2026-01-04 08:34:00,26.967551438614517,-2.990575499465313,25.317861721260577,0.0,27.97061105119469,0.02290302156004222,1,0
2026-01-04 08:35:00,27.129965405847944,-4.067587656727353,25.87889949989914,0.02921191096293283,27.924901411266482,0.04373496663722398,1,1
2026-01-04 08:36:00,26.903585324846052,-2.3258736464134273,26.53225551338106,0.0,28.055317357154507,0.03440942017084819,1,1
2026-01-04 08:37:00,27.08728086566086,-1.8732829049425421,25.58115755609673,0.10456854973979103,27.772228089599842,0.028310942381010906,1,0
2026-01-04 08:38:00,27.491037165301215,-2.001743531031795,26.847965164513045,0.17784738701434807,28.172395237535703,0.004511902700253829,1,0
2026-01-04 08:39:00,27.352202343506,-2.3957557642636496,24.461058902750196,0.0,28.06405558772208,0.013902657604731215,1,0
2026-01-04 08:40:00,27.318042411247475,-2.30517547935334,24.379854214403665,0.0,28.070792940580002,0.026247890122837285,1,0
2026-01-04 08:41:00,27.108680794311137,-2.221719817678912,26.19053608241008,0.0,27.716402301866456,0.0006661823373709033,1,0
2026-01-04 08:42:00,27.017703361959303,-1.6127849866367605,24.92011465455238,0.17822517888624811,27.875183308756075,0.03928544265268877,1,0
2026-01-04 08:43:00,27.09429718377909,-2.4123209872581333,26.91808081219769,0.057402296191863246,28.178856300424286,0.02288309706957798,1,0
2026-01-04 08:44:00,27.296836763596737,-2.3664941489374396,26.41855403234516,0.0,27.978711295549854,0.010633726055413947,1,0
2026-01-04 08:45:00,27.466271820350798,-2.498113344390557,26.588545920253555,0.0,27.79311233046786,0.014801000604629473,1,0
2026-01-04 08:46:00,27.477921253782895,-2.6088769681969284,26.091343577183604,0.11299240240140683,28.02659465894532,0.019846132805801206,1,0
2026-01-04 08:47:00,27.434603418824967,-1.9683524954934262,24.82228422001153,0.1199980222039919,28.081498972466427,0.022662273326661382,1,0
2026-01-04 08:48:00,27.194027168714122,-1.9890845230414722,24.301171290423216,0.0,28.063779085612694,0.050553181037189615,1,0
2026-01-04 08:49:00,27.33698978301785,-1.5941637811682816,26.5048981329381,0.0,27.981951374247263,0.0354122865162404,1,0
2026-01-04 08:50:00,27.28059471879467,-1.6604825106858667,35.531725828277274,0.0,28.136267631227607,0.00042178699666517785,1,1
2026-01-04 08:51:00,27.308162783583455,-1.1667339882162338,26.559068982187956,0.0,27.9157585616956,0.0018111494282813632,1,0
2026-01-04 08:52:00,27.717068297405703,-2.0113272111210034,25.914356364241435,0.7212387787672615,28.06481068387946,0.0201973029836566,1,0
2026-01-04 08:53:00,27.039294016131404,-2.0555003943037464,25.388392703581236,0.0,28.016202117215926,0.02727178500803983,1,0
2026-01-04 08:54:00,27.320334068786792,-2.3974370458732155,25.747513576318116,0.10138285924003257,27.98402963854604,0.0428629208045701,1,0
2026-01-04 08:55:00,27.586858131315257,-1.6759046915472766,25.760262177572876,0.1630742708991022,27.95452039061901,0.05613807965942402,1,0
2026-01-04 08:56:00,27.11108837272115,-1.8549860900297346,25.289517821782905,0.49018350171496705,27.958768912795,0.057116005314459685,1,0
2026-01-04 08:57:00,27.2653103400639,-1.6448258850324766,26.42600150437828,0.0,28.00387040994801,0.017037699375919965,1,0
2026-01-04 08:58:00,27.29221690516388,-2.2474040620694593,26.39898566649466,0.4688767401995848,27.964873504197232,0.04182192426673339,1,0
2026-01-04 08:59:00,27.35352594062383,-1.7013532996511123,25.531120953651985,0.0,28.087968389425278,0.03266131658062461,1,0
2026-01-04 09:00:00,27.912727711270875,1.87181986628387,22.99948795350823,5.6754708303762404,27.935681762050727,0.005365842423590301,0,0
2026-01-04 09:01:00,28.313433400267296,1.873077029773228,24.331147063100875,4.9269107767291525,28.188194919680775,0.008982106918579938,0,0
2026-01-04 09:02:00,28.332487876126308,1.609567517469337,21.998853195274172,4.369874804727196,27.930319777780632,0.0275939468727932,0,0
2026-01-04 09:03:00,28.310322681891407,2.289032718779906,23.72320790569622,4.73099446457499,28.110409693725234,0.001913042064982242,0,0
2026-01-04 09:04:00,28.068383896800412,2.6140807271782385,23.92819500747993,5.267694275064889,28.115586023931545,0.009673729856689954,0,0
2026-01-04 09:05:00,28.246828614321757,1.5310866409598072,22.828827544209467,4.828539404043929,28.019903459840712,0.012673009782022565,0,0
2026-01-04 09:06:00,25.87937032213499,2.194513217934057,24.088677399634342,4.779131107341013,28.009211197628353,0.028937523983546765,0,1
2026-01-04 09:07:00,28.183678542269064,0.9570674940059212,23.38708377839893,5.0516490073536895,27.912523958114896,0.048051181679199195,0,0
2026-01-04 09:08:00,28.637238950937817,2.2194852248004806,23.022262944578127,4.679250808266356,27.937951426042847,0.025229382249516204,0,0
2026-01-04 09:09:00,28.272848226954814,1.3511707225127527,24.077381547477895,4.726243388475972,28.02637403153555,0.015300114758754244,0,0
2026-01-04 09:10:00,28.047808842120926,1.841237091625537,22.642191498640475,4.469363921523957,27.99458372815987,0.01223240473995034,0,0
2026-01-04 09:11:00,28.299889548134367,1.5835717980466533,24.009824683328098,5.4050872733382365,28.141970101118886,0.03325072389398909,0,0
2026-01-04 09:12:00,28.029889329062247,1.9846366656847942,22.013139230421874,4.372086052263364,27.94544922475016,0.02551410723197543,0,0
2026-01-04 09:13:00,28.06308493576933,2.36938155819109,23.600340504500206,4.859313330917221,27.952712264685985,0.015105635552324255,0,0
2026-01-04 09:14:00,28.097102716830676,1.4401035080898061,23.430777620725248,4.967959591828676,27.800232327140332,0.04598965176171407,0,0
2026-01-04 09:15:00,28.210024298604775,1.9772909999940813,23.022212963193965,4.795222108028538,28.07722334364588,0.003565529019852097,0,0
2026-01-04 09:16:00,28.46403988676803,1.9348988471190827,23.67282425889811,4.361148021578562,28.066386258633273,0.012672137424538455,0,0
2026-01-04 09:17:00,28.404766398267764,2.6778813884535277,23.34464830123092,4.450432590301103,28.117249827519185,0.020589499693005678,0,0
2026-01-04 09:18:00,28.399940504497163,2.283986133450901,24.139068519209236,4.982880921424816,28.124012352352324,0.01488069831071248,0,0
2026-01-04 09:19:00,28.11301264375232,1.7275775145509,23.793495039895785,4.527042241991346,28.09467358473421,0.03491357955010929,0,0
2026-01-04 09:20:00,28.21826518576516,1.979729680893633,23.71905656174095,4.074793972129037,28.09973391399617,0.03335044894883485,0,0
2026-01-04 09:21:00,28.369403708383565,2.69271914681383,23.607428052205467,0.717789455341194,28.073208251543253,0.04391746046051456,0,1
2026-01-04 09:22:00,28.211940909312702,2.3998146503275914,23.07373651035958,4.494626617015476,28.091691197922177,0.03404176666681712,0,0
2026-01-04 09:23:00,28.279375204806758,1.8284050776147862,23.19429139633758,5.020926745749588,27.77896459454274,0.02292327463236974,0,0
2026-01-04 09:24:00,28.41321063324132,2.0546079749448154,23.580778646582612,4.7294325456215,27.868025114589173,0.0188832780927873,0,0
2026-01-04 09:25:00,28.27510891714518,2.0623945116114215,23.28732218757908,4.712565685020168,27.848416717044493,0.033194997802845724,0,0
2026-01-04 09:26:00,28.382532661687573,1.9513098296920666,24.18850941303678,4.818283364055976,28.152420761314335,0.02157449012412563,0,0
2026-01-04 09:27:00,28.63231418107101,1.5342955259907174,23.477898213468922,4.401527334478867,27.906044853112935,0.02585009023030324,0,0
2026-01-04 09:28:00,28.318292179242246,1.8873467487118916,23.677822086848938,4.511091419340836,27.925256538238923,0.03417429918753451,0,0
2026-01-04 09:29:00,28.564929463057613,2.6007976732575933,22.43510047829098,4.709026582935867,28.000798871990785,0.02749400544482749,0,0
2026-01-04 09:30:00,28.456571184796523,1.9697083208531447,24.079745214640706,4.3994799763303005,27.850758466345496,0.030554713016977306,0,0
2026-01-04 09:31:00,28.094827007886988,2.0540243797329443,23.015337926805287,5.049836180811575,28.045665373520883,0.010763409606201157,0,0
2026-01-04 09:32:00,28.163398263066416,2.124987740161115,22.695147556467287,4.692417356829168,27.74435317567488,0.04929470100197188,0,0
2026-01-04 09:33:00,28.214390923423082,2.8364501770663417,24.580350646313562,4.292697189422182,27.858701238769118,0.0050798880738674446,0,0
2026-01-04 09:34:00,28.21302280877412,2.0462365996565937,23.91954015949667,4.60433985742384,28.023857942562447,0.032905559172113866,0,0
2026-01-04 09:35:00,28.352892517442235,2.407856537144524,24.11852552598275,4.835420897722668,27.851003652067945,0.016254867724580055,0,0
2026-01-04 09:36:00,28.481826101587853,1.7963617780844507,23.75622752531852,4.6438683412708395,28.155893572436444,0.044482228787968696,0,0
2026-01-04 09:37:00,28.598955620275746,1.8946820013057508,23.37656400412271,4.939935560238491,28.005553532636036,0.040907335209817555,0,0
2026-01-04 09:38:00,28.43012474670019,1.9687085000636773,23.2499032264415,5.000912722329423,28.135848415907397,0.02496310337003309,0,0
2026-01-04 09:39:00,28.295844248042506,1.6714112954292584,23.99502613059836,5.64059509658359,28.042949998102372,0.052984967103101105,0,0
2026-01-04 09:40:00,28.002461971688817,1.8484058269529589,24.246601161642136,5.2027254704762536,27.99856842760692,0.021626814046501876,0,0
2026-01-04 09:41:00,28.390954375948603,2.2072909020706013,23.410463240957686,4.227270379472832,27.88041254140548,0.0408704540077596,0,0
2026-01-04 09:42:00,28.383652576031388,1.5926414954040604,24.91349041580841,4.673918630250464,28.111497549795903,0.01192784488796204,0,0
2026-01-04 09:43:00,28.41248870468378,1.8487417461733164,23.32926977178317,4.706675547643211,28.052950559080635,0.03228952853675606,0,0
2026-01-04 09:44:00,28.759013602450036,2.072471508890037,22.496432251874744,5.0012748228486235,28.25015774830667,0.008215714162825828,0,0
2026-01-04 09:45:00,27.014712736539344,1.511436882915553,22.272179946827137,4.473244875254401,28.099408044150543,0.025350482740653033,0,1
2026-01-04 09:46:00,28.521201314148435,2.158980061604801,22.300972314966565,4.614061742530581,27.95231164284574,0.02407458123268345,0,0
2026-01-04 09:47:00,28.206387645633882,1.7767986325629463,23.198076713096796,4.364455843431737,28.03473058874213,0.04081405847219735,0,0
2026-01-04 09:48:00,28.286674886310873,1.669438011045036,23.330822095338043,4.589206996777972,28.050656557282924,0.012926501072312536,0,0
2026-01-04 09:49:00,28.36117622312635,1.0006751934339748,23.97670317862243,4.602262058461773,28.13955499554814,0.08032030607819783,0,0
2026-01-04 09:50:00,28.237692113220334,1.5495285951313154,23.484664617609738,4.690447965500263,28.15862439524314,0.34241861401355583,0,1
2026-01-04 09:51:00,28.466150182629406,1.7876995205743376,24.10101394752092,4.384720542078085,27.98056296420875,0.0291930850265261,0,0
2026-01-04 09:52:00,28.438896823588504,2.24655570960581,23.54819941626959,5.143709008790312,27.854137470583094,0.030180232514307362,0,0
2026-01-04 09:53:00,28.177131702519052,1.8132894614574475,23.532514904593906,4.965274851991684,27.777539365710616,0.034685689682811105,0,0
2026-01-04 09:54:00,28.58661718057043,1.9884508428200585,23.125219239115633,4.292909579549942,27.86325406483372,0.01572293257766811,0,0
2026-01-04 09:55:00,27.58756053182706,-2.4481622641579683,26.531874574230216,0.009090528708599846,27.928986826507334,0.029351868770456695,1,0
2026-01-04 09:56:00,27.255660287408414,-4.374401731248051,24.470758862258926,0.0,28.180520244338847,0.014839931763968497,1,1
2026-01-04 09:57:00,27.55519646787357,-1.6328394341019776,25.7606014445876,0.46978950410932135,28.182340658662945,0.05871652479300182,1,0
2026-01-04 09:58:00,27.61240009039997,-2.386510506402321,25.429565354962516,0.5649379306048194,28.11521920649859,0.013568064324441693,1,0
2026-01-04 09:59:00,27.734033191773037,-1.752335230253676,26.11113428827899,0.0,28.147647864857436,0.022335625520946263,1,0
2026-01-04 10:00:00,27.495138820118406,-1.8464476387144364,25.556658701138687,0.0,27.91511287172406,0.013059993986138895,1,0
2026-01-04 10:01:00,27.70167754544865,-2.018424639247272,25.58476974988477,0.0,27.81816210735381,0.010595233173279255,1,0
2026-01-04 10:02:00,27.582912320678545,-2.239560267895969,25.399696775267806,0.0,27.87921657443663,0.00021955842195385197,1,0
2026-01-04 10:03:00,27.308913229360726,-2.4780730848036527,26.569393625501128,0.0,27.755821771888744,0.03709720035132477,1,0
2026-01-04 10:04:00,27.287111916422358,-1.5182207512604373,25.603710943753303,0.4796643765922146,27.866325369791742,0.012889272264228792,1,0
2026-01-04 10:05:00,27.7399487763883,-1.9235308323508615,26.988837154316982,0.33446063360817246,27.93928636283495,0.010651297433141953,1,0
2026-01-04 10:06:00,27.74904322069465,-2.0288670197424885,25.80884927378131,0.33985157630693347,28.020004441929075,0.007662957237727228,1,0
2026-01-04 10:07:00,27.587604825533806,-2.294284201327472,25.64184245004551,0.05970239473549689,28.01625487011821,0.03047890735583696,1,0
2026-01-04 10:08:00,27.794265716495023,-2.136531719100191,25.53335385275161,0.0,27.917243604698957,0.025390141164645965,1,0
2026-01-04 10:09:00,27.710633281972083,-2.0904316188893852,26.038664298055902,0.0,28.06827375261009,0.025472648858377557,1,0
2026-01-04 10:10:00,27.638754941049925,-2.0047262238975234,25.240560071911588,0.021252442103350755,27.91954723787146,0.011295511312071797,1,0
2026-01-04 10:11:00,27.34678299758656,-1.8825844032314227,25.76333291721473,0.0,28.001205364076867,0.03283419006402545,1,0
2026-01-04 10:12:00,27.817458520598464,-2.4067348147525855,25.676019391065754,0.10639403269323733,27.866802130946425,0.01307772289695422,1,0
2026-01-04 10:13:00,27.59718898042222,-2.6378232870188256,25.907138129519033,0.2817932324936218,28.130640077445324,0.02626326190127328,1,0
2026-01-04 10:14:00,27.425934488131883,-2.0850796182589812,25.933756799289238,0.1908708871854137,28.002500155052303,0.022484801250121797,1,0
2026-01-04 10:15:00,27.36971139904504,-2.714634959388215,25.979530925965186,0.17681631552141627,28.081459001916087,0.005392726042416234,1,0
2026-01-04 10:16:00,27.530725961973957,-2.2034444986420407,25.774093394944607,0.0,27.854056793545627,0.061518112355000994,1,0
2026-01-04 10:17:00,27.17811617115111,-2.2540202043014714,26.815571199714345,0.4666745288348836,28.02093090054581,0.03534617835760054,1,0
2026-01-04 10:18:00,27.59915378531716,-1.887988821646503,26.022883204549004,0.0,28.068680046962662,0.028243709542509,1,0
2026-01-04 10:19:00,27.295786440169937,-1.349221467240438,27.561171765457438,0.0,27.75473592253976,0.031084646086879504,1,0
2026-01-04 10:20:00,27.52827308538699,-2.705582381756529,25.781894169474555,0.2164902403251259,28.140171640192403,0.0619419428099268,1,0
2026-01-04 10:21:00,27.361731398263018,-1.209760077690916,26.428373215785495,0.12550913409468809,27.85006904990665,0.04546359585958724,1,0
2026-01-04 10:22:00,27.40201935575661,-2.067048048173285,25.25915249996004,0.0,28.02530802585482,0.0312777522446703,1,0
2026-01-04 10:23:00,27.30730216411023,-1.8425820082146602,26.75830814738966,0.0,28.214524350169594,0.01225044671883442,1,0
2026-01-04 10:24:00,27.40840280673465,-2.437549080244829,25.29523968653148,0.10047506784237356,28.114588361480283,0.015090256891768012,1,0
2026-01-04 10:25:00,27.771344990263167,-1.570802000584767,26.117948223845705,0.17879575481932175,27.82120744965949,0.0074586147953308035,1,0
2026-01-04 10:26:00,27.674361891041563,-1.8819576868128378,25.62444046148534,0.0,27.978635787690326,0.018370916736544455,1,0
2026-01-04 10:27:00,27.48262133528736,-1.8942826857021235,26.13675988358245,0.13740742363774178,28.148011570807927,0.03691309066855482,1,0
2026-01-04 10:28:00,27.40800319747225,-2.526795375552061,25.666919306725887,0.0,27.9019869981008,0.03640532016890518,1,0
2026-01-04 10:29:00,27.55823812373117,-1.798585880963845,25.289827492891874,0.2185362400563265,27.956814430946586,0.036090627922551036,1,0
2026-01-04 10:30:00,28.40339467093936,2.0960399133358036,23.66332161961983,4.490655362381539,27.953454113635065,0.3538409887732147,0,1
2026-01-04 10:31:00,28.044350781796194,1.7417172433913342,24.943776113134657,4.828179710271372,28.068404671086693,0.03491878448288175,0,0
2026-01-04 10:32:00,28.173504838552258,2.259680356311485,24.203097543914172,4.769410807696572,27.81556102860031,0.03983531271619146,0,0
2026-01-04 10:33:00,27.85323239528957,2.269282401948186,22.98524180094759,5.206230064768944,28.075133226106903,0.01508516730481934,0,0
2026-01-04 10:34:00,28.377107221674148,1.6720896905766498,24.665734109460345,4.884745510045118,27.925264098531258,0.030479604374526112,0,0
2026-01-04 10:35:00,28.540447694406108,2.4779969007430713,23.286530599294007,4.590314350875819,27.998639559434213,0.062458913736585235,0,1
2026-01-04 10:36:00,28.176990768084956,1.9582110625903122,24.44265940868328,4.92585744694046,27.973015445549095,0.019753638519417513,0,0
2026-01-04 10:37:00,27.773952236309515,1.9817258847508088,24.32133211615748,5.549844633727342,28.071972020896837,0.020392753535641052,0,0
2026-01-04 10:38:00,28.25998556893681,2.0201151703925695,24.377431804576606,5.059043022450392,27.997475181500956,0.010372140664462378,0,0
2026-01-04 10:39:00,27.981640891105677,2.0299853511317547,25.2552323406146,4.779291545193207,28.172852133074752,0.007661707240456256,0,0
2026-01-04 10:40:00,28.01903347470178,1.1044289885598089,23.390022311056704,4.508235460031708,28.11873148746573,0.013581522373719174,0,0
2026-01-04 10:41:00,28.24535456334752,1.9782031902942476,24.409782017738916,4.584227974787299,27.904561276306648,0.002966812339265424,0,0
2026-01-04 10:42:00,28.172607146838644,1.5827194238352318,24.87617418201903,5.03799752257233,28.163835731939454,0.04175539805357538,0,0
2026-01-04 10:43:00,28.033233614017014,2.6450212595378444,23.556439271163555,4.489969099687414,28.03832875061549,0.039013266488861525,0,0
2026-01-04 10:44:00,27.99856610483024,2.64529219749668,23.497145150323476,4.800941066377697,28.02038600155941,0.03117377501761282,0,0
2026-01-04 10:45:00,28.13265048993975,2.4012873076840067,23.830611502137714,5.303166619318794,28.10178508624927,0.047072164959318014,0,0
2026-01-04 10:46:00,28.0309107329858,2.0311143131360967,24.27149998598283,4.852637337558279,27.87506216619344,0.014823165982061058,0,0
2026-01-04 10:47:00,27.899682593326723,1.771709121287082,23.069469528942307,4.422303873045899,27.83446740735938,0.026323909778415828,0,0
2026-01-04 10:48:00,25.838998665319703,1.9027164302568438,24.4554703600799,5.562246748435413,28.00299297602158,0.06449941280491045,0,1
2026-01-04 10:49:00,28.150307606627315,2.8195281714457074,23.096372275704002,5.416856904281068,27.927243779554455,0.035535062246192864,0,0
2026-01-04 10:50:00,28.052239606228888,1.9024136282722854,25.000394570112057,4.975411795432683,28.2488462285888,0.03549032933050618,0,0
2026-01-04 10:51:00,27.82512494317073,1.323624289343773,24.46758371307851,5.24651439396868,27.90828126229422,0.011184219234198604,0,0
2026-01-04 10:52:00,28.252993125164977,2.510344717426571,38.01342310922145,4.706557111602993,28.004829681747573,0.017501663994360254,0,1
2026-01-04 10:53:00,27.57753277728924,2.674962879222946,24.602047133451222,5.053559067182907,28.0230357367549,0.006946781218850794,0,0
2026-01-04 10:54:00,27.98588820350895,2.7288081538871776,23.93362971342738,4.651761068186737,28.147752899153584,0.05525642703913941,0,0
2026-01-04 10:55:00,27.95047627841888,2.5081045150415395,23.601007311535188,4.325604739515766,27.880652677354657,0.003047791665739725,0,0
2026-01-04 10:56:00,28.084830262367646,2.560135391228774,24.34047800091976,5.707172913794237,27.806552152123775,0.04145450149471863,0,0
2026-01-04 10:57:00,28.155476066417002,2.1513967066220445,24.16530339934851,4.307711676681843,28.167332176860363,0.035460181033233236,0,0
2026-01-04 10:58:00,28.253590902427078,1.3978108808762935,25.030050195345037,4.904145345870267,28.00966226609696,0.00386054279950436,0,0
2026-01-04 10:59:00,27.919118465488456,2.1243362807297115,23.56304117163272,1.5686465480589171,28.097169102716027,0.045563331626415,0,1
2026-01-04 11:00:00,28.149700248038826,2.320659361671356,25.641072524441334,4.980601954466331,28.10280366844056,0.020343418928773466,0,0
2026-01-04 11:01:00,28.076316743104055,2.0428186305960825,25.132194962474394,4.768610506832853,28.12360102909188,0.0012240253661207796,0,0
2026-01-04 11:02:00,27.73013998413317,2.0125111222034913,24.110835621775678,4.772262554870163,27.954656383798596,0.031560682257127784,0,0
2026-01-04 11:03:00,28.37765906360247,1.7226593752606771,25.52526680743207,4.848444106686614,27.92212778123565,0.010195294651203122,0,0
2026-01-04 11:04:00,27.77412738327474,1.6925218695154394,23.732129354894067,4.967953968469274,27.760449155686317,0.02131115861095428,0,0
2026-01-04 11:05:00,28.106364837274285,2.66832764355841,24.437793406896365,4.799364273499419,27.880611827703152,0.015896498738049776,0,0
2026-01-04 11:06:00,28.099002617022467,2.661746067760425,23.413944899028433,4.776073598961286,28.007458131012203,0.009175823259195089,0,0
2026-01-04 11:07:00,28.076587515550337,1.9845452465454931,25.613697597696607,4.337611519971219,27.915832450756085,0.0036087436554509134,0,0
2026-01-04 11:08:00,27.936322930481232,2.062848308757591,23.18158108281048,5.504788864394082,27.863091896538272,0.039343022379172254,0,0
2026-01-04 11:09:00,28.172838909073203,1.5990575051135754,23.340121492863386,4.987494702255828,28.006050587146458,0.030847770177457778,0,0
2026-01-04 11:10:00,27.741868459148044,2.1446082476427915,23.91783426813642,4.873117366456454,26.334828402097678,0.029691917077719843,0,1
2026-01-04 11:11:00,28.00990256566521,2.5123502846009336,25.30148454891248,4.581436446981137,27.993278099300117,0.018443910356017796,0,0
2026-01-04 11:12:00,27.919488617054267,1.3375383188055845,25.05799353391888,4.4487350325025545,27.86406164909703,0.025923337473036025,0,0
2026-01-04 11:13:00,27.898524841381164,2.0110697402318687,24.488799123554553,5.1009952568166375,28.152690965669652,0.011751032713707496,0,0
2026-01-04 11:14:00,28.0972842528782,2.0130725507362124,25.130388861736375,4.744048165220412,27.90710590613675,0.01144056495995581,0,0
2026-01-04 11:15:00,28.213946137689543,1.9846622802112412,24.350140821219952,5.017372604600513,28.177524606747777,0.055784305596692646,0,0
2026-01-04 11:16:00,27.958323614005927,2.350571417936518,24.74043139548985,4.3267474532045975,27.96842396833559,0.04092176277997689,0,0
2026-01-04 11:17:00,28.16096106713987,2.463895788923894,25.614749052022347,5.341399195391821,28.01237561290967,0.01489385743849597,0,0
2026-01-04 11:18:00,28.029939378613737,1.645511620958363,24.29972368376938,5.115482102393303,28.187307169071858,0.0019309414449273747,0,0
2026-01-04 11:19:00,27.861059949963675,1.9391377107187826,23.949716521588115,4.771628057532375,27.837820310205096,0.0056195510112486274,0,0
2026-01-04 11:20:00,27.97630322767441,1.7097747468401403,24.82926020002889,4.963668896448017,27.873987367387453,0.013584838286484557,0,0
2026-01-04 11:21:00,27.970025971525423,1.4364018223945767,25.032014659115777,5.059351525837185,27.960814244608414,0.02693867835386589,0,0
2026-01-04 11:22:00,27.899947985019338,1.7304699079333081,24.60495652098936,4.3320568073549355,27.983203851598574,0.027130627025057735,0,0
2026-01-04 11:23:00,28.104099821889154,1.8495530924934762,25.243826120531146,5.387239411985772,28.31704837365411,0.02766975227651981,0,0
2026-01-04 11:24:00,28.071046140853728,1.6702002015935873,24.414387354634282,4.969141349329038,27.89343264136055,0.031015996850772352,0,0
2026-01-04 11:25:00,26.94453838257004,-2.333389086710425,26.65835177819069,0.0,27.843490300641317,0.006309490189406682,1,0
2026-01-04 11:26:00,26.935832227034894,-2.2053766536101342,26.84506190387525,0.0,27.887699812103804,0.05213952714302207,1,0
2026-01-04 11:27:00,27.312005019201365,-2.2196682859782184,26.79778904283203,0.34548420948441655,28.02785596552168,0.021447045147639825,1,0
2026-01-04 11:28:00,27.09146551448313,-2.370659147988089,27.73968802683853,0.07390571902945181,28.059044291623923,0.030307169149559065,1,0
2026-01-04 11:29:00,27.295436841203447,-1.9804242968322734,26.882831398361063,0.16891031602623272,27.915149549034627,0.013188330529308165,1,0
2026-01-04 11:30:00,27.384683111378454,-1.956769657621972,26.425135062475785,0.009332594094697954,28.002524337217615,0.03060680737105576,1,0
2026-01-04 11:31:00,27.01857983195884,-1.7717467558941875,27.021156510796807,0.0,28.23342428068591,0.06238550801953587,1,0
2026-01-04 11:32:00,26.996696531116378,-2.4246821709545956,27.371443736221924,0.17801622647484097,28.004220217823296,0.281243919030741,1,1
2026-01-04 11:33:00,27.55577464384366,-4.029434028328908,27.220865690777522,0.0,28.03851880279032,0.004919303867727487,1,1
2026-01-04 11:34:00,27.32144080528403,-1.595504196020662,27.195690664686882,0.0,28.226678585634833,0.009438364328140813,1,0
2026-01-04 11:35:00,27.186648682037394,-2.2022562659797926,36.15772708732467,0.8319509469969518,27.91623691421814,0.01900321916188055,1,1
2026-01-04 11:36:00,27.09812464993774,-2.137536803140823,24.97492214677762,0.3041741982176481,27.90839095377073,0.015614781524003132,1,0
2026-01-04 11:37:00,27.17863948313573,-2.2110730919451607,27.625892997948696,0.3243677184152739,27.9436381479583,0.0062681066647136165,1,0
2026-01-04 11:38:00,27.060658472816982,-1.7532260029041087,27.053898049388607,0.9521830946031452,27.93665073788703,0.024106078341281034,1,0
2026-01-04 11:39:00,27.43857068219171,-1.7379496251286375,26.745044705095406,0.13460085526304172,27.78147842651861,0.05310053539383647,1,0
2026-01-04 11:40:00,27.14448302260728,-1.7550598783481783,27.259577995327444,0.041897637757259604,28.016559297159525,0.022303261441067142,1,0
2026-01-04 11:41:00,27.48601716032031,-2.1303048402214597,28.13604261188502,0.0,28.02603295627015,0.023264097249469234,1,0
2026-01-04 11:42:00,23.88882612371976,-2.4382223728244563,27.789718945161546,0.0,27.977696974020166,0.031172971124508397,1,1
2026-01-04 11:43:00,27.111542244324145,-1.450689771882638,27.487075589678348,0.0,28.02969650114008,0.03665796593436681,1,0
2026-01-04 11:44:00,27.227880246595532,-1.8148697742702862,26.20603779675188,0.2766481685823012,28.030973060805994,0.04971810353079216,1,0
2026-01-04 11:45:00,26.83764998004974,-2.262939534811898,26.31016513173352,0.0,27.842061763668603,0.029320744976960626,1,0
2026-01-04 11:46:00,27.293756774897215,-1.5918265539637284,25.182554693830536,0.3159575936845141,28.03463679365401,0.02495218446102881,1,0
2026-01-04 11:47:00,27.290471739174535,-2.263266884103042,27.309560930694726,0.0,28.067021449447807,0.007152413685267357,1,0
2026-01-04 11:48:00,27.475241098624988,-1.5663544978010628,27.655146253714783,0.044820550167528,27.80834782423593,0.03831930328781082,1,0
2026-01-04 11:49:00,26.993035926148124,-1.5257308233760791,27.72517769891864,0.0,28.175573922684254,0.009798704691231855,1,0
2026-01-04 11:50:00,27.54757231915681,-2.3474946334786733,27.377738337846885,0.48512605010903814,27.851704443651418,0.009241015494396425,1,0
2026-01-04 11:51:00,27.492084814112083,-1.8021094322450422,26.809910204314857,0.42330482597775004,27.86341142582933,0.02847641575875471,1,0
2026-01-04 11:52:00,27.575753117418692,-1.7117049960951674,26.53551681018382,0.0,28.02423463742326,0.05274745087497051,1,0
2026-01-04 11:53:00,27.346964211111313,-1.0490968271198537,26.365441722021494,0.0,28.064163854893994,0.03807622584926311,1,0
2026-01-04 11:54:00,27.545077325791297,-2.202163216248385,26.841415744676972,0.3233611868662138,28.093320556551486,0.024324407141669148,1,0
2026-01-04 11:55:00,27.103919401736707,-1.418316903216146,26.283878842994056,0.0,28.06731908022502,0.007331385026394181,1,0
2026-01-04 11:56:00,27.503297403564,-1.8904019682242046,28.209995188822035,0.0,27.93763563827716,0.05239803887917457,1,0
2026-01-04 11:57:00,27.242375579433826,-2.3072465560394297,26.08156145055311,0.1744224539707046,28.013027355218323,0.023981563257500196,1,0
2026-01-04 11:58:00,27.090191504889923,-1.8907060947780352,26.867600552861177,0.4264714726311292,27.96199955519843,0.01977628830822112,1,0
2026-01-04 11:59:00,27.19137279732396,-1.8235520994255547,25.662421435980256,0.0,28.02091108443096,0.03499300502895761,1,0
2026-01-04 12:00:00,28.200995604953267,1.429388432409644,25.237517444420533,4.941581190882166,28.00821479915272,0.01693508695469651,0,0
2026-01-04 12:01:00,26.397772232606897,1.9336755324084778,25.040331478873124,4.654514165891805,27.93941096685087,0.011445931315782955,0,1
2026-01-04 12:02:00,28.280249400979184,2.1839438247605285,24.804232274251653,5.052697672040036,27.958333850060445,0.013172309613025495,0,0
2026-01-04 12:03:00,27.89333236348745,1.9561393207079063,24.41293520093862,5.183260390244275,27.777735480963656,0.013124273129508384,0,0
2026-01-04 12:04:00,27.842173600321953,1.7068276432529825,25.079415377868756,4.707997174931291,28.09961560235927,0.0047073927172347485,0,0
2026-01-04 12:05:00,28.47828641012589,1.8677418262215388,24.70828685146693,4.440338894797114,28.03570690083863,0.0026993937149596935,0,0
2026-01-04 12:06:00,25.88806064867426,1.9407676501988187,25.005226258851025,4.290039289085961,27.723198382074084,0.042496536618471886,0,1
2026-01-04 12:07:00,28.054672510743455,2.0403776165934286,26.482764179479595,5.123990951361087,28.095179232248114,0.0370391403498125,0,0
2026-01-04 12:08:00,28.249074788222362,2.3739125092656352,25.244519895164228,4.402201727902261,27.993636662973223,0.010189638525687201,0,0
2026-01-04 12:09:00,28.43913432982373,2.1009037519875022,25.50833701934631,1.2134015585417055,27.887581346036633,0.04099124245620518,0,1
2026-01-04 12:10:00,28.337019735290927,1.5340318433698823,24.821438434545374,5.07209247395488,27.876948978476165,0.03056762991254797,0,0
2026-01-04 12:11:00,28.29410934412789,1.8463180544646025,24.608590624590935,4.62454434250731,27.917413339750283,0.01917171444021849,0,0
2026-01-04 12:12:00,28.47034033038991,2.1182080567309085,25.152652928050003,4.741826202437015,26.971001801875833,0.0029350480962163916,0,1
2026-01-04 12:13:00,28.147378560885812,2.469247333496293,26.932393777795923,5.14966520662737,27.90433743994753,0.031146047753644043,0,0
2026-01-04 12:14:00,28.290117002061095,2.54440940493206,24.989261110993993,4.517132174432834,26.89547653826986,0.05857684983825019,0,0
2026-01-04 12:15:00,28.28678724510737,2.724248760880166,25.454172851078933,4.481600938238066,28.044535119325925,0.025262287713423977,0,0
2026-01-04 12:16:00,28.246288298981188,2.160292955357461,24.631882597163013,4.717963072576825,28.244321238144817,0.04297575357872273,0,0
2026-01-04 12:17:00,28.230489730568998,2.391672560524246,23.293553904447023,5.24726943172673,28.027088633874424,0.021189078525470178,0,0
2026-01-04 12:18:00,28.318917628221772,1.623808243662264,24.67973112182551,5.363755883111261,28.06951188641006,0.041593028817625693,0,0
2026-01-04 12:19:00,28.317012414836014,2.2900620548031183,26.909362758080757,4.765425942845743,27.894315376831873,0.02229619147292066,0,0
2026-01-04 12:20:00,28.126984794087363,1.7683402780429722,25.669775022828894,4.55075743018432,27.979836594106516,0.018295901349854864,0,0
2026-01-04 12:21:00,28.464766772926676,2.126193944864734,26.4116655771315,5.172440115571854,27.990198379463408,0.012008766469498229,0,0
2026-01-04 12:22:00,28.149289169284692,3.2102302255619337,25.029509402326347,4.215746546418833,28.07441109344317,0.02738069396811323,0,0
2026-01-04 12:23:00,28.290199144042464,2.256030772123334,23.63290747230055,4.886663798951831,27.994061970309737,0.044487239550222074,0,0
2026-01-04 12:24:00,28.28061558349632,1.8457480366657808,24.516243624952985,4.784630242506278,28.042159299007853,0.022237006180593842,0,0
2026-01-04 12:25:00,28.402346650040077,2.2874088656395393,25.57978282289447,5.252839745233533,28.037863345247086,0.025536676364558943,0,0
2026-01-04 12:26:00,27.96040322641009,1.9586271888903233,25.477594131749505,5.288256488873431,27.963657079297572,0.014429164756939816,0,0
2026-01-04 12:27:00,28.505986825674796,1.796609341098158,25.31323860236184,4.470115004718454,27.95131707226907,0.05309667722904033,0,0
2026-01-04 12:28:00,28.227368500489717,2.8606131857850534,24.958502210104285,4.858687312416241,27.919720823836606,0.05201241137822182,0,1
2026-01-04 12:29:00,25.20963834305404,2.4879621253980737,25.99648774287486,4.600288480215461,28.129876442683447,0.012827602158261009,0,1
2026-01-04 12:30:00,28.26981488626829,2.2240467100730648,24.996621895252694,4.697335415282641,27.96370820664179,0.002295391893576103,0,0
2026-01-04 12:31:00,28.350138721282484,1.9530249988076238,25.571780340837616,5.0160857210952905,28.03946770053528,0.007529565476321498,0,0
2026-01-04 12:32:00,28.706264415546165,1.9670274447220792,25.501646990873102,4.682787057267824,27.98121338384136,0.035861353475570734,0,0
2026-01-04 12:33:00,28.31451730479281,2.599969342312534,25.115437728159073,4.867873909784809,28.12751408714528,0.02743397665061928,0,0
2026-01-04 12:34:00,28.589886073063244,2.1504325678432528,24.764816447630267,5.135045257847917,27.76142948079732,0.010927698277329022,0,0
2026-01-04 12:35:00,28.376172787143084,0.945993863358207,25.090787633106366,5.330306603328574,28.03635638147161,0.029893150753101717,0,0
2026-01-04 12:36:00,28.445965562385954,2.8530533187829583,26.70950842367732,4.901038050683309,27.849410740035058,0.0028541522141281306,0,0
2026-01-04 12:37:00,28.385619651362944,2.0495435674219187,26.1845993616776,4.841217892464048,28.04688417993616,0.03930861776573499,0,0
2026-01-04 12:38:00,28.527266523463698,2.0844941989822416,26.12792760101278,4.412448444181353,27.982414413837496,0.01811842215461825,0,0
2026-01-04 12:39:00,28.252670877818534,2.3227010097787177,24.87075624930398,5.355029458938752,27.82259666698306,0.005533736736196702,0,0
2026-01-04 12:40:00,28.20013666139874,2.0825980397230452,24.422378226975393,4.973495373739852,28.040516774418005,0.01839373540967614,0,0
2026-01-04 12:41:00,28.26330453810562,2.1578910907368356,26.203639881005195,4.847678793570342,28.026901818359008,0.01777344333652582,0,0
2026-01-04 12:42:00,28.396961808904624,1.7244658782084914,26.076616404127975,4.829767227768842,27.97225346110999,0.03157105063125247,0,0
2026-01-04 12:43:00,28.339814147647708,1.4182822219477833,25.546390042589906,4.9262287157443385,27.98745213070024,0.04598795642385274,0,0
2026-01-04 12:44:00,28.50773982662825,1.922496239326055,25.197824208828056,5.070126671458256,28.019381329899776,0.04505441094542961,0,0
2026-01-04 12:45:00,28.614851705967872,2.3010651282961154,24.439176090083727,5.113442685545707,28.141386424382873,0.027873367318093416,0,0
2026-01-04 12:46:00,28.204239448161136,1.54885433875547,26.077700660143396,5.363780663532312,27.962280775776073,0.021630568257370596,0,0
2026-01-04 12:47:00,28.24745074655626,1.496481016477057,26.307244674171034,4.884940977979415,28.121563834767585,0.014764415780933527,0,0
2026-01-04 12:48:00,28.120490845869973,2.1545876493467606,25.007860866622554,5.413970426742891,27.995505967529777,0.27845334487956985,0,1
2026-01-04 12:49:00,28.74371539071012,1.5434911036646632,24.95552605620527,5.170203147818897,28.155488154942166,0.024654154365393834,0,0
2026-01-04 12:50:00,28.432105905384123,1.5365969799939858,26.36405310521878,4.778954016590684,27.971782999784743,0.009681793669403575,0,0
2026-01-04 12:51:00,28.46243098574137,1.5270416793922925,25.05181144372806,4.2164191950448355,27.920041094022967,0.04693009707149521,0,0
2026-01-04 12:52:00,28.13341572142409,1.6129416096782743,26.752107435382474,4.829946792503944,27.868278819450506,0.021387025642733506,0,0
2026-01-04 12:53:00,28.37281650724766,1.0637549239526654,25.43591880159646,5.345467231711613,27.99594214149411,0.03844754788349637,0,0
2026-01-04 12:54:00,28.46285481012748,1.405506122308063,25.246991732711248,4.528657904453726,27.90481923112446,0.016314767618471226,0,0
2026-01-04 12:55:00,27.523648287445265,-1.9443468566913906,27.554329735326455,0.028861926611893227,28.168538600926354,0.012841315633919723,1,0
2026-01-04 12:56:00,27.760520106290773,-1.9649971519994511,27.25711962264746,0.05782661826262155,27.8954544949888,0.035886224814494355,1,0
2026-01-04 12:57:00,27.980567784991376,-1.6548031205142277,28.320955913862637,0.32974430714092007,27.917197195663817,0.029997411453718193,1,0
2026-01-04 12:58:00,27.391311619456935,-1.4320164859941693,28.15735668718492,0.0,28.069729973082847,0.03079973074656725,1,0
2026-01-04 12:59:00,27.3749548624388,-1.5607939440617236,28.3034825404198,0.0,28.14229503424105,0.02331197340373132,1,0
2026-01-04 13:00:00,27.397888480886053,-1.7829805568986783,27.675325986410513,0.19950075292830705,28.087725444779092,0.03920902158216255,1,0
2026-01-04 13:01:00,27.841764506111126,-2.1666350229732254,27.23090285040545,0.0,28.127042161173648,0.03660591164320143,1,0
2026-01-04 13:02:00,27.73685072012525,-2.34258852358328,27.548029162719697,0.0,27.99037406800754,0.014182762543985504,1,0
2026-01-04 13:03:00,27.521228051784636,-2.1266123293253614,40.803141510741,0.6441301735497525,27.99206498338436,0.020365839857980652,1,1
2026-01-04 13:04:00,27.548422675241365,-1.9346509347760836,28.588537361944674,0.3244607317481433,28.24141094407103,0.043265333969216974,1,0
2026-01-04 13:05:00,27.390910147046004,-1.8570044841682893,28.267033083900515,0.6591857248960156,28.202832245664926,0.006648370158007913,1,0
2026-01-04 13:06:00,27.693970956979705,-1.9300026566483488,27.504728759406092,0.30590446355543754,28.085704283372714,0.005463124775495307,1,0
2026-01-04 13:07:00,27.46109883572142,-2.1921982044383013,26.923447090325343,0.23812772259235834,28.132792784520838,0.022501926819692285,1,0
2026-01-04 13:08:00,27.47822472958072,-1.8743850055118922,28.653582717667685,0.1293374716971251,28.10302391852116,0.03437324546015209,1,0
2026-01-04 13:09:00,27.63002566801986,-1.7067772865996704,27.67351945250368,0.0,27.855283065264327,0.016711335730402475,1,0
2026-01-04 13:10:00,27.481862680888597,-1.8366265791306335,27.489398753663842,0.17923730366678375,27.995241746804556,0.04827303267466788,1,0
2026-01-04 13:11:00,27.468525186729007,-2.150808073503788,28.667777671785398,0.0,28.179612914681766,0.05818519693367543,1,0
2026-01-04 13:12:00,27.50770488240788,-2.424716823080411,27.228390369264005,0.0,28.086440701399432,0.009651395690567992,1,0
2026-01-04 13:13:00,27.643818697107488,-2.4246629493842176,27.36426808828103,0.0,27.992369240731886,0.018088102370830604,1,0
2026-01-04 13:14:00,27.791754221149066,-2.3530040844619755,27.42797630440328,0.45202230197298776,28.1810509360277,0.016073145594999123,1,0
2026-01-04 13:15:00,27.595387521804295,-2.01313257178833,26.669727751296637,0.0,28.04431622895145,0.03689816350054807,1,0
2026-01-04 13:16:00,27.629101441553825,-1.9082318366497935,27.81398719737017,0.0,28.09066955659488,0.012762595899440437,1,0
2026-01-04 13:17:00,27.44293307524383,-2.5708900750427617,27.06080479740451,0.2069582069494878,28.044943773492644,0.016435501243928584,1,0
2026-01-04 13:18:00,27.34580898038328,-2.23649897684434,27.196241757439704,0.0,28.064939471785422,0.045665654907356426,1,0
2026-01-04 13:19:00,27.585146708617184,-1.9579805168037687,27.103769954705513,0.1699232658058127,28.073520300028175,0.0010888633081040135,1,0
2026-01-04 13:20:00,27.492386974226726,-2.3398636319244552,27.18688025895834,0.34645010115780583,28.155960889231974,0.0034321082693547916,1,0
2026-01-04 13:21:00,27.199549902212535,-1.853858384731507,27.011370527455547,0.1615363694902573,28.171594782645418,0.015994560832868224,1,0
2026-01-04 13:22:00,27.39056219183045,-2.09307164430242,27.77226834423863,0.0,27.945869065718124,0.04786949547488448,1,0
2026-01-04 13:23:00,27.428624476981263,-2.2175121420593165,27.49073744347163,0.4490268329850117,28.042661330313813,0.04368794123359991,1,0
2026-01-04 13:24:00,27.345541688282072,-1.923735923719428,27.633518845369878,0.25974293891122874,28.152521070225685,0.019710014688488063,1,0
2026-01-04 13:25:00,27.69796907899763,-1.7824089348113081,29.247651653523622,0.009389748966352309,27.98421287175846,0.002045581587374029,1,0
2026-01-04 13:26:00,27.511422184815213,-2.1934581945304306,27.49102032185476,0.0,27.842932460054605,0.040013751489111266,1,0
2026-01-04 13:27:00,27.665986608608137,-1.9576834247211352,28.02311594377709,0.13089738881694626,27.89096221686423,0.07458416043782272,1,0
2026-01-04 13:28:00,27.45997271237133,-1.6850231532785347,28.102343139439835,0.0,27.899250515341688,0.3791427367124623,1,1
2026-01-04 13:29:00,27.420931719962965,-2.091146329971328,27.554611015211627,0.0,27.945018519558186,0.0033477299236453102,1,0
2026-01-04 13:30:00,28.03141239283016,1.219785105851622,25.789488793352625,5.062555211191586,27.91045260292226,0.04735046942045275,0,0
2026-01-04 13:31:00,28.195865406568934,1.286613919819021,25.611363523470374,5.041760056954911,28.123492729986644,0.004615210849489543,0,0
2026-01-04 13:32:00,28.189793541347637,1.702392782916078,25.737537847055524,3.9946269120061464,27.966781109963154,0.018399858760109092,0,0
2026-01-04 13:33:00,27.93510437748566,1.4113226950794155,25.183884366135732,0.8785473307029914,28.151332205518173,0.02249677621950913,0,1
2026-01-04 13:34:00,28.07783389726852,1.774770411224246,25.24702452486613,5.414769238611399,27.864364798171245,0.019541080195803386,0,0
2026-01-04 13:35:00,28.11055246028701,2.5024370480744076,25.603171748744078,4.405326576389261,27.957601266689384,0.0019908300203763524,0,0
2026-01-04 13:36:00,28.237002213582834,1.4598483893854812,24.209175017570622,4.774348048188251,28.012513282464585,0.047658991348148716,0,0
2026-01-04 13:37:00,28.239497078949487,1.8654033489578594,26.634767872047433,4.736306190053079,28.09727939203547,0.007429414479688635,0,0
2026-01-04 13:38:00,28.045747949199207,2.7317783364766024,27.097955151228042,5.3811441770298085,28.137235211824734,0.039036573307147084,0,0
2026-01-04 13:39:00,28.22877346947005,2.148570367343863,25.702265949929426,5.192331465454936,27.935401924970645,0.023111102174919743,0,0
2026-01-04 13:40:00,28.10566216691865,1.8962725127738154,26.04634439987726,4.492554348720649,28.119210221009034,0.23166585141730148,0,1
2026-01-04 13:41:00,27.616039208711246,1.9882215075789054,26.33458092665802,4.919741483175484,27.798172861120413,0.03439997943972718,0,0
2026-01-04 13:42:00,28.03954103849508,2.2103775668547283,24.647726118220223,5.605935246297134,26.953157265190594,0.02403784036075511,0,1
2026-01-04 13:43:00,28.315311148803595,2.669323939481952,26.221774121764334,4.581352235300601,27.8390721961035,0.013339521378048464,0,0
2026-01-04 13:44:00,27.81277008250556,1.9043643877772274,25.270287050102187,4.796096175719233,28.05359727286153,0.01038352737884546,0,0
2026-01-04 13:45:00,28.1302844160748,1.8379452923136443,27.168948438113286,4.979727556220666,28.135502383389476,0.184507347429807,0,1
2026-01-04 13:46:00,28.38996155099138,1.6319948597316216,25.430138103717518,4.5864809075982595,28.106467640729047,0.009231293477589504,0,0
2026-01-04 13:47:00,27.96243494583338,2.160597960476802,26.193957994964855,5.417121079747461,27.803298650734103,0.05520695886310013,0,0
2026-01-04 13:48:00,28.09458548906434,1.640879201267031,25.429484916667022,4.634566094900768,27.946332110558064,0.027372791100635317,0,0
2026-01-04 13:49:00,27.85445800814036,1.9772795855089689,27.08803592865262,4.313837704806532,28.08603197454833,0.018926891616601143,0,0
2026-01-04 13:50:00,28.377199835755864,1.8266435091656488,25.187517015997436,4.616256286379299,28.082595389695882,0.029789526620093387,0,0
2026-01-04 13:51:00,28.06455661799602,2.5240258919608305,26.35737028662339,5.028557030165159,28.033111743049425,0.014302639978025715,0,0
2026-01-04 13:52:00,28.083354325020306,1.971848053878301,39.28378405186585,4.5206390559860115,27.735807129731693,0.02179513337113283,0,1
2026-01-04 13:53:00,28.314292919730057,2.2887124042586495,25.815624216584176,4.905769786103486,28.143765863326472,0.00462898781701461,0,0
2026-01-04 13:54:00,26.541058976489854,1.5866504627878997,25.688067017433614,4.996892654049583,28.16515124677937,0.03175154680857854,0,1
2026-01-04 13:55:00,27.904498828389173,2.1907101476127697,25.055845372089276,4.376873085272121,28.01964878209532,0.023587795039998614,0,0
2026-01-04 13:56:00,27.94164803801507,1.7184973971453372,23.707345510214054,4.6027042238420215,28.02742935241016,0.02837444140969129,0,0
2026-01-04 13:57:00,28.143464575826705,1.9838928057278586,26.26432950802559,4.922139800838323,28.060367245638314,0.22780230643729082,0,1
2026-01-04 13:58:00,27.938431447028766,2.8984352500880597,25.16457791264201,1.5601377844440476,28.17525313641097,0.010524249021680192,0,1
2026-01-04 13:59:00,27.66624754651015,2.4408389482390227,26.319836668330918,4.611425593081326,28.03006650203639,0.022680092492810965,0,0
2026-01-04 14:00:00,28.034532083563768,2.0581644873336002,25.741498195253588,4.85312030858681,27.97705904256252,0.004725480122193364,0,0
2026-01-04 14:01:00,27.77463115428293,3.2097928188183857,26.32952552343709,4.700622312588983,28.045782413617946,0.03490057964158609,0,0
2026-01-04 14:02:00,28.32914778730762,1.7554926221316922,26.04455033064302,5.054747559780208,27.99866681464277,0.024685276453089707,0,0
2026-01-04 14:03:00,28.0673835924217,2.467926422643463,23.751663467359464,4.9817947527079625,28.000029937083518,0.025312235035069436,0,0
2026-01-04 14:04:00,27.870175395964132,1.506694369764169,25.900947280452048,4.669280944681514,27.788096875470014,0.02216749939922469,0,0
2026-01-04 14:05:00,27.905101493619295,1.9396026982135153,25.22336450811811,4.967455347918655,28.062739791521853,0.01459258282550107,0,0
2026-01-04 14:06:00,27.688718261249566,1.5339984257391757,26.272709961224205,4.6555905698725555,28.140574605852713,0.06992850305125195,0,0
2026-01-04 14:07:00,27.829069755110613,2.0755183127634314,25.864161005507885,4.960076684024767,27.218287625511145,0.025687898649999524,0,1
2026-01-04 14:08:00,28.208284945727648,1.983904635727627,25.865357648388944,4.964953090870606,28.114118976315858,0.030337303051105328,0,0
2026-01-04 14:09:00,28.425654938056542,1.8346751453622738,25.245523972978383,5.629866284998978,27.993639722652215,0.004490426515971268,0,0
2026-01-04 14:10:00,28.153485976833615,2.301927008958204,24.789936383576766,4.682308215263561,28.01748114318112,0.04093192236060672,0,0
2026-01-04 14:11:00,28.00518409067473,1.697988433984983,25.11825997276699,4.750556029562778,28.14296832366179,0.02277762183227626,0,0
2026-01-04 14:12:00,27.943233371216007,1.9871672035187857,24.153730906043727,4.573468939862757,28.104082515179414,0.03302464212027841,0,0
2026-01-04 14:13:00,27.848269224509487,2.1359048144309947,24.99264524320862,4.438511705773782,28.17836275039267,0.04124201073073067,0,0
2026-01-04 14:14:00,28.390867513017714,1.3052873426967793,24.373061806111306,4.640238827242653,27.919274026530267,0.0231296586240735,0,0
2026-01-04 14:15:00,27.986025233664414,1.538054980413962,24.383500131181975,5.032785243327433,27.91852528470986,0.012814106219232707,0,0
2026-01-04 14:16:00,28.40092302054781,1.7944365727500908,25.463258876416308,5.058111535972257,27.96009180101546,0.01689926196630205,0,0
2026-01-04 14:17:00,28.271271982683043,1.971843111463898,25.747223696165392,4.903487945640565,27.886836081383233,0.01803075539149265,0,0
2026-01-04 14:18:00,27.707642701191382,2.2246641262863265,25.342661839227627,4.696482291814531,27.841425387033848,0.012716675285575643,0,0
2026-01-04 14:19:00,27.901880316389846,1.6279689959092805,25.00715518358685,4.627318754924216,28.056236467127317,0.004425040913239704,0,1
2026-01-04 14:20:00,24.467252148389967,1.5695280849085553,24.68437885348612,4.479109321338291,28.04806604733527,0.05115554679948031,0,1
2026-01-04 14:21:00,28.00956108632888,1.3522335643486834,25.1166516674573,4.605089339662948,28.029547107068176,0.04268979651162985,0,0
2026-01-04 14:22:00,28.014490203709844,1.7511793852868927,24.754120389950295,4.3467051793037035,28.04244942915806,0.007937106626638601,0,0
2026-01-04 14:23:00,28.56629593190277,1.5105371067240534,25.276553740481678,5.275250409156482,26.942183056079767,0.027766788426015265,0,1
2026-01-04 14:24:00,27.834908809661417,1.498363869708637,24.246192187238762,5.443003020212715,27.942393701779416,0.01028961231495823,0,0
2026-01-04 14:25:00,27.272069916678124,-2.0578366404512654,27.79278779490756,0.0,27.964783786733616,0.031602291007229596,1,0
2026-01-04 14:26:00,27.344078299822183,-1.850060607929032,26.895418141923717,0.10124227324771376,28.005820725160532,0.010606355172877823,1,0
2026-01-04 14:27:00,27.235278856819875,-2.257406382529833,27.54606907512785,0.09544218437460937,27.82482843784756,0.01529805576435902,1,0
2026-01-04 14:28:00,27.258049575666792,-2.346059094880475,27.893970363720562,0.07308307635654626,27.888665057881113,0.04233470904480931,1,0
2026-01-04 14:29:00,27.053003832310203,-1.939059685247324,27.492528253745785,0.0,27.947622585749688,0.039748136987037615,1,0
2026-01-04 14:30:00,27.26328294234728,-3.1621126069834564,27.812390569240222,0.3578798855644915,28.12699424821209,0.052170643569662924,1,0
2026-01-04 14:31:00,27.33940316200323,-2.325865276986298,25.79621860493528,0.14366705555249615,28.031424434618874,0.021093135978813116,1,0
2026-01-04 14:32:00,27.309741342108893,-2.5274726738909536,26.887613389584953,0.36194261388734145,28.12258794351718,0.0012019141576424391,1,0
2026-01-04 14:33:00,27.357013103716685,-1.71172940264743,27.994397998080615,0.0,27.985308263577313,0.041583286832752864,1,0
2026-01-04 14:34:00,27.512427486465313,-2.293929971086615,27.568222234547743,0.0,28.000118667205005,0.041687571742107576,1,0
2026-01-04 14:35:00,27.430765977783164,-2.3409333538978023,28.49509067460959,0.15221693535370684,28.059889110094854,0.036308867856435514,1,0
2026-01-04 14:36:00,27.279066961843608,-2.1651005332175415,28.383526833396683,0.0,27.97873470195859,0.0116124833335237,1,1
2026-01-04 14:37:00,27.05960233260005,-2.3581671394194035,27.38936006851482,0.3691098620418555,27.925032941968073,0.005725559009355608,1,0
2026-01-04 14:38:00,27.16696054386938,-2.2907136448104204,26.992338294244703,0.0,27.82122574920204,0.034647356867696065,1,0
2026-01-04 14:39:00,27.24002288351027,-2.114094019730788,26.486788382216375,0.0,27.92824993904355,0.009049246300753641,1,0
2026-01-04 14:40:00,27.32972047989788,-2.292396865631468,26.81349778164705,0.0,28.100342470795887,0.01945648119502744,1,0
2026-01-04 14:41:00,27.20308103737149,-2.289829612491813,26.849557137821947,0.0,28.151280897123424,0.07731718125889314,1,0
2026-01-04 14:42:00,27.125766678734166,-2.4864249665022626,26.708721409372234,0.09138467518712179,27.90722117181312,0.06332107553981073,1,0
2026-01-04 14:43:00,27.085469513333603,-2.528338658280561,26.469726754718273,0.13868250760048856,27.791951501992205,0.03926842246690722,1,0
2026-01-04 14:44:00,27.007402535808026,-2.093355002048108,27.382137392673133,0.22390816081014356,28.11119330481514,0.013079194873413323,1,0
2026-01-04 14:45:00,27.267708873320576,-1.9957987128995116,28.27705724917646,0.26424522750137097,28.008315840117866,0.011998154846286562,1,0
2026-01-04 14:46:00,27.05095533912588,-2.5900179757186517,27.730971830718612,0.0,25.913521680914737,0.03788423061191301,1,1
2026-01-04 14:47:00,27.14099857042963,-1.809824268379059,26.840189446370434,0.7380465265972604,27.62670527002904,0.05194582894644495,1,0
2026-01-04 14:48:00,27.25588506713438,-1.7926840149784273,27.76380571511984,0.485481616884946,27.88439072307469,0.01579056487821292,1,0
2026-01-04 14:49:00,27.092105697494677,-1.7019892312631295,27.28465568249034,0.0,27.944446495957116,0.016777585811014184,1,0
2026-01-04 14:50:00,27.406791768131143,-1.9200144837310757,27.001435995856095,0.0,27.86180188973558,0.02657880741103709,1,0
2026-01-04 14:51:00,27.47761709246153,-1.7827461032012264,26.945588417428684,0.0,28.08302876397101,1.3897803144424792e-06,1,0
2026-01-04 14:52:00,27.251488412393368,-1.220712696879216,26.86557975009185,0.12715451485120224,27.90249186090457,0.0005489757799121558,1,0
2026-01-04 14:53:00,27.277789143422257,-2.069847607282118,27.44896782361513,0.0,28.00148823337826,0.00383188344845423,1,0
2026-01-04 14:54:00,27.459313254277838,-2.308349850387876,27.07859640090952,0.0,28.284818714650356,0.03482904681509633,1,0
2026-01-04 14:55:00,27.24022421051771,-2.456628009291493,26.458461262417693,0.0,28.014095355934284,0.02989590467584581,1,0
2026-01-04 14:56:00,27.23405673773967,-1.2819871989546523,26.412016662722365,0.0,27.986137794335082,0.04546510134505965,1,0
2026-01-04 14:57:00,27.596554602685355,-1.2536935512416765,27.15732986618219,0.3726657143909009,27.988848673610384,0.006269522329879339,1,0
2026-01-04 14:58:00,27.546597627694354,-2.17232049501301,27.23056688449922,0.0,28.08028173674056,0.002304430253763756,1,0
2026-01-04 14:59:00,27.501997091015458,-2.0789770502479223,26.698564154052228,0.0,28.0654102050705,0.0332029873185965,1,0
2026-01-04 15:00:00,28.366616031850935,1.68660313686409,24.11253307203078,4.897355700349428,27.879573462655944,0.009303463077856372,0,0
2026-01-04 15:01:00,27.85037173884032,2.252904671061522,25.76772864854418,4.449216898521706,26.69106275002201,0.010610239905549716,0,1
2026-01-04 15:02:00,28.456246563696705,1.3981548158679211,25.606130442160943,4.808850174425483,27.919920526564837,0.043229526480928836,0,0
2026-01-04 15:03:00,28.28938630437325,1.1844522580751002,23.474937948293835,5.111615323424589,27.966082823256922,0.01504694584517644,0,0
2026-01-04 15:04:00,28.406991807293846,2.6551031413327193,25.790746017107395,4.907297108314193,28.219194520168404,0.017153546968607776,0,0
2026-01-04 15:05:00,28.30094579222099,2.029037700586008,24.693635635679332,1.8608659146994437,28.07409370254351,0.020498370274062247,0,1
2026-01-04 15:06:00,28.24623057278962,2.101402482148009,24.959736695753747,5.24244616719403,27.990428487018594,0.021590431651809672,0,0
2026-01-04 15:07:00,28.19399028298277,1.892527945155068,25.610277330753814,5.031906416573232,28.149343861679736,0.037328843683967425,0,0
2026-01-04 15:08:00,28.315700711886574,2.14849646578292,25.957024279709405,4.550321541536979,28.022616552570135,0.003219920849325316,0,0
2026-01-04 15:09:00,28.199508435384672,1.4757527791330298,25.488931356450745,4.679552622732909,27.80343395631693,0.02161391212286251,0,0
2026-01-04 15:10:00,28.41778132381034,1.7306534649892045,24.94228022514673,5.476021098538322,28.199675763773318,0.0459226950857617,0,0
2026-01-04 15:11:00,27.981866990795464,2.079935689243545,23.797200416314006,4.9099589796649745,27.981232127248006,0.06338953012824777,0,0
2026-01-04 15:12:00,28.175728940630673,1.2652888764020043,23.328335560255002,4.8633348064203386,27.729276790725923,0.0005805036090933656,0,0
2026-01-04 15:13:00,28.646974991147825,1.9699225989273634,25.34791907823142,4.499014230869116,27.808044854519494,0.030958112466371035,0,0
2026-01-04 15:14:00,28.171810397858433,1.9627056207772269,25.65910222058698,4.7679885955346375,28.135322250549898,0.021577990890533458,0,0
2026-01-04 15:15:00,28.247036929848573,1.997167310141923,24.13586804345767,5.0507307551534755,27.809992053049108,0.023221705319744063,0,0
2026-01-04 15:16:00,28.136520899558956,1.9216992834673543,24.503679389555696,4.805195998673764,28.161906945674243,0.01078752832806413,0,0
2026-01-04 15:17:00,28.361106943744183,1.775952175042301,24.28881475984455,4.618217617802273,28.009725710663282,0.038604479869872484,0,0
2026-01-04 15:18:00,28.173273665187043,1.4951586331084763,24.256518096590536,4.6994148429684035,28.085667298599777,0.03768089365446068,0,0
2026-01-04 15:19:00,28.27740909729335,2.1902649707051944,25.404042148477476,5.217138861305634,27.96918323012709,0.07041176025274906,0,0
2026-01-04 15:20:00,28.468497746229886,2.039639318175586,24.79072774984829,5.033723284432483,28.062803782710674,0.0012205723753299542,0,0
2026-01-04 15:21:00,28.194666093757927,1.66673412207986,24.463717205383862,4.9869140794017826,28.037988064333195,0.0064623766954164455,0,0
2026-01-04 15:22:00,28.466988508150358,2.1716734839485032,26.470661900693603,4.954308748632032,27.995376382743917,0.06198516435415108,0,0
2026-01-04 15:23:00,28.47748244086182,2.0465542211812373,23.592541686900525,4.385939514267672,27.872147352132203,0.02406594435960232,0,0
2026-01-04 15:24:00,28.523658165635403,1.9867242802971552,24.966397243127773,4.895322180362243,28.04302340508515,0.016777637881568174,0,0
2026-01-04 15:25:00,28.363185378846662,1.3897695031716677,23.834784771861713,5.173802617030543,27.781957108294158,0.028388344863547275,0,0
2026-01-04 15:26:00,28.925268569505032,2.378572133504359,24.445062939601776,4.708677460572914,28.111780158603484,0.00010734389603356265,0,0
2026-01-04 15:27:00,28.535439124365062,1.7013019166651104,24.6455060700608,5.142099821826288,28.02363940456559,0.031765483885988315,0,0
2026-01-04 15:28:00,28.40770473545313,2.1466589382928185,25.11886010873225,4.99082935148243,28.05570358097033,0.02355528454239744,0,0
2026-01-04 15:29:00,28.194982262773443,1.8316839610032658,24.330995317258978,5.089685494894847,27.68597121119258,0.044328018028591105,0,0
2026-01-04 15:30:00,28.33841393002385,1.9670546101827666,24.24313633154221,4.817827770294978,27.86491195549433,0.040426235051451695,0,0
2026-01-04 15:31:00,28.615669422556614,2.493465522506729,24.29081778765885,5.1103049464261225,27.93930805683768,0.04192599284271864,0,0
2026-01-04 15:32:00,28.66949915914658,2.261870134043539,23.716390014601505,4.287361435302776,28.08084138849167,0.028435047349273605,0,0
2026-01-04 15:33:00,28.630537420454907,2.4556146701184196,24.90115766052726,4.811601002060682,27.886862687575622,0.05387823377262853,0,0
2026-01-04 15:34:00,28.508227709033353,2.1587653527782016,24.64166530954959,5.049555201377132,28.305760450516082,0.03537255528838616,0,0
2026-01-04 15:35:00,28.14312583460826,2.1636259179095765,24.735548498438302,4.903704834186083,27.968402484877874,0.015403827543417618,0,0
2026-01-04 15:36:00,28.458879300141746,1.3823261882231994,24.36846041214612,5.183468279601413,27.87808053940408,0.01043396009082636,0,0
2026-01-04 15:37:00,28.149574677219356,1.8743379946283376,24.268349111871114,4.745015411181349,27.977578015488934,0.012462434281487383,0,0
2026-01-04 15:38:00,28.10690841592114,1.8855969208280736,25.212522350425267,4.60839065444823,27.88588630479121,0.03559894127775868,0,0
2026-01-04 15:39:00,28.419115131355987,2.3706405121997256,25.09110850574908,4.226323750293174,27.857879021692856,0.0010308459262135042,0,0
2026-01-04 15:40:00,28.471441296050752,1.742526785396579,25.352493853408344,4.7044617248694856,28.121317555283728,0.02779190726712269,0,0
2026-01-04 15:41:00,28.540856130100025,1.9891739027055904,24.60924672629401,4.980906231386986,28.061588873362087,0.01000827094259513,0,0
2026-01-04 15:42:00,28.468498464435786,1.9517841618658929,25.28161671822597,5.066352979812188,28.06193733138454,0.0024438239005433876,0,0
2026-01-04 15:43:00,28.475247006480462,2.2538968914342683,24.02984127048134,4.310285046420392,28.15321037075005,0.005350038651248428,0,0
2026-01-04 15:44:00,28.20265288356481,1.7776043370033043,24.166878384828262,5.211363794214321,28.058400638678524,0.38063292497592,0,1
2026-01-04 15:45:00,28.36110419675676,2.0897254320426253,25.130451081533078,4.4589527126046,27.871911151588424,0.038747947513705694,0,0
2026-01-04 15:46:00,28.10860932744923,1.178882437241423,24.870714098216315,4.757598150546868,28.0850372300752,0.012833144538128892,0,0
2026-01-04 15:47:00,28.018955085754733,1.1863826131336142,24.063476894245316,4.600914266419861,27.864805753199313,0.012367588083815634,0,0
2026-01-04 15:48:00,28.51232962893804,0.9280603875951935,23.520921397741883,4.946037459341335,27.942635358123493,0.39196702861318045,0,1
2026-01-04 15:49:00,28.242685861491108,1.9786216667607264,24.097076158379178,4.832926151139645,27.994513826238567,0.04512034139661645,0,0
2026-01-04 15:50:00,26.88884937776372,1.9160763780620795,23.74703321522475,5.037288994379444,27.982338375179307,0.04178102608317815,0,1
2026-01-04 15:51:00,28.57556913215049,1.9715318257882215,25.420226780823178,5.445331615083534,27.78505802191392,0.054301814996557715,0,0
2026-01-04 15:52:00,28.263176112297504,1.3986083105277878,24.73178132139477,4.939248365552361,27.883887454439634,0.02666265723874616,0,0
2026-01-04 15:53:00,28.47928310228885,1.417286577381242,23.650333007112284,4.598162126478013,27.997298961662434,0.022569979574419738,0,0
2026-01-04 15:54:00,28.252181961782675,1.5519084867658357,23.44176058779976,4.9613741596444445,27.926717594747608,0.049404245343193494,0,0
2026-01-04 15:55:00,27.236886474308633,-1.5196809073586022,25.61526201453838,0.6807987363580816,28.135150941805122,0.04928276769919014,1,0
2026-01-04 15:56:00,27.589088786621662,-1.4502905849929273,25.75578436228564,0.22971909234013538,28.15569829197354,0.03607336190704441,1,0
2026-01-04 15:57:00,27.47968088402683,-1.7822677174726098,26.01720822536669,0.3309927631709964,27.865553682063517,0.040884961491797774,1,0
2026-01-04 15:58:00,25.53747864167822,-1.959946860081128,26.901075328124644,0.0,28.007170569649602,0.00270209985345949,1,1
2026-01-04 15:59:00,27.9144923279268,-1.6227792061992121,25.43138510946832,0.1354075096350814,28.189926098140187,0.020365547045633405,1,0
2026-01-04 16:00:00,27.281230315789315,-2.192653751326893,27.697739063439446,0.0,27.983893851374038,0.055668666087152915,1,0
2026-01-04 16:01:00,27.621565461675022,-2.251407451873508,25.421932829145963,0.0,27.951162462961634,0.0394781965314421,1,0
2026-01-04 16:02:00,27.37016146037385,-2.1696720913132075,25.08315555471287,0.0,28.103226515233626,0.0013163752797715027,1,0
2026-01-04 16:03:00,27.709110112655605,-2.4754198100001554,27.238616298441404,0.03802189345400209,27.967095784213722,0.015440150769589106,1,0
2026-01-04 16:04:00,27.595559558160726,-2.200856781726659,26.969065780793255,0.0,28.152504421979145,0.05273722116448187,1,0
2026-01-04 16:05:00,27.606169982613924,-2.535775528878653,25.90399862084901,0.06596231607305494,27.928630416591695,0.0331939087071763,1,0
2026-01-04 16:06:00,27.36368593741752,-1.7893299267640421,26.286105277271144,0.0,27.94304944790296,0.028274007716817037,1,0
2026-01-04 16:07:00,27.39167533966906,-1.959496202595127,26.29137684567238,0.2458536060806409,28.094818776051483,0.02881529796469265,1,0
2026-01-04 16:08:00,27.69194359800488,-1.649439950314945,26.090160853436853,0.07965119428720059,28.012065246817837,0.023495894923330863,1,0
2026-01-04 16:09:00,27.839187099055554,-2.7183316443988623,25.07468999768881,0.13157317559725404,28.01300872685435,0.015563627739310344,1,0
2026-01-04 16:10:00,27.602157176843928,-1.4790887821315466,24.23269393062174,0.34278578904033197,27.770880222689502,0.00999540199535169,1,0
2026-01-04 16:11:00,27.349283335819763,-2.689969899024306,25.36669159667048,0.19423455094372452,27.957590400693224,0.04318584230351952,1,0
2026-01-04 16:12:00,27.56681027945582,-2.552277606982429,27.21732256616033,0.0,28.103684494738808,0.02927581707442039,1,0
2026-01-04 16:13:00,27.937599690605502,-2.34180189050046,27.232905964749,0.0,27.905954802143917,0.037726955799677504,1,0
2026-01-04 16:14:00,27.51382157349138,-1.6568756740152575,25.739022031897964,0.17980479782825357,28.084080167876778,0.03484040161650352,1,0
2026-01-04 16:15:00,27.753131354690847,-2.024158167294553,25.240015569756533,0.0,28.032158778637893,0.05035689637504549,1,0
2026-01-04 16:16:00,27.35124559545049,-2.1755033880768124,26.093651072402878,0.0,27.976034187098254,0.03318356521834618,1,0
2026-01-04 16:17:00,27.471331317127486,-2.3532233658881667,26.194723658689924,0.1298664448409228,28.16293055955228,0.03982497284913784,1,0
2026-01-04 16:18:00,27.584734332856243,-2.5416779916483394,26.296507819466402,0.4665601583269242,27.95921871691041,0.028011094710932806,1,0
2026-01-04 16:19:00,27.53894828230218,-1.6467108663680998,34.12755262581997,0.6448129805075776,27.967582355854812,0.007946010545741542,1,1
2026-01-04 16:20:00,27.32361366337861,-1.7454519220232667,28.06386555115589,0.0,27.97466363387807,0.020938894170064372,1,0
2026-01-04 16:21:00,27.30990991670398,-1.5323672063200422,26.63503678626727,0.0,28.00966298895981,0.035618547386289,1,0
2026-01-04 16:22:00,27.627505916605543,-1.8465853980382414,25.692772079918175,0.1140010092153887,28.092034908245772,0.03719810922035108,1,0
2026-01-04 16:23:00,27.658025087484962,-2.8890509074694917,25.31742008448804,0.08484971391326301,27.823293376683274,0.05111850333823252,1,0
2026-01-04 16:24:00,27.70960994480914,-2.377961851515046,26.50065348843596,0.0,28.104165432192556,0.01672143297073149,1,0
2026-01-04 16:25:00,27.755964158965565,-1.7570020931176407,26.145609841800614,0.0,28.00817176812446,0.029067968177514326,1,0
2026-01-04 16:26:00,27.449282656710878,-2.025874033368558,25.85274168389777,0.20913933101136467,28.06648414957616,0.02267521142905293,1,0
2026-01-04 16:27:00,27.362799259426488,-2.068363780211058,26.09858991222031,0.0,28.287022049991144,0.0542376257545372,1,0
2026-01-04 16:28:00,27.655734534254066,-2.2348399530473526,25.688483222865095,0.0,27.9386007518615,0.031776074654506686,1,0
2026-01-04 16:29:00,27.53463438013974,-1.4927584172153656,26.03843749706899,0.0,27.85303953144934,0.03212069583438952,1,0
2026-01-04 16:30:00,28.023158053439836,1.9596674230950002,24.255452179145898,4.725708912848804,28.023255883419015,0.024358124841315856,0,0
2026-01-04 16:31:00,28.007663670800145,1.9998316938282827,23.977303175463344,5.0428900270214125,28.042260020366616,0.020948762501966013,0,0
2026-01-04 16:32:00,28.27599127097019,1.6269497982612524,23.9307303620466,4.68573176424866,28.10459311952707,0.001076055218003389,0,0
2026-01-04 16:33:00,28.1492754375447,1.934469807401152,24.692312848317613,4.819360889108577,27.935394790722132,0.002298362130105088,0,0
2026-01-04 16:34:00,28.170191449973867,1.4282553503671682,22.58968508903039,5.5861622405839855,27.900387175473693,0.02821920031391048,0,0
2026-01-04 16:35:00,28.361799333667786,1.8742672568678256,23.139616914845544,4.465291401062438,27.816043497625326,0.025974684800086034,0,0
2026-01-04 16:36:00,28.29920258175011,1.057582472568936,23.70732805109273,4.571452310944549,27.83590077653465,0.028319621580241545,0,0
2026-01-04 16:37:00,28.395831243507377,1.4154743982779647,23.16855743198293,5.03733110600182,27.950084533444215,0.04194500655138559,0,0
2026-01-04 16:38:00,27.802708776805733,1.8726625969934179,23.39310070441953,5.145815116896466,27.986009807689705,0.026672903951870327,0,0
2026-01-04 16:39:00,28.18998856611233,2.8370161894985784,24.56273248591044,4.945180305776098,28.247816099967622,0.01873039469173374,0,0
2026-01-04 16:40:00,28.26348030823287,1.3947155876915918,23.54815575117622,5.433138649067867,27.79689000211382,0.021220428089588683,0,0
2026-01-04 16:41:00,27.857785358981353,1.6078772222716904,22.363243748876496,4.911109577205196,28.040248159261964,0.02939032249764597,0,0
2026-01-04 16:42:00,28.008906188810556,2.135971867759581,23.33874351411572,4.108363710771568,27.91288769760365,0.018159964191514593,0,0
2026-01-04 16:43:00,27.96980586435876,2.6951017808674624,23.667289783381097,4.833948490606575,28.026744006835465,0.04415908391107326,0,0
2026-01-04 16:44:00,28.11940078948933,2.1609235243400797,23.646058989361475,4.600155731565872,27.93361169521881,0.0247970688479364,0,0
2026-01-04 16:45:00,28.40301371436493,2.3488585396310104,23.999307515130052,5.284334112099463,28.12424615044549,0.02952992168971666,0,0
2026-01-04 16:46:00,28.468680625277706,1.9964166034679363,23.93409882653993,5.137618422475259,28.12350284731667,0.010301795226431515,0,0
2026-01-04 16:47:00,27.952773517822074,1.945796792969598,23.49693587364054,4.243608228238786,27.986427875657228,0.04416776733171928,0,0
2026-01-04 16:48:00,28.1889789596762,2.161634303927017,22.751216680112805,5.272611322255639,28.172693433662435,0.05090138214773571,0,0
2026-01-04 16:49:00,28.189764547826993,1.9092022174774668,23.26992167980735,5.128778719079561,28.09121304044623,0.00046335165115036006,0,0
2026-01-04 16:50:00,28.154070869129075,2.398176982105484,23.13529569231253,4.6864382548147105,28.16710707562464,0.0322160034594882,0,0
2026-01-04 16:51:00,28.151372825108467,1.5858874987479399,23.36433340814547,4.772545336971996,27.994823534441444,0.023057600745599142,0,0
2026-01-04 16:52:00,28.129635143758616,2.4612822508550756,24.040538652867497,5.287261964397782,28.11421584978217,0.030112645038262477,0,0
2026-01-04 16:53:00,28.374281457684198,2.163546343762647,23.832556165782506,4.109970829478766,27.907808429561683,0.033137685770691525,0,0
2026-01-04 16:54:00,28.264677904000315,2.0729303593685917,24.1196018694827,4.955889301763893,26.73332896622707,0.015229204369705998,0,1
2026-01-04 16:55:00,27.871284298670897,1.5696381174890255,23.267204409429798,5.182693372293762,28.26157907681975,0.03867076218041298,0,0
2026-01-04 16:56:00,28.201387858909293,1.7966774689973484,24.58533218872087,4.768950439250788,27.869695373393974,0.0450231593698365,0,0
2026-01-04 16:57:00,28.21500414842457,2.5523977962999145,23.99403686512281,5.026768434599626,27.947667324077152,0.047046488896155425,0,0
2026-01-04 16:58:00,28.107467348627413,2.0515046997867015,23.595338710722984,4.836104087795238,27.772239180530143,0.00799680147177452,0,0
2026-01-04 16:59:00,28.25100772938233,2.2120173792601903,23.932996832341566,4.525586255600828,27.898496425425815,0.02444249045598622,0,0
2026-01-04 17:00:00,28.077968753492627,1.795272686664184,23.031657952045656,4.516839493905011,27.880691732303312,0.015299515253699788,0,0
2026-01-04 17:01:00,28.07715362307912,2.079994027715368,22.022755481074213,5.049175243582688,27.91956511527656,0.009474423508735445,0,0
2026-01-04 17:02:00,28.060040369708016,1.5955505469203581,23.068547251768145,4.577502646061647,28.035986053527232,0.013830330112108703,0,0
2026-01-04 17:03:00,27.672277882180392,2.095059477917857,24.010964837967062,4.266396671561484,28.064924245872152,0.00548605348664619,0,0
2026-01-04 17:04:00,28.01863519527492,2.172854743705213,23.53856630026437,4.842839542102524,27.879182856968104,0.031021473990183075,0,0
2026-01-04 17:05:00,27.910570224856713,2.1371908179050494,23.381461734648415,4.620421502661021,27.90524001432451,0.004366062296737725,0,0
2026-01-04 17:06:00,27.815249190992212,1.6894701476308271,22.87875011375332,4.380312156166101,28.13002122753265,0.007368126973767437,0,0
2026-01-04 17:07:00,28.285096185984216,1.8657538980464454,22.09831467843916,4.82511160157376,28.20463516825318,0.015649645536456386,0,0
2026-01-04 17:08:00,28.116104122606522,2.1523329980686468,24.460102345088202,5.068546859030448,28.150710023029646,0.03886288404427603,0,0
2026-01-04 17:09:00,28.018563837297894,1.8683546667291886,23.312665545237657,4.807052522466996,27.8024402656703,0.07499994901612819,0,0
2026-01-04 17:10:00,27.921070001259366,1.8191501663449539,23.1531612447473,4.426815700376988,28.1427288570868,0.03045561918705196,0,1
2026-01-04 17:11:00,28.07506227285969,2.5626867375548805,22.97949661381438,4.968631246841243,28.22244266278172,0.006422005489238387,0,0
2026-01-04 17:12:00,28.199444555630862,1.539922900183074,24.32379176641953,5.162304733726758,27.796486085510963,0.012776203552668586,0,0
2026-01-04 17:13:00,27.87158461911478,2.226857049167185,24.058715129920873,5.574561957153922,28.129924066820454,0.03684504545362141,0,0
2026-01-04 17:14:00,28.01924054412677,1.420276533583713,22.76101257233573,5.304645410592989,28.027025993808344,0.0007719194118844044,0,0
2026-01-04 17:15:00,28.17625196979321,2.0291733800200062,24.24973859828898,4.448124563430458,27.96074347484826,0.04474094742352354,0,0
2026-01-04 17:16:00,27.671629447901417,2.0234386295329347,23.32965580054897,5.100328958333108,28.012741941729903,0.02992137378328781,0,0
2026-01-04 17:17:00,28.010075913720257,1.5726616103940154,23.00064090834371,4.889783372230159,28.05319126835247,0.022748712761197422,0,0
2026-01-04 17:18:00,27.943713612135152,1.3011140097120675,23.219476393316707,4.3967652936957515,28.138910206280062,0.005327951115939311,0,0
2026-01-04 17:19:00,27.99766237323061,1.0138753041328519,22.8738513670169,4.89932832413769,28.13272174353455,0.04156696819677741,0,0
2026-01-04 17:20:00,27.93244146431086,1.4650032217121616,22.49487005227429,5.471536844267482,27.819168721731618,0.011290759170167468,0,0
2026-01-04 17:21:00,28.048705860805228,1.8418187017067746,23.960270907873884,5.21855247375171,27.92215932973904,0.027766460145800982,0,0
2026-01-04 17:22:00,28.37159966894641,1.258515098040092,23.260152060049318,4.445292567817177,28.011227862508985,0.022171115392663934,0,0
2026-01-04 17:23:00,27.96866684942396,1.648460260841703,23.844529754339984,4.804801025909728,28.188666248430938,0.0035083999003407383,0,0
2026-01-04 17:24:00,28.081317808703812,1.0775247324288386,23.611541763524365,4.9720860506073965,27.67270101736863,0.020847659954437867,0,0
2026-01-04 17:25:00,27.589909683572174,-2.1068365306266634,25.792652606501342,0.0,27.926699751253146,0.0032148884345526638,1,0
2026-01-04 17:26:00,27.134104102070918,-2.4445957961302094,23.974836794643032,0.0,27.816653119169548,0.013263651941853692,1,0
2026-01-04 17:27:00,27.562203380431544,-2.087393864580131,24.798821706770656,0.054119745438031455,27.835674693028373,0.03279003007629567,1,0
2026-01-04 17:28:00,27.239175212859024,-2.2511815781249727,25.8028083587238,0.05868626747690651,28.11828821145313,0.037644279654976236,1,0
2026-01-04 17:29:00,27.561810753941078,-2.506791298077423,24.510743723818145,0.0,27.936173728846846,0.024671556529261434,1,1
2026-01-04 17:30:00,27.379151629809133,-2.333714608585673,25.663316157397464,0.13579073399766908,27.719956243037384,0.009089025541998322,1,0
2026-01-04 17:31:00,27.302630847956678,-2.4415328179894074,24.427896141720378,0.38043694622444596,27.98098731397207,0.013346595252244327,1,0
2026-01-04 17:32:00,27.2389597142005,-2.5843879941814656,25.41229236854164,0.0,28.244303138615283,0.013034092464008029,1,0
2026-01-04 17:33:00,27.142049481834253,-1.7539087418520112,26.52734066754361,0.020934125166912412,27.783197056381145,0.013467159633584865,1,0
2026-01-04 17:34:00,27.271800543344373,-2.2656647067544213,25.94230693210794,0.19999410083948638,28.063952485056575,0.026318683210365842,1,0
2026-01-04 17:35:00,27.42363706286218,-2.915461620730052,24.104481336791483,0.1536602467029193,28.18812445741765,0.004989353905234563,1,0
2026-01-04 17:36:00,27.263873873834665,-2.3662309460370357,25.993946834397132,0.0,27.994069278438715,0.026371522763358635,1,0
2026-01-04 17:37:00,27.213526731027905,-1.8296376896202904,26.675914150499075,0.0,28.231360038367853,0.0012698347400805117,1,0
2026-01-04 17:38:00,27.229820637165382,-2.416262311096765,27.358692787208568,0.0,27.92082270172462,0.003287420391759697,1,0
2026-01-04 17:39:00,27.458202281300352,-1.6238723060321263,25.733942363961464,0.0,28.173512804593567,0.037035081350944375,1,0
2026-01-04 17:40:00,27.504827292174394,-2.4445144327908332,24.44707665200915,0.5134389742919969,28.145192466584295,0.025442249077350446,1,0
2026-01-04 17:41:00,27.169093841963072,-1.9634106846608401,25.707399794330424,0.222066578393584,27.996096078549293,0.008927162382952103,1,0
2026-01-04 17:42:00,27.173852840246802,-1.7700462760964548,26.521476548781536,0.0,27.821535501350503,0.01494164159202357,1,0
2026-01-04 17:43:00,27.367629882915345,-1.9669464587893717,25.27459215549536,0.0,27.879792409008775,0.02971507375405255,1,0
2026-01-04 17:44:00,27.579570304094325,-2.595650807329074,26.137203804445782,0.39563724796761485,27.718697549473937,0.013852768791758457,1,0
2026-01-04 17:45:00,27.516278255496253,-2.432972893247115,24.82095172933969,0.0,28.071297991181563,0.01882326841938456,1,0
2026-01-04 17:46:00,27.090161720506153,-1.6806383037589634,25.671139708922478,0.2980543490204901,28.056916061101045,0.029393304163431392,1,0
2026-01-04 17:47:00,27.27355951897942,-2.357417773478557,35.52162124641968,0.48411289169622923,28.009506094234446,0.025804658162395452,1,1
2026-01-04 17:48:00,27.159278764402245,-1.7186139090513142,24.749410694085643,0.4256493376262982,27.985274338412665,0.007139386726902581,1,0
2026-01-04 17:49:00,27.284418559240386,-2.193730082295889,25.412694778920574,0.0631414506043402,28.162911009614383,0.025401441254979333,1,0
2026-01-04 17:50:00,27.62723017348774,-1.9754726016635935,25.165134312794933,0.43785874906035127,28.035735780153153,0.019827799437696227,1,0
2026-01-04 17:51:00,27.08830882423156,-2.490862385259704,24.511727196384307,0.0,27.933442581135452,0.056034130929564496,1,0
2026-01-04 17:52:00,27.0589895231625,-2.1983653936310152,25.075245725415513,0.8700584682811335,28.017667391045613,0.023144509914973084,1,0
2026-01-04 17:53:00,27.20731431117401,-2.270672280128964,25.65877897386236,0.08429733950208858,28.245700613211838,0.027429508185411948,1,0
2026-01-04 17:54:00,27.414291804116477,-1.8633979473811841,25.37084578281671,0.40137795673846344,28.074660026780993,0.029676152549471625,1,0
2026-01-04 17:55:00,27.48047919573529,-1.8870878972634182,25.477214821668117,0.0,27.953209814276097,0.019198515687413906,1,0
2026-01-04 17:56:00,27.45368956010226,-1.7345456108499864,25.950458359443417,0.17479508663802212,27.994663306783522,0.012041388710991419,1,1
2026-01-04 17:57:00,27.592808249193403,-2.044451967868657,25.20155567074203,0.19021221823148118,28.055605448095083,0.033275818511038224,1,0
2026-01-04 17:58:00,27.07008842776395,-2.1742911102891274,26.397050550217223,0.0,27.94946967565246,0.0334230233728993,1,0
2026-01-04 17:59:00,27.607618667498155,-1.7604595858699548,24.757159254507698,0.0,27.938854655825317,0.06248637736342038,1,0
2026-01-04 18:00:00,28.143822842391668,1.439643883947543,24.80343961921699,4.72842410525211,27.998641363543594,0.03836347721188825,0,0
2026-01-04 18:01:00,28.33795088517132,2.201862650058338,24.237318905851765,5.186866390346097,28.182290813821833,0.038667027381437444,0,0
2026-01-04 18:02:00,27.974339588456566,1.8086277500298253,32.01017462508644,4.159000324654244,28.094917181579664,0.037919237170575014,0,1
2026-01-04 18:03:00,28.219707328849807,1.7586218033894765,23.264869663618985,4.673002773107556,27.95085653662469,0.012574196459922613,0,0
2026-01-04 18:04:00,28.267579896878832,2.0582345424985227,23.61695307742594,5.258455418003164,28.10428155127376,0.002356470975138903,0,0
2026-01-04 18:05:00,28.439291858729764,1.8929794753628855,23.896315516433308,4.36875471229681,28.00102880942084,0.006935332477896239,0,0
2026-01-04 18:06:00,27.952078272277795,1.3620397241841982,24.248598865145514,5.238865232139512,28.041350601718737,0.03738349839504518,0,0
2026-01-04 18:07:00,28.24908139994422,1.5928145821887507,22.54933109428698,4.405272458201314,28.03043485857428,0.050589277983900546,0,0
2026-01-04 18:08:00,28.05427237164147,2.3556697888342306,23.799444545559865,4.47921043507046,27.74676916294348,0.03821204990285999,0,0
2026-01-04 18:09:00,28.34661234694498,2.0350843600479664,22.017323455522604,4.748472377743405,27.63430768063067,0.02199516902082934,0,0
2026-01-04 18:10:00,28.40146260236072,1.436426932563084,23.380579902202545,5.455710673933328,28.02719457049701,0.05518014149443396,0,0
2026-01-04 18:11:00,28.499119830466313,2.1663696530109453,24.52839297592821,4.57599748125569,27.897656647859563,0.01701422025466877,0,0
2026-01-04 18:12:00,28.176907293978132,1.8643601019626672,22.524448110880655,4.193463024073219,27.803288489227075,0.004333241001882468,0,0
2026-01-04 18:13:00,28.445807573846015,1.7697287803842727,22.403583456082934,4.309322383382306,27.901358881339906,0.02955385459596183,0,0
2026-01-04 18:14:00,28.52946716704733,1.6894576964224148,23.684036220605126,5.1261818665953784,28.11095710344335,0.048253489134176084,0,0
2026-01-04 18:15:00,27.994215545426016,2.4530842062860927,24.507263066872575,4.325840900217702,28.042939082418844,0.00981159769388968,0,0
2026-01-04 18:16:00,28.405607553179696,1.4266534860028361,23.770574685623245,5.215787601418408,28.09261134433839,0.005686288216495142,0,0
2026-01-04 18:17:00,28.473186748305153,1.8313781230445554,22.2164517132708,4.824426787385212,28.054371466923875,0.025678680077230797,0,0
2026-01-04 18:18:00,28.259230595862903,2.1749141487722343,22.37853078905459,4.788705070684769,27.889740161752183,0.038885864184356786,0,0
2026-01-04 18:19:00,28.092879821604097,2.6920305783128207,23.63232857307643,4.9040564860858105,28.093185381032935,0.4016817553356733,0,1
2026-01-04 18:20:00,28.485433805843314,2.338533082276884,22.745769588440744,4.51967788243613,28.070288759838604,0.0425926291814295,0,0
2026-01-04 18:21:00,25.51399941931081,1.8519740479424145,23.674399561687594,4.848255172523317,27.985902002327958,0.00039765161329883766,0,1
2026-01-04 18:22:00,28.29293524847066,2.685060498394069,23.72354109017147,4.382424451142031,28.007060822629434,0.038046935713263355,0,0
2026-01-04 18:23:00,28.32225883365636,1.675493599559943,23.251283885148332,5.272111825378922,28.095095902802143,0.010940618284765086,0,0
2026-01-04 18:24:00,28.462562917892647,2.2409503212532007,24.872354829975265,4.440446669531266,27.910066082114604,0.00154733364936923,0,0
2026-01-04 18:25:00,28.22509431904916,2.3154073395675496,24.02340834964156,4.953608222223293,28.13054595579785,0.036136931503970224,0,0
2026-01-04 18:26:00,28.218616871660195,1.8312130500764459,24.466389931797956,4.437837394208786,28.067811275757805,0.04688385138075311,0,0
2026-01-04 18:27:00,28.36342784516485,2.377027348864193,24.271017792277515,4.613378394728007,28.000270947604673,0.18661597206602326,0,1
2026-01-04 18:28:00,28.53037704903146,1.944652803969039,23.530031231284813,4.669158788044066,28.183748368547334,0.06811619981390116,0,0
2026-01-04 18:29:00,28.76438965742572,2.3578777658360024,23.507578392338726,5.843471793322472,27.844680211801958,0.0065932737651297445,0,0
2026-01-04 18:30:00,28.084537956721018,1.4592504689193762,23.444101407166492,4.794943869642674,27.944777827315793,0.006363382679323713,0,0
2026-01-04 18:31:00,28.415692129916188,2.207404781974375,24.138084814637573,4.512464571035928,27.91812990412781,0.019560105049716007,0,0
2026-01-04 18:32:00,28.166206623611675,1.9315664283195935,23.215067857029982,4.644405535879143,28.04297092556892,0.018703461959692053,0,0
2026-01-04 18:33:00,28.54782420615288,2.462497012955826,24.886987799457593,4.273364606874365,28.1418895678121,0.030102679142190406,0,0
2026-01-04 18:34:00,28.197955075306357,2.0277371742408286,23.166627058335322,4.74302492749073,27.88203736731677,0.011628605516241767,0,1
2026-01-04 18:35:00,28.247707992468644,2.462206000192326,23.84826706044437,5.447880332543104,28.39665976806852,0.03521518992073182,0,0
2026-01-04 18:36:00,28.265121418301607,2.183389306063942,23.547303504191138,4.917613835843009,27.920469244397385,0.03478496239117788,0,0
2026-01-04 18:37:00,28.35931129629933,1.9408437818147724,23.40175543499922,5.116190332404399,28.043282016728995,0.054040859886573867,0,0
2026-01-04 18:38:00,28.432828798164245,2.239999305340068,38.24941389253566,4.481519726068213,28.000322356301112,0.016172014038788405,0,1
2026-01-04 18:39:00,28.463132818981617,2.2202782876610225,23.429643324617192,4.728830240765403,28.00553878162596,0.37493391541880716,0,1
2026-01-04 18:40:00,28.376227237229294,2.084875551735905,23.53369335678374,4.871365922339659,27.904910621869597,0.035905157475677144,0,0
2026-01-04 18:41:00,28.138867868334177,1.094167593417148,23.29224039214774,4.546142609350812,28.128105576943074,0.024869870192584947,0,0
2026-01-04 18:42:00,28.510015448222124,1.5288729200186661,23.796115376804572,4.94000235785588,27.897529449442423,0.02119000496400027,0,0
2026-01-04 18:43:00,28.370028969587423,2.333147631613102,23.706841211531863,5.0153999453160685,27.78772850991216,0.012147687151925782,0,0
2026-01-04 18:44:00,28.589002611066082,1.3848337164081035,23.004761250780604,4.989996817792789,27.865360308132708,0.026501082343285465,0,0
2026-01-04 18:45:00,28.25260701969361,2.1088614025230314,23.50177470623308,4.7471208529315785,28.173437874316292,0.03571897386169583,0,0
2026-01-04 18:46:00,28.091480897940258,2.0228436640624556,24.236320082528994,5.181818955228396,28.150056422537194,0.02395931265982886,0,0
2026-01-04 18:47:00,28.373436848563813,1.497276088110259,24.539245220195998,4.709833896518532,27.75913171804565,0.2081544545496932,0,1
2026-01-04 18:48:00,28.612285425057458,1.028899838722939,23.84807710161176,4.677912724277952,28.09764755179847,0.005225871634210719,0,0
2026-01-04 18:49:00,28.40721783696437,1.5044075161822619,23.883600872093982,5.30453865248516,27.762168049167215,0.03315504279831106,0,0
2026-01-04 18:50:00,28.341324831691082,2.4075982151075714,23.600739672242586,4.412561795104798,27.996732657822385,0.025596345004608594,0,0
2026-01-04 18:51:00,28.219404104953746,1.3554951226502123,23.512960834864984,0.7004806382370652,27.8550698128444,0.05001912196484971,0,1
2026-01-04 18:52:00,28.691051194732225,1.3576948824151889,23.232303035042953,4.4962642893166676,28.106893784340595,0.0010891467260304988,0,0
2026-01-04 18:53:00,28.187698638189637,1.2653744139099483,22.797782203895718,4.935534674337314,28.066559308398308,0.016534445215010476,0,0
2026-01-04 18:54:00,28.240619206560044,2.019449728489956,23.407253546717726,5.249256855062815,28.117549510938183,0.0012164761756471576,0,0
2026-01-04 18:55:00,27.671750827036586,-2.1099961624590726,26.543427532661454,0.0,27.964571222669427,0.04345574288058042,1,0
2026-01-04 18:56:00,27.2328093696424,-2.2621976097928327,25.62521604715455,0.635193132101647,27.977040527242973,0.04730265866687905,1,0
2026-01-04 18:57:00,27.79386450214431,-1.565384782898717,25.691903434254513,0.009519073996709605,27.82009050532269,0.0596065042699394,1,0
2026-01-04 18:58:00,27.674137688892976,-1.8729808329849063,25.690174838400406,0.0,27.876341848132416,0.0343856431071307,1,0
2026-01-04 18:59:00,27.720792159640602,-2.4119147349928607,26.829295290379797,0.0,28.113824012182,0.03920684592201957,1,0
2026-01-04 19:00:00,27.656345634832135,-2.531363260196173,25.320203159116172,0.6829743090224717,28.04407179565651,0.032849507632618014,1,0
2026-01-04 19:01:00,27.523646424166007,-1.7092184284967251,26.17616301149113,0.0,28.012520199427268,0.03531590390417166,1,0
2026-01-04 19:02:00,27.35785999523193,-2.118638491788775,25.946535859817242,0.0,28.151453651219818,0.02588337800569085,1,0
2026-01-04 19:03:00,27.520409479566997,-2.675042187652938,26.0543272398673,0.860184034090661,27.843982937740442,0.036138902984322284,1,0
2026-01-04 19:04:00,27.36629939953373,-2.763693994609343,26.190217941665495,0.13778453284832146,28.08641774785465,0.06351987491490024,1,0
2026-01-04 19:05:00,27.625395955575165,-2.5352962638741867,26.071658237466067,0.27959065771149816,27.858501205716646,0.02893622910055787,1,0
2026-01-04 19:06:00,27.678986438084586,-2.581902269214958,26.599302181563036,0.5885460772942531,28.17734486446952,0.025432121993178205,1,0
2026-01-04 19:07:00,27.795306717676635,-2.865913729272186,26.036322791140915,0.21506190385905435,28.065336900732827,0.028565344534429354,1,0
2026-01-04 19:08:00,27.59195668198214,-2.5346142347836578,27.29055244187705,0.34121127496555936,28.11574016328382,0.022316346177779774,1,0
2026-01-04 19:09:00,27.686867073331726,-2.469760859954244,26.113378952202805,0.01901377531481922,27.915802388346876,0.029435598781588197,1,0
2026-01-04 19:10:00,27.462215717042152,-2.3066211644888743,24.902636174226664,0.2568063006023279,28.261851787032548,0.021706037400321593,1,0
2026-01-04 19:11:00,27.42472918071714,-1.5470849884018967,26.554764184116042,0.0,28.239826946928225,0.0455916895951444,1,0
2026-01-04 19:12:00,27.59106228575967,-2.226264925937701,26.395360548189878,0.0,28.05164548246084,0.043793079474198075,1,0
2026-01-04 19:13:00,27.431089605535693,-2.1831655423088585,26.15668002325805,0.04190086478688131,28.141031405571322,0.063986828902972,1,0
2026-01-04 19:14:00,27.543838909550953,-1.936338538875078,25.965262108277265,0.0,27.963773584953056,0.024576280177157857,1,0
2026-01-04 19:15:00,24.66010563864815,-2.186170216197857,24.679847959665697,0.1765322423675715,27.847782252128866,0.0301954690274922,1,1
2026-01-04 19:16:00,27.325811898455722,-1.9501096130339117,24.810463416679298,0.1756458113252873,28.095494862107735,0.02944551564131029,1,0
2026-01-04 19:17:00,27.593280480605326,-1.9775885568292508,27.339742265631266,0.28662080996310646,27.889682789440005,0.028592673446179596,1,0
2026-01-04 19:18:00,27.632816809326744,-2.017194690957369,25.789901048761365,0.2238622802624153,28.15722641730211,0.04533988393191539,1,0
2026-01-04 19:19:00,27.29001107640086,-1.0748673001140143,26.88900864236766,0.700015068065609,28.125742976606425,0.00424971751498035,1,0
2026-01-04 19:20:00,27.582274201689778,-1.706081617974779,25.104317832850327,0.3684204088727985,28.028226718064538,0.03329275683228672,1,0
2026-01-04 19:21:00,27.35973063784114,-2.384327532949716,25.507050296516113,0.0,28.021515505924402,0.060923847145306846,1,0
2026-01-04 19:22:00,27.45258565576312,-1.8558939773154233,26.72835082577287,0.15857502633906964,28.118714618025955,0.04953302913709305,1,0
2026-01-04 19:23:00,27.698595936050253,-2.2414229293059527,26.195041454096707,0.4944443399560054,28.03294768277156,0.04747420223051568,1,0
2026-01-04 19:24:00,27.582771806471328,-1.7861700576555846,26.65668604182672,0.0,27.951464592724093,0.04015709801916352,1,0
2026-01-04 19:25:00,27.574513629824047,-2.4010226461518975,26.284337757804835,0.7049846275906598,27.818259133120808,0.014275934581740394,1,0
2026-01-04 19:26:00,27.768633422695064,-2.2841958813653394,26.16210426032257,0.0,28.11506796753007,0.011502829963782091,1,0
2026-01-04 19:27:00,27.292116841999214,-1.752401444914684,25.845068438563196,0.31509638763322095,28.04397268004494,0.011643465839899893,1,0
2026-01-04 19:28:00,27.23509866977528,-1.499526395576704,25.498949992816165,0.0023101540785716926,28.330679209232663,0.004507813923733089,1,0
2026-01-04 19:29:00,27.276299900765302,-1.6484892437468956,27.330321583059636,0.0,27.98849066122016,0.04203895448204417,1,0
2026-01-04 19:30:00,28.154189810386814,2.0989410670873037,25.45924981737018,4.343980494223261,28.036244326370085,0.051430538548960264,0,0
2026-01-04 19:31:00,27.769898980021008,1.9552512613777906,23.648765908318246,5.117625033222228,28.03906042686149,0.03281968009879492,0,0
2026-01-04 19:32:00,28.150106752120635,1.9090842199973235,23.616746742258798,4.3490746352130145,28.0780907629618,0.03948613547699643,0,0
2026-01-04 19:33:00,28.083162144870734,1.6964764457957702,24.159922484098722,4.295030418498398,27.883974528832642,0.030282439222901778,0,0
2026-01-04 19:34:00,28.31602559995879,2.18102370758682,24.655445024323473,5.205896056442302,27.990734169666602,0.03523766959058742,0,0
2026-01-04 19:35:00,28.232178816241763,2.278414781653285,24.30365768294807,5.426361958527577,28.099319130265407,0.01310689652143654,0,0
2026-01-04 19:36:00,28.054450502654323,1.920267333111107,24.79439529567565,4.566463981819152,27.96006838858967,0.030664183935191158,0,0
2026-01-04 19:37:00,28.262647010957387,1.9233909323525153,24.42406653573512,5.151088228279332,28.094822649254347,0.0173402827567942,0,0
2026-01-04 19:38:00,28.280572626721217,2.542463776584409,24.392115095997873,5.078784223689187,26.245404033926192,0.024277117342555287,0,1
2026-01-04 19:39:00,28.006038698850055,1.9985772153666783,26.17533247186722,4.767968456710983,28.04822452810659,0.029063764825109327,0,0
2026-01-04 19:40:00,28.04969200823255,2.0514657180183566,24.132357723883274,5.267535908561478,28.138136369629937,0.012119185059129674,0,0
2026-01-04 19:41:00,27.7320054395075,2.2126094973741592,25.661785468848866,4.742732236903202,27.972717328593824,0.0056390220884784195,0,0
2026-01-04 19:42:00,27.93046860885989,2.02586849933312,25.540447252364263,4.981136950861659,27.82577785470961,0.011572893720997353,0,0
2026-01-04 19:43:00,27.98744867270172,1.7886846508022711,24.89432465554618,4.36118054083007,27.968039208356682,0.001070021138981421,0,0
2026-01-04 19:44:00,28.12884503048763,2.222451101827489,23.20697646448308,4.376139629447125,27.90093337826949,0.00420627644065133,0,0
2026-01-04 19:45:00,27.93983111771523,2.0895446378167457,24.590809814736325,5.209165737676073,27.744911673817455,0.006677956294512007,0,0
2026-01-04 19:46:00,28.012193174769184,2.7593653309707795,24.22257315590384,4.992921824050693,27.98719820473929,0.0008315021944961115,0,0
2026-01-04 19:47:00,27.8787857546904,2.4004713417006984,24.610699800214142,4.750140093421728,28.023883679085937,0.034517958311646404,0,0
2026-01-04 19:48:00,28.124999156322986,1.9244509804482532,23.866321131664815,5.467745820337566,28.122491361137037,0.008791061181131151,0,0
2026-01-04 19:49:00,28.165809561466666,2.3947745809132264,25.153522587695853,5.464060485141225,27.863282745249283,0.008537146537210764,0,1
2026-01-04 19:50:00,28.15672399297199,2.252435755710117,25.327356075898475,1.5871573928580112,28.010623122942622,0.017777445255073153,0,1
2026-01-04 19:51:00,28.081781494598353,2.606381869059824,25.470586331199964,4.290520708618375,28.13537095984605,0.004961993362632814,0,0
2026-01-04 19:52:00,27.797568353947135,1.9662278149665187,24.39772304656365,4.7609403541998825,27.931042335594423,0.051263487771566627,0,0
2026-01-04 19:53:00,27.95892717643833,2.2158234413825175,23.93730331028163,4.508596359501482,28.06434661111364,0.02739245900176281,0,0
2026-01-04 19:54:00,27.992918730396745,2.1133998861965253,24.938702356402345,4.831329756784536,28.191726161002354,0.0014686376030525645,0,0
2026-01-04 19:55:00,27.98951884391287,2.165150511624677,25.935371471548418,4.472295991697863,27.776510286810062,0.035236542611397845,0,0
2026-01-04 19:56:00,28.071654683588964,1.8297838720452198,24.768253722795315,4.381320926450688,28.03271851852377,0.026529562777600428,0,0
2026-01-04 19:57:00,28.310974388039295,2.3344388644729186,25.049815781192713,4.008085364696057,28.13954678536347,0.020705035774741906,0,0
2026-01-04 19:58:00,28.19695055522332,2.2708018456457015,24.582251424926923,4.858540059725339,27.95791445913793,0.05334314681843637,0,0
2026-01-04 19:59:00,27.86959814231908,2.5644061821273465,24.40771975259906,3.9954329091273175,28.166411196546555,0.007440624249895084,0,0
2026-01-04 20:00:00,28.166227944872194,2.09959984312918,25.234352032904493,4.6879157694371125,28.07610661417547,0.043632630809861725,0,0
2026-01-04 20:01:00,28.156323859465225,1.9460193225074258,24.712678919781677,5.043038940642503,28.212322859813543,0.017628607563788604,0,0
2026-01-04 20:02:00,27.893124926534867,2.3520567960427727,25.082713167139577,4.547266509478579,28.069895778986226,0.024669583660797405,0,0
2026-01-04 20:03:00,28.188357683698708,1.7821291553572038,25.168775988810886,4.420310020450185,28.222304644276793,0.011503128272946478,0,0
2026-01-04 20:04:00,28.00423911170783,2.422875016940038,25.070007527131974,4.7762535648544535,28.03600000343583,0.012650655669396051,0,0
2026-01-04 20:05:00,27.777063700055937,2.4039703624850857,25.23041741738387,4.509988065033557,27.83586452391542,0.017151288671808814,0,0
2026-01-04 20:06:00,28.110746317501558,2.4457724536994228,24.255933957855863,4.86498027304733,27.924279954373567,0.00921376277528229,0,0
2026-01-04 20:07:00,28.066026022981717,2.11728978711944,24.22628094953251,4.43850954707088,28.1222036158189,0.03123968538146618,0,0
2026-01-04 20:08:00,27.984364796016873,1.7940413130658532,24.849272090866886,4.763427125835941,28.119842756476558,0.027068090229494135,0,0
2026-01-04 20:09:00,28.01719187657092,1.9805735292834137,24.87906014240169,4.678752747356014,27.962727826034588,0.0019587231399835967,0,0
2026-01-04 20:10:00,27.89329921825788,2.05273116344171,24.5393110292494,4.795967434570941,28.21651609780713,0.03687915433638474,0,0
2026-01-04 20:11:00,28.131575238309996,1.7004234987201936,25.086457212564255,5.372303057906015,27.957523883453508,0.05122714324496888,0,0
2026-01-04 20:12:00,28.013164944622105,2.339359792910038,25.566263235104756,4.869933806221006,28.055437239023636,0.013038659773231447,0,0
2026-01-04 20:13:00,28.050399262863912,2.051740043985026,25.77445539119247,4.976555442790659,28.052113990016643,0.010874138729021253,0,0
2026-01-04 20:14:00,28.08439519753376,1.5121367314477523,25.944396449945614,4.581322420652973,27.840343576816537,0.045041428530443156,0,0
2026-01-04 20:15:00,27.812174589403263,2.4590057867630284,24.04799605658155,4.878139746612671,27.986740969256125,0.03225852636002895,0,0
2026-01-04 20:16:00,27.859138707197793,1.8096714804991212,24.166728341720116,4.703818795927223,28.28563954912801,0.022553372832733787,0,0
2026-01-04 20:17:00,27.622648468222312,1.3683533496664817,24.79046976228988,4.810379614247925,26.250445506377766,0.039662118511315216,0,1
2026-01-04 20:18:00,28.122639665361984,1.436641965252254,25.061738425388803,5.02713094980294,28.0750189092741,0.02993398619262351,0,0
2026-01-04 20:19:00,27.8035539433521,2.224251184471933,24.85088172268197,4.624918155913574,27.861474092484663,0.050713008996486814,0,0
2026-01-04 20:20:00,28.04659715223902,2.319037670511912,24.643081510384103,4.660684097397063,27.888077298983355,0.024698420787404782,0,0
2026-01-04 20:21:00,28.090711312357033,2.0109619436417967,24.828907307564954,4.629754865751341,27.8302854715473,0.03267650054619147,0,0
2026-01-04 20:22:00,28.133770280270976,2.0974429800304377,25.39230519750209,4.622998124807557,28.112928516859593,0.04476510656342683,0,0
2026-01-04 20:23:00,27.810249850240613,2.0403436680978912,24.135147774405226,4.860632330700765,27.89543348696451,0.019060920663862398,0,0
2026-01-04 20:24:00,28.017080735801546,1.7891958151650698,26.71804211376838,4.672606326137082,28.15209929747981,0.04541646534028404,0,0
2026-01-04 20:25:00,27.53150580400033,-1.909811037656456,27.104104954845912,0.524284727252501,27.936241584467194,0.015908095730812984,1,0
2026-01-04 20:26:00,27.541683548575154,-1.8541783115938304,27.836626957367802,0.9377069489179582,28.01535991131431,0.033999054995922436,1,0
2026-01-04 20:27:00,27.41327997454918,-1.8024952838169315,26.706559751661853,0.0,26.38108372160281,0.05495428473157619,1,1
2026-01-04 20:28:00,27.29896583665354,-2.335363066046591,27.526040558806766,0.10290100037164294,27.805974841247828,0.375756651580744,1,1
2026-01-04 20:29:00,27.060150283293225,-1.8339775951350274,27.2053937247445,0.363302651619333,28.02443791003121,0.01680067195099241,1,0
2026-01-04 20:30:00,27.37346731988919,-1.5925929947706,27.746329653243517,0.0,28.041987734102428,0.024014626324282275,1,0
2026-01-04 20:31:00,27.21890752151741,-2.1868082661198645,27.018642638886632,0.0,28.13680203847663,0.0011412259359654398,1,0
2026-01-04 20:32:00,27.351668326489204,-2.234151073961002,28.254817824426848,0.6083606590126652,27.88485959327202,0.06458422849620893,1,0
2026-01-04 20:33:00,27.140465119139126,-1.9660785724697694,26.135206481158434,0.2401550528318209,27.901957378304022,0.024234701365863365,1,0
2026-01-04 20:34:00,27.2270301040396,-2.3669836468394463,27.85502217855839,0.11154165854057024,28.079145755493997,0.054620628404783635,1,0
2026-01-04 20:35:00,27.29165852505234,-2.6055692293739003,27.284270217596692,0.5076828400458283,28.16948703702597,0.019002265131138858,1,0
2026-01-04 20:36:00,27.310563987882958,-1.7463809993420818,26.49893286886532,0.2695816108383073,27.928899699280706,0.02561210058548134,1,0
2026-01-04 20:37:00,27.35938892454189,-2.3076197304648853,28.588690440361226,0.0,27.85177556129765,0.041996754939379134,1,0
2026-01-04 20:38:00,27.170706396102897,-2.1433297869046104,28.52670146277497,0.0,27.961992624101818,0.0051601371677556344,1,0
2026-01-04 20:39:00,27.037765289475566,-2.3616264277317187,25.791156567556715,0.0,27.87840123908408,0.023154096069399582,1,0
2026-01-04 20:40:00,27.576759537438384,-1.6978185283347234,27.376750887663636,0.42168812186847987,28.047733731922374,0.0413224421881623,1,0
2026-01-04 20:41:00,27.737246684865582,-1.8409918487971977,27.756982424705594,0.2387299791834821,27.870419826806756,0.021165388842613066,1,0
2026-01-04 20:42:00,27.374734382603783,-2.2171286201070965,27.5821083326012,0.0,28.116748565320393,0.016304666709755618,1,0
2026-01-04 20:43:00,27.061026700323843,-2.5374784267653423,28.34355997072511,0.618297118073406,28.02551400319777,0.04507410556436636,1,0
2026-01-04 20:44:00,27.165439411406304,-2.236003347905081,28.207682822636926,0.0,28.120491992993127,0.050220078919466005,1,0
2026-01-04 20:45:00,27.401641162429172,-1.9035554463421551,27.48749663958557,0.3456312862559052,27.709202965780264,0.05308239833006066,1,0
2026-01-04 20:46:00,27.556895928801165,-2.0241406539663576,28.905236957782133,0.07701366655035709,27.789021914743746,0.012850156420214384,1,0
2026-01-04 20:47:00,27.10277287936043,-2.0376194482041545,27.976327825861905,0.6765335630979626,28.155120714937684,0.014572311994081924,1,0
2026-01-04 20:48:00,27.30440749649355,-1.986006123102662,27.083686372185163,0.2635659204714645,27.913657482274576,0.016511560166843988,1,0
2026-01-04 20:49:00,27.36783858478505,-1.777551748636285,26.95204344573275,0.016155818424571627,27.824034069773212,0.03793337053565626,1,0
2026-01-04 20:50:00,27.494060495432834,-2.039626384813058,28.21790361913489,0.0,27.975676191213694,0.0034576394397631237,1,0
2026-01-04 20:51:00,27.282528744020443,-1.8482201306415411,26.801240573152416,0.0,28.029081489655688,0.0044739465180085106,1,0
2026-01-04 20:52:00,27.06889863151499,-2.3308934651924047,27.07810047972935,0.0,27.981038257669134,0.012141914163703525,1,0
2026-01-04 20:53:00,27.468269619493576,-1.0704672750337108,27.205689114494223,0.0,28.05616169757914,0.008111994330070996,1,0
2026-01-04 20:54:00,27.565039169383628,-2.041708586837211,27.63068105865127,0.10805738653821242,28.039900022325998,0.040918485492243396,1,0
2026-01-04 20:55:00,27.35387686490582,-1.848449497404599,27.254497839739333,0.0,28.033618161211518,0.03970549552825811,1,0
2026-01-04 20:56:00,27.447892058262347,-1.6982101408607608,26.476093548252805,0.0,28.16180451858134,0.016329737835761457,1,0
2026-01-04 20:57:00,27.29577645531495,-2.0165457711264057,28.2193416739848,0.0,27.998298360806505,0.02151039917872356,1,0
2026-01-04 20:58:00,27.235204731675392,-1.845971907348728,27.130576434965803,0.01827820343904387,27.994770369697044,0.020715197079744993,1,0
2026-01-04 20:59:00,27.57847471309205,-1.8259284196805665,28.835235532206006,0.002581604054717013,28.096337378736195,0.01676630188698728,1,0
2026-01-04 21:00:00,28.269749252606598,1.4800866675993078,25.641553723134106,5.408403373132957,28.066319164924774,0.04739116317213843,0,0
2026-01-04 21:01:00,28.294548257298793,1.9779210647493304,26.323139169055676,5.0318328137689905,27.891657010888146,0.015787240806869524,0,0
2026-01-04 21:02:00,28.48293689191297,1.2714829419454636,25.88488238173957,5.5377354524156015,27.98894635034975,0.005334813974067428,0,0
2026-01-04 21:03:00,28.02894350321083,2.486217046632011,26.37085514893175,4.646353370547419,28.052587491801543,0.0497720515422294,0,0
2026-01-04 21:04:00,28.125686429904114,2.174012884278391,25.85643942752158,5.074302225094885,27.929580623171763,0.004939356557709287,0,0
2026-01-04 21:05:00,28.25968467477029,2.1433998753426535,25.62855553184251,4.66580561077955,27.93529894528066,0.4070421314439245,0,1
2026-01-04 21:06:00,28.135847721550174,1.334533085724905,26.235784213378015,4.603603849726288,27.83302498017414,0.07698242491714427,0,0
2026-01-04 21:07:00,28.38451051755698,1.6869300113224994,27.217130573909337,5.550939919242229,27.65406647644164,0.023031208956251405,0,0
2026-01-04 21:08:00,28.215882864284335,2.4717425347633717,25.294367709542975,4.531148105711639,27.955110562994193,0.047388007954953876,0,0
2026-01-04 21:09:00,28.076967153637995,3.4586593272662265,26.045794668130515,4.018893098872094,28.015274295736468,0.005040808010770028,0,0
2026-01-04 21:10:00,28.273402527332394,2.4431180261602377,25.491638311955516,4.552217741792301,27.86855029754382,0.005832945591064214,0,0
2026-01-04 21:11:00,28.298090165560087,2.4060606232484876,33.44289738425901,4.09708671838842,28.165344657394133,0.01065890551592421,0,1
2026-01-04 21:12:00,28.44145536707498,2.243841668757048,25.53627628018658,4.467036424624857,27.874395979072435,0.03980355811492496,0,0
2026-01-04 21:13:00,28.349672168988572,1.7791797452638023,24.00183501210518,4.499466962702493,28.109503666874332,0.025031393027357116,0,0
2026-01-04 21:14:00,28.367511231746228,2.4384740795143793,25.377454225101182,4.812348617698042,28.050240404605887,0.021644767891482293,0,0
2026-01-04 21:15:00,28.347652503121296,1.7176863233406194,26.22244268544305,4.082641180451865,28.261160247046885,0.0017649567829330394,0,0
2026-01-04 21:16:00,28.26150541372943,1.6908731084057622,24.992117200414274,5.218583279128396,28.06478071873085,0.022707701317160097,0,0
2026-01-04 21:17:00,28.171735281904702,1.6787790851949,26.17726975356934,4.143480757807229,27.826446872306267,0.013414987224864392,0,0
2026-01-04 21:18:00,28.357792248711334,2.4743727069788655,25.665816004555392,4.755287212071141,28.126523992689993,0.008395076351382594,0,0
2026-01-04 21:19:00,28.250856607699564,2.119508584971972,25.407764763896267,4.686545816154323,28.20370982019577,0.006867490741258343,0,0
2026-01-04 21:20:00,28.619869841422954,2.1799830485208025,26.180232937623025,5.088872625965452,27.787334527670946,0.19486793641181588,0,1
2026-01-04 21:21:00,28.562036322203774,2.142691285411156,26.027073079716292,4.923040146215247,28.076695468933888,0.012034110065526826,0,0
2026-01-04 21:22:00,28.438949550505907,1.7557860000373042,25.848756917757736,5.215405522441267,28.103237781769725,0.0248826865395385,0,0
2026-01-04 21:23:00,28.397605213133694,1.9150309723505918,26.269360580690982,4.6734913478076905,27.974460618394346,0.006842248347857072,0,0
2026-01-04 21:24:00,28.31793343940932,1.9309334911901879,25.704088626428604,4.637338644616176,27.70936544061553,0.03405649373642422,0,0
2026-01-04 21:25:00,28.110885728118927,1.6528377070254008,24.414175254149175,4.944476844768613,27.964485053141388,0.029332840126775714,0,0
2026-01-04 21:26:00,28.302930935451258,1.963129970841476,25.304110295013515,5.160220657834731,27.930271694250113,0.020835353386162967,0,0
2026-01-04 21:27:00,28.363875065000435,1.7544125209646255,24.308897864119327,5.088774183628719,28.18357310356763,0.027907305253634808,0,0
2026-01-04 21:28:00,28.390528928459947,2.3267008192018204,26.035150314271057,4.912634974713658,27.989369044837815,0.0418150290554323,0,0
2026-01-04 21:29:00,28.437165203371002,2.345917788593101,26.20518044512775,4.88143187579373,27.950522659992,0.0010785804634892392,0,0
2026-01-04 21:30:00,28.521724008299177,1.6503351984006054,26.239707545294685,4.787298806669836,27.929618503724264,0.0262005247040828,0,0
2026-01-04 21:31:00,28.23434283380989,1.9863420329074661,25.92538705744299,4.943475557568678,28.039089714014988,0.0015074891126970885,0,1
2026-01-04 21:32:00,28.238829319036228,2.725424722223211,26.262902129201162,5.512227055567722,28.006824183099777,0.026576949600369056,0,0
2026-01-04 21:33:00,26.750307801152218,1.7168336747296828,24.483894582424483,4.715099316455092,27.905206608703644,0.020340627496504907,0,1
2026-01-04 21:34:00,25.01666270649914,2.1924536658889306,25.514210723010315,4.672428443504603,28.031682474922675,0.024551590838786372,0,1
2026-01-04 21:35:00,28.298805902157465,2.06190834029129,24.600884979280178,4.645630446916389,27.93312940798211,0.04027143453450928,0,0
2026-01-04 21:36:00,28.35189216252172,2.3882354835466875,25.342141712607887,4.936280465342845,27.68892882595538,0.03973317691621572,0,0
2026-01-04 21:37:00,28.354538594867414,2.0888851369567325,26.725822333832358,4.057389155816066,28.080162748395914,0.04456076328664235,0,0
2026-01-04 21:38:00,28.380336572740326,1.8133616297017479,26.361012997705775,4.7527284039029825,28.068782092150265,0.017865199492267156,0,0
2026-01-04 21:39:00,28.461149524735035,1.9657252675920533,26.06047457481877,5.108226397937491,28.023968695141267,0.03765707271646194,0,0
2026-01-04 21:40:00,28.833564089840166,1.9481865305477837,25.47069524125065,4.615819222148223,27.94690387328901,0.03411948908574179,0,0
2026-01-04 21:41:00,28.412404433382758,1.8643797607369692,24.90309430315471,4.865346620434846,27.991352780192305,0.018318234173846967,0,0
2026-01-04 21:42:00,28.498281608242834,1.4110800824228336,25.73013779855375,5.538267412157261,28.098313917688206,0.027109650235933667,0,0
2026-01-04 21:43:00,28.075995721932543,2.283791597995286,26.377125690487247,4.9160599562425595,27.924182600608034,0.022620647533034378,0,0
2026-01-04 21:44:00,28.292608350163245,2.197666521562975,25.88682319110566,4.016270682549516,28.103157497757877,0.050107953017201806,0,0
2026-01-04 21:45:00,28.601186700488988,1.4345338405955441,24.49001644757081,4.306540471704942,27.823018283018467,0.039583894762413745,0,0
2026-01-04 21:46:00,28.45230711930763,1.6703312629252531,25.67314077660528,4.712148862002131,28.020179512473657,0.018954421887226326,0,0
2026-01-04 21:47:00,27.5895209037711,1.6725094303900283,34.441949768613,4.5186609321256865,28.003090894004604,0.017702029832293648,0,1
2026-01-04 21:48:00,28.500338117583205,1.3224493280389342,26.162147103078855,4.836184122030224,28.12032219853245,0.042237074656351944,0,0
2026-01-04 21:49:00,28.72351784340666,1.0501482317472761,25.113505228619918,4.696898392201382,27.88972846847189,0.04911944780865064,0,0
2026-01-04 21:50:00,28.018002030040634,1.4455855216666955,24.741644421374048,5.208125036490955,27.902822782228178,0.030679631313437466,0,0
2026-01-04 21:51:00,28.649556349748277,1.5329013558355649,26.16942625419922,4.418033993488209,27.832660681232806,0.036854300851923226,0,0
2026-01-04 21:52:00,27.87570121721701,1.1312532863475402,25.98731145608628,4.727375216238107,27.93199186525888,0.04845636672648854,0,0
2026-01-04 21:53:00,28.54186691537851,1.6764704749483013,25.757125392369378,4.876040470546315,28.030650156578115,0.021853856825782357,0,0
2026-01-04 21:54:00,28.369633420250928,2.001274867858372,27.127168004577744,4.919397055225687,27.784258786807094,0.02650247134984697,0,0
2026-01-04 21:55:00,27.146149852997432,-1.7302350122324457,28.035826056825094,0.05138184050230146,27.946850498832074,0.03376110962884024,1,0
2026-01-04 21:56:00,27.647197902725182,-2.0874704082661895,27.13803771731716,0.0,28.073294842356024,0.017278029878666033,1,0
2026-01-04 21:57:00,27.771589337223038,-2.7042447826995115,27.950959626451166,0.02915222730282261,27.987654473117193,0.0555828097603347,1,0
2026-01-04 21:58:00,27.627282589021732,-1.8253079445316804,27.385100398251147,0.0,28.009024663486656,0.01711595239530929,1,0
2026-01-04 21:59:00,27.664199541385337,-2.038925891221655,28.46975194331003,0.3024384135194997,27.81926809826084,0.026103153535609512,1,0
2026-01-04 22:00:00,27.481782872460165,-1.9545860030982454,27.77720002058286,0.25303960799929115,27.987994529183975,0.05949476965302889,1,0
2026-01-04 22:01:00,27.217598501368375,-1.4369419360988205,27.843786858382984,0.0842955788476602,28.003442264292026,0.00851196242337484,1,0
2026-01-04 22:02:00,27.673762287080578,-2.413198419434106,26.565337048788308,0.10960744494201503,27.980352399370325,0.02888725245273843,1,0
2026-01-04 22:03:00,27.860578764487826,-3.139055357296015,27.6149256937173,0.4733340847303834,28.018336215270097,0.013109811250902256,1,0
2026-01-04 22:04:00,27.745166489410153,-2.5083126064300116,27.529408808220463,0.4026036374834918,27.96290494571401,0.025003047694795444,1,0
2026-01-04 22:05:00,27.180070350433173,-1.9745669396605348,26.84849205859411,0.09636620079140644,27.945275507692955,0.0032941602991747657,1,0
2026-01-04 22:06:00,27.261085075287966,-2.1386585977670793,27.406868762244414,0.7508964006691016,27.875227496615967,0.018324186690595094,1,0
2026-01-04 22:07:00,27.377206970537433,-2.5752594348162225,27.86325714925355,0.0,28.11693539367381,0.025445989151896962,1,0
2026-01-04 22:08:00,27.238302925452192,-2.6466878735684345,27.551329248378302,0.0,27.8528009984705,0.029289761089659125,1,0
2026-01-04 22:09:00,27.528397694664683,-2.272195818914985,26.561881215112486,0.0,28.01895364003329,0.04112160312783779,1,0
2026-01-04 22:10:00,27.586516614676068,-2.580815848012906,27.35491038468681,0.0,28.21758364896059,0.016829111482119782,1,0
2026-01-04 22:11:00,27.253373474574992,-1.9573818078075158,27.21419078316631,0.0,28.132172203430837,0.02273435074463214,1,0
2026-01-04 22:12:00,27.645684468082237,-2.2768691917224984,27.672749055603976,0.0,28.061123768523252,0.021855545095683725,1,0
2026-01-04 22:13:00,24.65907627810672,-2.3440056086144807,27.59248003674536,0.12025480383167068,28.029969059867934,0.02384299029273156,1,1
2026-01-04 22:14:00,27.396716825090106,-2.379974657227758,27.23963269322398,0.0,27.984667450209262,0.025580960529160004,1,0
2026-01-04 22:15:00,27.458946042522886,-2.0110159370213503,27.20728972408073,0.0,27.891838057478033,0.010057874919321766,1,0
2026-01-04 22:16:00,27.133540669683917,-2.0752499220782554,27.564640739107055,0.014813931844625396,27.969540235244995,0.002845940023009544,1,0
2026-01-04 22:17:00,27.419099618290357,-2.0051187193104467,28.18633876059305,0.04307536773509808,28.068985077319656,0.028907909900579138,1,0
2026-01-04 22:18:00,27.474541891097104,-1.9970553835850535,27.701813655778743,0.2502760343514695,28.046765793737784,0.007103470069368345,1,0
2026-01-04 22:19:00,27.497803753955935,-2.0683988674694938,28.497265095456996,0.0,28.094646699196424,0.03224934376945382,1,0
2026-01-04 22:20:00,27.529761469962253,-2.3865713676006304,28.28854344290195,0.3058498766807598,28.146360623805347,0.008130372075279453,1,0
2026-01-04 22:21:00,27.499586572768994,-2.2613578826583147,28.537023524069422,0.0,26.48075614222974,0.03746899569426866,1,1
2026-01-04 22:22:00,27.40203285853924,-2.1236079592802546,28.441264922828523,0.0,28.02302217823986,0.024019796568349513,1,0
2026-01-04 22:23:00,27.495061030867717,-1.241496713644151,28.571014755413405,0.5946476205602488,27.772111436424723,0.02526924328106919,1,1
2026-01-04 22:24:00,27.617789863143038,-2.4144505372224128,26.663320381748584,0.0,28.270743733004256,0.020565792721283217,1,0
2026-01-04 22:25:00,27.414067018784316,-2.06634882632491,27.91713574258558,0.0,27.95033813077651,0.017679600343440998,1,0
2026-01-04 22:26:00,27.482218238522517,-1.86207960349729,28.31002651714121,0.0,28.07820310324145,0.02080629989926124,1,0
2026-01-04 22:27:00,27.385304332108635,-1.9789355554315962,28.429634884211755,0.0,27.950256731328807,0.04626970581483665,1,0
2026-01-04 22:28:00,27.29613956030762,-1.4728212458328196,26.903776152703248,0.04842710531006925,27.94747055631249,0.0026187098216883566,1,0
2026-01-04 22:29:00,27.500400249451616,-1.9323890414864484,27.896260297426164,0.24728980249503232,27.971559770204294,0.013333545914075947,1,0
2026-01-04 22:30:00,28.100059330049362,1.7179105102972887,25.48140286351751,4.793476653268464,27.85058575958831,0.044019889420247316,0,0
2026-01-04 22:31:00,28.263224532772146,2.1095347455761404,39.601828439726006,4.6863585527727665,27.70237448238005,0.039755919585253846,0,1
2026-01-04 22:32:00,28.192529801597868,2.482459667357444,24.44255135203928,4.365029139858009,28.139162808353163,0.04918354667759122,0,0
2026-01-04 22:33:00,28.1264766348382,2.365393522668123,24.86738315039527,4.545504340686319,28.065484306840045,0.02393363825390242,0,0
2026-01-04 22:34:00,28.11588313204079,1.8486442150977456,24.130529498315266,4.258887470447667,27.890097417014164,0.0012707595564543303,0,0
2026-01-04 22:35:00,28.07728154938513,1.9023770760576424,25.4911500947356,5.057795868709588,28.054229254661873,0.005058847831508333,0,0
2026-01-04 22:36:00,27.866331684676776,1.958709560751004,26.966411871846713,5.082125619526524,28.098872079638678,0.01962319946001805,0,0
2026-01-04 22:37:00,28.22537517592116,2.0157648399369723,25.342350305539313,4.785843340233958,27.916837566073234,0.03869254039624288,0,0
2026-01-04 22:38:00,28.19206370450304,1.688899902459878,25.435640601117264,4.954507844359611,28.04942175479435,0.02041578659942167,0,0
2026-01-04 22:39:00,28.29731758645324,2.333532667901764,25.74147567115997,5.10668140067153,28.120816394270445,0.019029732541148356,0,0
2026-01-04 22:40:00,28.042774131786157,2.0972888580932616,25.26616122754827,4.835423110688889,27.82739772000199,0.032144830173568936,0,0
2026-01-04 22:41:00,28.473739865770938,2.0274307635752895,25.59490497551345,5.287763739397349,28.06400934203565,0.025498986383655702,0,0
2026-01-04 22:42:00,28.05843493363342,1.6151998071214153,25.604224687339183,0.9847904614923461,28.043726460305805,0.017069414048411273,0,1
2026-01-04 22:43:00,27.963573457982925,2.0976039367340595,24.728645603501135,4.677965420182459,28.22565408034807,0.006972766947411321,0,0
2026-01-04 22:44:00,27.936631833126857,1.4275388442669885,25.24543173100922,4.636290241183336,28.06684423044916,0.04204515580430949,0,0
2026-01-04 22:45:00,27.79789396741866,1.8995316209132695,25.82121853870673,5.0265333329103274,27.95069428606801,0.04386063807376631,0,0
2026-01-04 22:46:00,28.380487553068786,1.9174937189369878,25.942343208970865,4.298050534735872,27.964577321277748,0.005961636377282836,0,0
2026-01-04 22:47:00,28.346137407713623,2.2249626666790427,26.19164040426621,5.306791112490092,28.24280724190463,0.017753025784884243,0,0
2026-01-04 22:48:00,28.202332783906616,2.7908172894341523,25.507720213526703,4.996621033173268,27.957417938989842,0.03700551044145526,0,0
2026-01-04 22:49:00,27.92788494904174,2.3397711171795037,25.512068634265187,5.41260306541629,28.070337536182443,0.004522081910151722,0,0
2026-01-04 22:50:00,28.410326412937064,2.6516234389767357,25.778131222171798,4.785800075315349,27.971394333864232,0.0315731942577626,0,0
2026-01-04 22:51:00,28.016247041781508,2.3739069239651474,24.826526939433208,4.607388245355685,28.129751441154514,0.019123144250675544,0,0
2026-01-04 22:52:00,28.026536843696583,2.543555510847349,24.787567717785265,5.029987131416337,28.135680407546026,0.0030983693781535294,0,0
2026-01-04 22:53:00,28.329225470417537,2.799781362986771,25.134885830970184,5.160697777269996,27.99727986767977,0.056992160557780384,0,0
2026-01-04 22:54:00,28.184837836620623,1.8919397720731057,24.31924916803852,4.54995270583496,27.95118865805102,0.018854182396318593,0,0
2026-01-04 22:55:00,28.45831056521441,1.8656961616082486,25.485996928913508,4.100841222345721,27.948327033409583,0.034437532844529224,0,0
2026-01-04 22:56:00,28.10292807120821,2.373687319363658,25.92481792273755,4.160807112837004,27.79272877825107,0.004818912283259317,0,0
2026-01-04 22:57:00,27.98291139708834,2.131582321781519,24.68261502301252,4.891484724046443,28.01206707189508,0.05294211576349814,0,0
2026-01-04 22:58:00,27.94064835791733,2.2016381905808124,25.47332776038375,5.339066285755347,28.00964755069116,0.06005295476792875,0,0
2026-01-04 22:59:00,27.714892030797532,2.027544503967131,24.717303745703877,4.344706466879695,27.902064166460352,0.002039222777788622,0,0
2026-01-04 23:00:00,27.993968188213685,1.8944183403659096,24.43496092612528,4.704671779870751,27.77982266475943,0.02203791305221322,0,0
2026-01-04 23:01:00,28.24709623427432,2.657430784465518,26.574222704396266,4.67804265671882,28.02475425951758,0.0489020034341279,0,0
2026-01-04 23:02:00,28.14600722274424,1.690852373925387,24.42243264882737,5.4721862235286975,28.039914760925644,0.01656822062468037,0,0
2026-01-04 23:03:00,28.039217258805202,2.3003379796516175,24.217039655475507,5.590543513580593,28.04735742880146,0.03236738049642227,0,0
2026-01-04 23:04:00,27.854018706291036,2.2266103296663062,25.25133455934641,4.94855844089891,26.98638575094588,0.005246220352343713,0,1
2026-01-04 23:05:00,28.07169247150083,1.472321009240716,25.27737450939944,5.114300128422519,28.047612770251718,0.010810556249745092,0,0
2026-01-04 23:06:00,28.21111629400204,1.714951722804602,25.544754591790387,5.104569648010785,26.220431486730106,0.030490787218211877,0,1
2026-01-04 23:07:00,28.1045023608957,1.753530046149176,39.04255828243918,4.351887450627514,28.103738548395533,0.014389686367636479,0,1
2026-01-04 23:08:00,28.05535909980432,2.1619194866358566,24.5099946511631,5.044483055402552,27.883021482773117,0.01851036492109514,0,0
2026-01-04 23:09:00,27.880481054277297,1.8138955380008395,24.6370942891214,4.443137735044968,28.13802438545096,0.0022803353989289295,0,0
2026-01-04 23:10:00,28.178827330997965,1.8897506178502201,26.15609288962669,4.739962459858184,28.181198365854783,0.03677319423002412,0,0
2026-01-04 23:11:00,27.458008880252564,1.3862964995912908,25.675160961235914,5.198907965779096,28.01392944406203,0.000887591286308418,0,0
2026-01-04 23:12:00,28.089898286429435,2.6868381926365874,25.565594783116854,4.828326664032399,28.048440881202616,0.05273248052275957,0,0
2026-01-04 23:13:00,28.483096427523257,1.8736290518948358,24.580313450843914,5.18587375437113,28.094067108705893,0.012711548946031501,0,0
2026-01-04 23:14:00,27.74860244141683,1.9990650798643794,25.768949097604608,5.254742204695998,27.876915753724663,0.03941265606262819,0,0
2026-01-04 23:15:00,27.976553498153752,1.6107810790021937,25.530585194848317,4.185073206634781,27.941648238065063,0.03763967925967257,0,0
2026-01-04 23:16:00,28.01868567291411,1.5471656697158065,25.08848922677616,4.03780585299178,28.02210694265839,0.007268590896455894,0,0
2026-01-04 23:17:00,27.93717356442305,2.420729043897728,24.533747612121587,5.206732359190891,28.24322734196391,0.014636370967612545,0,0
2026-01-04 23:18:00,28.207533422494325,1.0563783457614555,25.00519792159283,5.2208425794881705,27.85646724440617,0.01676610776234859,0,0
2026-01-04 23:19:00,28.10679293021047,1.8010533994148297,26.071697827012272,4.889808115706071,28.196526946599025,0.01798624346375899,0,0
2026-01-04 23:20:00,28.05014867151632,1.2562665879482386,24.139159581130567,4.937275605927995,27.97681283408806,0.0016419708855473954,0,0
2026-01-04 23:21:00,28.167442492878383,1.5158917708845192,24.33219371894015,5.112566694328964,27.995867562236302,0.0346096463077424,0,0
2026-01-04 23:22:00,28.02836189690323,1.4123518893390463,24.439645510942515,5.10604311897315,28.14616532226189,0.012602540387206979,0,0
2026-01-04 23:23:00,28.599348502719334,1.2694360683216366,24.578526689768456,4.693535606092779,28.242573937808977,0.022944867055549732,0,0
2026-01-04 23:24:00,28.056052275125083,1.6066797670948576,24.842022290223213,5.13454758236884,28.050741494996892,0.04311436290081034,0,0
2026-01-04 23:25:00,27.266006105986683,-2.9237858649474218,27.51091841355377,0.0,28.13976963836593,0.03529234775369387,1,0
2026-01-04 23:26:00,26.925222657254785,-2.1535513983321906,27.149735619826963,0.08524288529105806,27.88956308264014,0.013816494637647099,1,0
2026-01-04 23:27:00,27.137740758709715,-2.091702180289566,26.856109924069383,0.07000785943012745,27.93646380460565,0.04373678017407197,1,0
2026-01-04 23:28:00,27.444745054390115,-2.551550555004459,26.994142561625303,0.0,27.83770628217352,0.03697971591502758,1,0
2026-01-04 23:29:00,27.00068720022061,-1.5605365978869732,27.223719329173125,0.0,27.938129429849706,0.012294794473591372,1,0
2026-01-04 23:30:00,26.85575513594445,-2.311169322503619,25.596364713520614,0.7819381068735239,28.06782817505224,0.0157471393078608,1,0
2026-01-04 23:31:00,27.253168127505603,-2.1976974010673986,27.510257830954316,0.0,28.025457455145972,0.04300907423194733,1,0
2026-01-04 23:32:00,27.497507248285583,-2.331791056468513,26.168208777023846,0.129485743329438,28.207252324747365,0.03901617080467767,1,0
2026-01-04 23:33:00,27.262005562177812,-2.1614179228540094,26.42275056109002,0.20292971176331254,28.24656532426972,0.0020461745263550615,1,0
2026-01-04 23:34:00,27.197655635878046,-1.6817530714694775,26.957985703758368,0.0,27.98361947016092,0.006899332691242516,1,0
2026-01-04 23:35:00,26.927584171445208,-1.2791271821810581,26.653335366441556,0.2350214773771044,27.91843787078548,0.037516824886282094,1,0
2026-01-04 23:36:00,27.347639673500463,-1.8871089420836644,27.033376673638152,0.11514414312543882,28.139204307927557,0.0038612580805263176,1,0
2026-01-04 23:37:00,27.389548355537983,-1.768988971016563,26.77818042463386,0.0,28.151706836771034,0.03948888107888532,1,0
2026-01-04 23:38:00,26.95424964347918,-1.5490371709397053,26.462715547089694,0.18788605294850394,26.869198415538893,0.059844167076616446,1,1
2026-01-04 23:39:00,27.4837723316209,-2.060977786510638,27.721700038316506,0.0,28.08466732745784,0.031719212813843274,1,0
2026-01-04 23:40:00,27.422123424917,-1.5950949077901178,27.13351242932783,0.6092342141671888,28.065898323384538,0.008386209711190484,1,0
2026-01-04 23:41:00,27.4929978040999,-1.8622631078599605,26.83562415095577,0.15019384702597954,27.88134919724048,0.02817710314829343,1,0
2026-01-04 23:42:00,27.399233171117356,-2.08247420494425,27.095161774937893,0.0,27.85377140903631,0.04362303439109519,1,0
2026-01-04 23:43:00,27.4170081649613,-2.0018949870403637,26.10290567131058,0.11980134388202532,27.993891772132656,0.02678038764704322,1,0
2026-01-04 23:44:00,27.39834429420433,-2.752073853383456,28.10519970535241,0.0,27.975890146574482,0.033709056784952014,1,0
2026-01-04 23:45:00,27.466325017870215,-2.0008671501684003,25.80772353072404,0.09022267799775724,28.03323325682149,0.010610565930659677,1,0
2026-01-04 23:46:00,26.98811872025623,-2.6304747825504764,26.634486810803132,0.0,27.984253020718477,0.011973937489363663,1,0
2026-01-04 23:47:00,27.050902495526092,-2.644647966826235,26.340960805904505,0.0,27.795608235894292,0.041309025393903166,1,0
2026-01-04 23:48:00,27.194305982212196,-1.9925931477582643,26.300553042188742,0.0,27.746536809910154,0.012182879793131936,1,0
2026-01-04 23:49:00,27.30920318228407,-2.433057937980685,26.19584291445137,0.8522269903570795,28.088491649964283,0.021551655959404892,1,0
2026-01-04 23:50:00,27.408301020396852,-2.027465476346471,25.959802999301058,0.031987298595590775,27.92046514379759,0.01948601366307527,1,0
2026-01-04 23:51:00,27.402819638593698,-1.9572727565299262,27.318016899493998,0.0,27.972145071360483,0.03065552870248674,1,0
2026-01-04 23:52:00,27.551464322015025,-1.921404382195619,25.6290649388043,0.0,27.933043042031464,0.044053190821263515,1,0
2026-01-04 23:53:00,27.56318321253652,-2.280757539439806,27.147035528141746,0.16490813601590454,27.89043410772818,0.05462396095749356,1,0
2026-01-04 23:54:00,27.205546576159914,-1.6278189912081344,26.89870766430695,0.0,27.8872177781484,0.02652459895022726,1,0
2026-01-04 23:55:00,27.411687027829036,-1.9509393829271144,26.164306636342214,0.0,28.122380364816223,0.036855109043830964,1,0
2026-01-04 23:56:00,27.22233916323725,-1.7420965864760616,26.78996561257498,0.0,27.971301961778543,0.027171274307053482,1,0
2026-01-04 23:57:00,27.34730040970818,-2.2915229566676607,26.292834371406585,0.0,28.076171715511915,0.031373262659388106,1,0
2026-01-04 23:58:00,27.445366281154783,-1.9111252302146307,25.618897676707117,0.0,28.092290188678096,0.021636528889915768,1,0
2026-01-04 23:59:00,26.78014991682864,-1.4403616966659107,25.612554418369545,0.0,28.037987697520872,0.03195594656196743,1,0
2026-01-05 00:00:00,28.634023927135143,2.13956217113304,24.82094250460805,4.663159939718777,28.096245217129162,0.011861389100486609,0,0
2026-01-05 00:01:00,28.308235471337987,1.5453623267868841,24.77092990682642,4.635626922489634,28.001717102394345,0.06064153905866524,0,0
2026-01-05 00:02:00,28.10532957569953,1.6577652186348284,24.504159841990624,4.5870725384934845,28.163657846618698,0.018042095585997557,0,0
2026-01-05 00:03:00,28.565741679329612,1.5267287362638646,24.047037540747283,4.896775023883544,28.0988099683571,0.03527595942117901,0,0
2026-01-05 00:04:00,28.1625135474853,1.6667285531446492,24.174172561585472,5.579179794040982,28.11477318310789,0.030751870313562486,0,0
2026-01-05 00:05:00,28.255110161429094,1.4300334109166912,24.06599334394088,5.266117809618078,27.887377879386296,0.03168307194923636,0,0
2026-01-05 00:06:00,28.149743258475617,1.8939962697335417,23.05745812681035,5.479671814250979,28.031589254428592,0.003709286578725872,0,0
2026-01-05 00:07:00,28.540904471947737,2.1859134863390564,24.309669454265133,4.601308041838085,27.779797224375695,0.005206621185079318,0,0
2026-01-05 00:08:00,28.230717476911998,1.7107032401512292,24.619020565802337,5.3861408831149165,28.16812275278598,0.035903951309049116,0,0
2026-01-05 00:09:00,28.282530197120604,1.9740126393709585,38.22429986272478,4.879546535729208,27.92520078243561,0.04913801773286669,0,1
2026-01-05 00:10:00,28.478244413343194,1.9478012207193056,25.46484554453211,5.145227222101917,27.94183576037596,0.02896412492254506,0,0
2026-01-05 00:11:00,28.372754289157857,2.4124219857200204,23.509880841700127,4.960196385316854,27.835916432288265,0.03949485567890199,0,0
2026-01-05 00:12:00,28.263429944029507,1.846043546035538,23.73698026910533,4.679856474326448,27.995647401460737,0.01675339736510678,0,0
2026-01-05 00:13:00,28.47877718144637,1.874478126084542,24.2795921082616,5.051824166512115,27.967809734528412,0.030968327066289776,0,0
2026-01-05 00:14:00,28.74143186259849,1.7940557554919399,24.34389102739996,4.969725693766466,28.21872371996042,0.04706187834627586,0,0
2026-01-05 00:15:00,28.34713388078389,1.7049805592970761,22.829235268669173,4.181134725205487,28.103108246435955,0.019356145621382263,0,0
2026-01-05 00:16:00,28.316402283379038,2.299792663211144,24.568850629125006,4.756556519110405,27.938241866434126,0.046342925833354046,0,0
2026-01-05 00:17:00,28.331367597676167,2.077225570382706,24.30772028871364,5.105341465302398,27.800052045746497,0.004422300849239624,0,0
2026-01-05 00:18:00,28.541678655562315,2.1520532316414585,22.637317723824864,4.8970975646178605,27.72595953853072,0.013965945650617172,0,0
2026-01-05 00:19:00,28.20296347325269,2.5857279088649876,24.02625044519597,4.964314839849228,27.876849606406175,0.034826490249152145,0,0
2026-01-05 00:20:00,28.265604608995474,2.6109109676290254,23.52908392668979,4.537001660499268,27.840254014285517,0.05925059218883121,0,0
2026-01-05 00:21:00,28.043703778301797,1.5719006556367132,23.764916709906373,4.889673712241638,28.04183361027012,0.025256930471758563,0,0
2026-01-05 00:22:00,28.11194229140742,2.376528925040132,23.13281841720458,4.766280086083171,27.982606356884705,0.00638948413627298,0,0
2026-01-05 00:23:00,28.23627716357532,2.2287632134556,24.348134995786484,4.728791367888912,28.00207915312585,0.05884141929512365,0,0
2026-01-05 00:24:00,28.323697409655054,1.986525813677818,25.27743032730655,4.562260250188318,27.886129370982168,0.022729449766791327,0,0
2026-01-05 00:25:00,28.65632299840004,2.259372004014052,24.217159281197617,5.120201824132106,28.01824388736884,0.036966019729422504,0,0
2026-01-05 00:26:00,28.43832064053575,1.5353693718693227,22.507603785449415,4.920914003995988,27.829551222299166,0.0189803537922564,0,0
2026-01-05 00:27:00,28.181448927153326,2.6447946006750467,24.206695688433925,4.885591721228771,27.989404010914967,0.027560966222102037,0,0
2026-01-05 00:28:00,28.218190275694365,2.3047447830735464,23.858214998777044,5.517774631872052,28.099629659555305,0.014881891544066135,0,0
2026-01-05 00:29:00,28.600103420289674,1.8117587055132798,23.211516900290263,4.9658297093311115,27.95614806616135,0.06563758401877309,0,0
2026-01-05 00:30:00,28.55867443543445,1.8982153136877211,24.217607640461843,5.220173840675187,28.053237258888196,0.27824696249191144,0,1
2026-01-05 00:31:00,28.363997550554963,1.4940618839526596,24.57383523398603,4.895526489646384,27.762776226571535,0.05682621267492196,0,0
2026-01-05 00:32:00,28.282128164536857,1.9659187263196725,23.478069040875464,4.676392709195908,27.753149824370443,0.010807687106548051,0,1
2026-01-05 00:33:00,28.5669260928025,1.8911444968828912,22.783503545272023,4.429301937424475,28.03927104827157,0.007850421022798766,0,0
2026-01-05 00:34:00,25.1224454069614,1.5793417941673387,22.514137339362563,4.884486544799223,28.125642285191443,0.019726822192636377,0,1
2026-01-05 00:35:00,28.439710143391817,2.2968214451887143,23.44461096001338,3.8677786617152226,27.971411923180465,0.07029649610332558,0,0
2026-01-05 00:36:00,28.780268791293924,2.4526038546954325,23.790113790110436,4.895363476561917,28.25742501067115,0.01920628398112856,0,0
2026-01-05 00:37:00,28.409991128074157,1.9758955709660522,23.526232927316762,4.9103894375482025,27.826792238710546,0.04393218534116333,0,0
2026-01-05 00:38:00,28.23504352446259,1.8573386379788448,23.397706691096914,4.723851347053523,27.918401942987348,0.0065528065460816395,0,0
2026-01-05 00:39:00,28.449932934612963,2.0946024358226674,24.26219969522521,4.767671773676117,28.016811003766108,0.010077874525799111,0,0
2026-01-05 00:40:00,28.292663826119433,1.9128334132907252,24.17741445478043,4.3620906686793175,28.055724981660237,0.02356373917130508,0,0
2026-01-05 00:41:00,28.127307400497866,1.5177103488550376,23.98201990056886,5.284961267024753,27.92993167593702,0.06297449247326685,0,0
2026-01-05 00:42:00,28.505200426003267,1.644331796480674,24.402818121576814,4.681962165361666,27.872888200068537,0.04480419110270658,0,0
2026-01-05 00:43:00,28.58077172114572,1.7449579829742283,23.360939278643922,4.459767538758821,28.074431543828247,0.011957370558643023,0,0
2026-01-05 00:44:00,28.323927147890373,1.9112800738772804,23.043348038039237,4.9906313728317215,28.015988878716527,0.0370011541823316,0,0
2026-01-05 00:45:00,28.31209757866267,1.8032678512567732,23.433200039317292,4.838764637726617,27.958645477335015,0.004322772668705066,0,0
2026-01-05 00:46:00,28.20680857846151,1.8492145171850525,23.374326502096366,4.674582825415343,28.059857747005754,0.012731892363484595,0,0
2026-01-05 00:47:00,28.352573120962607,1.217599620514607,22.34185304943883,4.637588322065396,27.98363825801341,0.03418702729470753,0,0
2026-01-05 00:48:00,28.277787632240113,1.9600571186435083,23.385488898139442,4.798026457540541,27.983230938016415,0.05017184278943798,0,0
2026-01-05 00:49:00,28.196262368766895,1.7047224848670253,24.530529299694436,5.2710355896873775,27.9788107682618,0.04928678094748167,0,0
2026-01-05 00:50:00,28.717855785014123,2.573741118788581,24.307595584910953,4.96434124367029,27.901473069580152,0.030968199418432454,0,0
2026-01-05 00:51:00,28.460035275146996,1.521970145361715,24.104610063475175,4.7879571018223785,27.889270782162395,0.031221114129951988,0,0
2026-01-05 00:52:00,28.47768435017496,1.748895426313223,23.81921766348715,5.0983518565024335,27.936915721643995,0.04923181717308643,0,0
2026-01-05 00:53:00,28.532039027676735,2.6047549642913554,24.7315397233692,4.809636161894884,28.003848516760502,0.003359792908124864,0,0
2026-01-05 00:54:00,28.50997669194989,1.6622072320237455,22.96554254621573,4.940543296542373,27.775447179260915,0.057892392919067524,0,0
2026-01-05 00:55:00,27.494784880238054,-2.048646352136884,25.022755524462447,0.05289470619533456,26.91383872847654,0.011752329962960717,1,1
2026-01-05 00:56:00,27.615952565956885,-2.3885530928233836,26.47574226248798,0.20642314630484598,28.002212950897334,0.02969104565427132,1,0
2026-01-05 00:57:00,27.516012695208747,-1.525207460393938,25.698788167820503,0.0,27.872189251449495,0.01606744539109093,1,0
2026-01-05 00:58:00,27.640706380793645,-2.48148931892415,25.200498666259364,0.0,28.193991420656243,0.0041918326192716855,1,0
2026-01-05 00:59:00,27.620434926187073,-1.9406708294974215,26.047660476616933,0.31739685264517914,28.005015079475427,0.03330862858667196,1,0
2026-01-05 01:00:00,27.487005725725645,-2.2688532537824786,25.345508559765047,0.5267249112345374,27.839782140529536,0.02925764249058692,1,0
2026-01-05 01:01:00,27.31337488718223,-2.180845608107019,25.05742362144536,0.0,27.27017443479238,0.023102925293811152,1,1
2026-01-05 01:02:00,27.575549433313697,-2.6228906431118926,25.02933645564276,0.06275208595129929,28.162584179574285,0.02225201984649466,1,0
2026-01-05 01:03:00,27.508854551182175,-1.6627752530964446,25.851695114205594,0.0,27.890946278931168,0.052467047044405406,1,0
2026-01-05 01:04:00,27.201574931061632,-2.236832561267995,25.762347164283504,0.30918254220026686,27.961242385828502,0.06447045562275106,1,0
2026-01-05 01:05:00,27.629267118161387,-2.5699640941668314,26.671804042846734,0.08632600718993416,27.945089570048403,0.04755224628989686,1,0
2026-01-05 01:06:00,27.70752764878963,-1.7096409544148643,25.398964351590042,1.1646153002504809,27.77326375082768,0.029993354035505532,1,0
2026-01-05 01:07:00,27.98458532959857,-2.326234674019739,25.379109528450194,0.0,28.03896250070729,0.00447080230529107,1,0
2026-01-05 01:08:00,27.454622956084897,-2.032674237350931,26.594087982253445,0.5380523179412955,28.10141744864984,0.03628880254630936,1,0
2026-01-05 01:09:00,27.423475367765764,-1.8535869296318683,26.26867191124796,0.5721207258728971,28.078826657572584,0.037085026347181506,1,0
2026-01-05 01:10:00,27.316005984264507,-1.9787706978532578,25.6726680945817,0.18675911066752227,28.00393045602575,0.35613202149298884,1,1
2026-01-05 01:11:00,27.548374608726277,-2.9084259468712608,24.47119716421893,0.012979161782368036,28.113059087234515,0.004462343034418212,1,0
2026-01-05 01:12:00,27.54221861791315,-1.889494935361083,24.98842233058873,0.03319319412151004,27.863758499038003,0.040301151384500286,1,0
2026-01-05 01:13:00,27.354621382363117,-2.159729166031168,24.81181788291646,0.0035716982369805796,28.218193791029563,0.053108551469373835,1,0
2026-01-05 01:14:00,27.463898088801287,-2.2297379600858784,25.56831411369308,0.3966548993445993,27.9073501472042,0.007312798615908861,1,0
2026-01-05 01:15:00,27.13384017995991,-2.1412851234658743,25.180223871772668,0.0,27.920679082099188,0.037323831358218096,1,0
2026-01-05 01:16:00,27.65125269591144,-2.653674628273644,26.65151307591116,0.0,27.930974108511037,0.010388020483881339,1,0
2026-01-05 01:17:00,27.340184539681044,-2.008543943630733,24.423043856663302,0.0,27.92222239421723,0.02312314585141836,1,0
2026-01-05 01:18:00,27.466974452499304,-2.537637669715343,24.70383663159471,0.0,27.976873113223327,0.007923558357496044,1,0
2026-01-05 01:19:00,27.210624370981265,-2.143174328005478,25.681894372692895,0.30062021841684394,27.972226621953332,0.018687178390268254,1,0
2026-01-05 01:20:00,27.356739977895533,-1.9702831123519058,25.869695477122292,0.37202178348766896,28.01555679815631,0.01882674415098287,1,0
2026-01-05 01:21:00,27.405296651354337,-1.6298118575067042,23.687888070619415,0.0,27.90175634327905,0.03242094902323355,1,0
2026-01-05 01:22:00,27.447582371594113,-2.2723363484325394,24.278447598701323,0.3605463598291608,28.01999252272242,0.04102644995624835,1,0
2026-01-05 01:23:00,27.52989779400199,-1.4562594668289632,25.303222382699115,0.0,27.869148724733467,0.04689119706205441,1,0
2026-01-05 01:24:00,27.696457619374716,-1.6109591863462411,26.431645614521575,0.008384076120852249,28.087896966398304,0.013264611419385902,1,0
2026-01-05 01:25:00,27.56314464167853,-2.0700004600356627,26.798678485174804,0.0,28.086408409924445,0.0314776332266341,1,0
2026-01-05 01:26:00,27.598240775939136,-2.2845353177768675,25.182089920183614,0.030712047939857278,27.999305570747275,0.005233040821681505,1,0
2026-01-05 01:27:00,27.679113863177946,-2.378104755566886,25.347939872386448,0.028890809588233646,27.922036345437675,0.023007615330450364,1,0
2026-01-05 01:28:00,27.515103583948026,-1.7535967372994243,24.876904380418598,0.0,28.03733599751812,0.025769335356835635,1,0
2026-01-05 01:29:00,27.399674614195032,-2.0824642181497452,25.901436344426067,0.0,27.89348234048872,0.008394336579464434,1,0
2026-01-05 01:30:00,28.38164014312591,2.219774881848607,24.52380854122108,4.761952911039782,28.004144827760374,0.03506390352289013,0,0
2026-01-05 01:31:00,28.38685976206665,1.5865814253705397,24.32886351694473,5.277127433685495,27.98178216609347,0.02219641690804999,0,0
2026-01-05 01:32:00,28.30418568555994,1.5334757423178464,23.425325603222095,4.597448367531884,28.315589012039712,0.02777864560206203,0,0
2026-01-05 01:33:00,27.919351909145323,1.954538314721723,22.85479736766065,5.589369004615263,27.852753698081827,0.047041153476782595,0,0
2026-01-05 01:34:00,28.023486014270155,1.6563566745301335,23.443818100300273,4.577692441550365,27.67992280519267,0.017301819529694694,0,0
2026-01-05 01:35:00,28.11926958929446,1.9226995478430693,24.401109215862007,4.884020725920919,27.92349034682731,0.04030356891706589,0,0
2026-01-05 01:36:00,28.30290767938527,2.2874540905970013,23.150843124951226,4.999922276109463,27.79413620570277,0.05097180752913108,0,0
2026-01-05 01:37:00,28.152611703359355,2.005345313059125,22.15722011939134,4.697885433126295,27.912796616686126,0.04986886303206779,0,0
2026-01-05 01:38:00,28.355021629974043,2.0278093037275706,23.17299858675276,5.283827124357862,27.8442875034833,0.02161356646741976,0,0
2026-01-05 01:39:00,28.381119534186485,2.077526186420294,23.226841414935496,4.990824124182302,27.891459920495887,0.007492080787442273,0,0
2026-01-05 01:40:00,28.354287058563276,1.4323910167904021,22.14457531130979,4.72828417432062,27.87221084091871,0.01222123015582349,0,0
2026-01-05 01:41:00,28.34956811479159,2.18027364213631,23.579405364416697,5.279942670565685,28.115554177971674,0.003560285598693435,0,0
2026-01-05 01:42:00,27.940128501407784,2.1160767407711574,23.768848725650123,4.444577876818621,27.994176462718592,0.03734833686006557,0,0
2026-01-05 01:43:00,28.207967583480006,2.388317828206545,24.71440791116111,4.602080768162696,28.129054336377028,0.03846554357381811,0,0
2026-01-05 01:44:00,28.00613989132657,2.3021969307922423,22.477828561943507,4.99689965117471,28.004857778100448,0.02711317571237699,0,0
2026-01-05 01:45:00,27.813168060355345,2.032426870262623,23.92003883045621,5.080513248895087,27.000828784279406,0.0002295541212878234,0,1
2026-01-05 01:46:00,28.05286972866798,2.475915428233442,24.083812864251104,4.912917659804408,26.478030934961506,0.01842488231533161,0,1
2026-01-05 01:47:00,28.33779793118817,2.0220936049339255,23.769288532975285,4.7554826872451255,28.19134624366508,0.04984466476291045,0,0
2026-01-05 01:48:00,28.17713221640868,2.219374767130497,22.699491886951623,4.711994576219992,28.05651618145393,0.03597395170474271,0,0
2026-01-05 01:49:00,28.452386621330447,2.0307012035288174,22.657676533193566,5.195990324091386,27.906421465484016,0.03909486753802934,0,0
2026-01-05 01:50:00,28.11619965640468,2.306297945277396,23.470208325327572,4.884138127337684,28.07429795222904,0.08454506785338609,0,0
2026-01-05 01:51:00,28.520160986502134,2.016311239455677,23.464513709625788,4.494716429659754,28.00325180750902,0.030905343996828788,0,0
2026-01-05 01:52:00,28.10691531391045,2.7264298525862323,23.009177902855257,4.474534172881718,27.975699078144505,0.013855773533626575,0,0
2026-01-05 01:53:00,28.074565289246717,2.8558637474856576,24.304493301261648,5.329711459407875,28.011522554061774,0.005180200869469884,0,0
2026-01-05 01:54:00,27.835943715588197,2.4539610523439963,23.11956074363136,4.548433435803933,28.09014996809384,0.03050000184093476,0,0
2026-01-05 01:55:00,28.262013293491282,2.6841365408491837,22.074409479116675,4.895455873479684,27.74589848996027,0.02533730371573374,0,0
2026-01-05 01:56:00,27.967775541141506,1.6008784358959378,23.243247291222417,5.272817252157973,27.95788714627273,0.021904221410399993,0,0
2026-01-05 01:57:00,27.93790836591894,1.6353875705570555,23.736538735560362,4.989737551772822,28.08192048575171,0.02222022925587567,0,0
2026-01-05 01:58:00,26.144950520845168,2.011968150777457,23.640154386538082,4.5348251573154705,28.029787271802768,0.010880163302235717,0,1
2026-01-05 01:59:00,28.25583142307511,2.129008754045312,23.635345158731344,4.444507066685699,27.864834281271847,0.03172865898763561,0,0
2026-01-05 02:00:00,28.247884673416724,2.0337362949896747,24.447962908778575,5.454460965496226,27.715868515538933,0.05009849368009538,0,0
2026-01-05 02:01:00,27.9758750291555,1.515415813022745,22.622771809521836,4.435592392822405,28.204111200015497,0.05618209573469625,0,0
2026-01-05 02:02:00,24.695465595554598,2.4788608609756304,23.107657186097036,4.6063557681345655,27.977550154074844,0.05567170288850758,0,1
2026-01-05 02:03:00,28.02478802603908,2.8140700705920283,24.48709170792785,4.930376273516252,28.181685941049885,0.007792599927768259,0,0
2026-01-05 02:04:00,28.17396017869901,2.491476117371063,22.029882637552994,4.7233925428232295,28.095395529978724,0.024636844389527998,0,0
2026-01-05 02:05:00,28.310496968587497,2.4049088074655627,23.371087715512132,5.000831821713467,27.904766373213178,0.01935087860402943,0,0
2026-01-05 02:06:00,28.095076207002585,2.0848667001033334,24.270737212399606,4.286279756101415,27.69982794530996,0.0356555163463172,0,0
2026-01-05 02:07:00,28.382453290095427,1.6904226627271277,24.262294456442135,4.72636021563276,27.944542069096666,0.023511465038201083,0,0
2026-01-05 02:08:00,28.186841764516274,1.9896998653976692,23.876726922363794,5.037191061569893,27.995530916019735,0.02093870521612622,0,0
2026-01-05 02:09:00,27.981669540927317,2.6793136379710543,23.896786743251063,5.038375576956057,28.054079202589314,0.051182427195202954,0,0
2026-01-05 02:10:00,28.171902657561017,1.7965112107865278,22.69076783805985,4.599641353293591,27.866694567202494,0.026770811620556043,0,0
2026-01-05 02:11:00,28.328820997794097,1.7372380377975807,24.383383401127755,4.442401484390758,28.021360789966323,0.0272353052418568,0,0
2026-01-05 02:12:00,28.38067807583515,2.2603253724725927,22.584961866174933,4.8747995875966055,28.02131702890958,0.032438287227072635,0,0
2026-01-05 02:13:00,28.234078912981065,2.2595007030970047,22.6297313263734,4.340638074031584,28.118314379951396,0.03717148784883238,0,0
2026-01-05 02:14:00,28.024731052795,1.527649133789263,23.70271698560848,5.249494708587368,27.96318315836828,0.03727520568451122,0,0
2026-01-05 02:15:00,27.980995214269935,1.708480385366919,23.08944837575647,4.8550930674843364,28.053131127554146,0.05293847216137845,0,0
2026-01-05 02:16:00,28.12380216177761,1.5999183106240475,23.582767886611233,4.5561159483223115,28.034612433897212,0.001858911577063669,0,0
2026-01-05 02:17:00,28.32175388010202,1.7756806973353687,23.743306516751463,0.7655852067864176,28.105070400774114,0.030840322417475242,0,1
2026-01-05 02:18:00,28.099064500832313,2.1135212430468133,24.690302849643768,4.5784301669726695,27.901610748757854,0.023157169656378648,0,0
2026-01-05 02:19:00,28.1035674845629,1.4221172930692214,23.75325621067518,4.2533241263127906,27.63149728142937,0.019584182613982478,0,0
2026-01-05 02:20:00,28.03198621823488,2.061675634118962,23.020863819164404,4.973172674571743,27.971576438737248,0.03864005130927683,0,0
2026-01-05 02:21:00,27.964913040594297,1.6932201120459245,23.931733435236072,4.51900369316612,27.972284054905987,0.0483377728712893,0,0
2026-01-05 02:22:00,27.996162558074413,2.449852200734947,22.88048247046037,4.939885116614621,27.861097736334145,0.014348331596481355,0,0
2026-01-05 02:23:00,28.0513495720753,1.7261190670481918,24.106601623643964,4.98814100111183,27.819032714843463,0.055364875080272324,0,0
2026-01-05 02:24:00,28.33806782639004,1.5603536623273961,23.517477706996207,5.138099031158986,27.93103588538099,0.393359399721889,0,1
2026-01-05 02:25:00,27.18770684812299,-1.8238255088996898,25.757626536832785,0.08814665894821093,27.98621473145061,0.03562470589288095,1,0
2026-01-05 02:26:00,27.242577079842025,-2.1611316129211735,24.23595728850182,0.39383202990722793,28.011451346478143,0.008967655516212494,1,0
2026-01-05 02:27:00,27.079793838751158,-2.688446282090217,23.912223051270495,0.48513865215891705,27.725763335644398,0.013448104828712967,1,0
2026-01-05 02:28:00,27.367210663631315,-2.1599861747572295,24.44223774742758,0.09037530967149529,27.789575202183375,0.026081431053440518,1,0
2026-01-05 02:29:00,27.48707168545468,-2.179865913568489,26.720923031235436,0.1114843012121859,28.13554666247167,0.01782118741003951,1,0
2026-01-05 02:30:00,27.536525039591016,-2.6604200025169855,24.700981866294413,0.0,27.977247022776496,0.02653897965806258,1,0
2026-01-05 02:31:00,27.28395695713707,-2.1401402326327803,26.023271084669247,0.0,27.999707963791177,0.03600645210677515,1,0
2026-01-05 02:32:00,27.354157007930354,-2.8480029277116654,25.067438974196115,0.44872607825888716,27.84000920444015,0.03903569052568653,1,0
2026-01-05 02:33:00,27.226737883021897,-2.254560173007717,25.355028836851627,0.21201029935389165,27.999471559880078,0.02210085858295471,1,0
2026-01-05 02:34:00,27.3532014266958,-2.054344906980961,25.498175472373067,0.24039016968715987,27.954919482280932,0.020686506061096607,1,0
2026-01-05 02:35:00,27.31862572768844,-2.11073405155589,26.686707551419797,0.0,27.925776141866443,0.018287978317930116,1,0
2026-01-05 02:36:00,27.276721521119335,-2.291956978889282,25.95195174141752,0.5683725262642847,27.824579899559744,0.005806374852560914,1,0
2026-01-05 02:37:00,27.295314500548923,-2.1797224301385083,25.819207439312127,0.0,27.89578154424019,0.007711188633555181,1,0
2026-01-05 02:38:00,27.35630750432824,-2.424209342573924,26.46440958066482,0.0,28.236642096162672,0.03946537080629644,1,0
2026-01-05 02:39:00,27.2266090525832,-2.14429688158101,25.12066826539273,0.0,27.958063530035638,0.04416461265266262,1,0
2026-01-05 02:40:00,27.240648807682373,-2.124352471247155,26.319079365813778,0.5499170658517338,28.094754354287677,0.03574293126923466,1,0
2026-01-05 02:41:00,27.59650609690226,-2.4546909964621286,26.209630972564753,0.0,27.97643226414552,0.03182656625546957,1,0
2026-01-05 02:42:00,27.7820970729797,-2.03917506052512,26.209274065155082,0.0,27.962546076742193,0.19986449506623322,1,1
2026-01-05 02:43:00,27.082559226639134,-2.0330059198202166,25.485602450570678,1.0144782615092554,27.92367968387227,0.0378899841825764,1,0
2026-01-05 02:44:00,27.077909715650332,-2.172751385958082,25.2959063971669,0.3293632077137058,28.1614758393124,0.01086721422535528,1,0
2026-01-05 02:45:00,27.137712490994527,-1.2557424286241734,25.001204754568963,0.0,28.044768627547732,0.029004293351813527,1,0
2026-01-05 02:46:00,27.296903203991597,-2.139408985733778,25.05324866116546,0.0,27.905246907373645,0.019670691397694,1,0
2026-01-05 02:47:00,27.48233368556467,-3.837179017191826,24.98470135574643,0.0,27.952706798028675,0.019908470238157734,1,1
2026-01-05 02:48:00,27.433212933815042,-2.207938277139796,25.89187615792797,0.03398995117754036,28.129108841353485,0.04552368378481274,1,0
2026-01-05 02:49:00,27.36353641780562,-2.382959157737388,25.483856048987228,0.2548071240594179,27.659375390505208,0.05334390519479855,1,0
2026-01-05 02:50:00,27.433644772653796,-1.7849115874451094,25.95441557132264,0.5315793734653381,28.037260266425857,0.017234162550863075,1,0
2026-01-05 02:51:00,27.219801432819402,-2.2459112771091663,26.002830651644373,0.0,28.06451217705873,0.02040866337322831,1,0
2026-01-05 02:52:00,27.306443177037465,-2.1842535939308423,24.928494243188446,0.0,27.910030428931083,0.019466139182929283,1,0
2026-01-05 02:53:00,27.352837040084413,-2.1526995928135753,24.916626767556938,0.0,26.91399612944646,0.045906488980390084,1,1
2026-01-05 02:54:00,27.07741695465587,-2.2870880556235105,25.528673302684684,0.9756845195506744,28.060277183795744,0.0011067591743105405,1,0
2026-01-05 02:55:00,27.15970749116988,-2.532586216554654,25.15555000330679,0.3100658758391265,27.8522624206529,0.02881240420564809,1,0
2026-01-05 02:56:00,27.17306695079721,-2.058502028041662,25.091371574954906,0.13047992081427656,28.101032224370954,0.03977683181357143,1,0
2026-01-05 02:57:00,27.5187243568749,-1.5671017323369245,26.904291661422192,0.0,28.035680814404977,0.04233281084537003,1,0
2026-01-05 02:58:00,27.431607725469096,-1.7797676534231754,24.653736692907078,0.0,27.981643159130066,0.00711208089023084,1,0
2026-01-05 02:59:00,27.50370910660686,-1.2782134212446041,27.153126462700516,0.013597389956681322,28.012591406622665,0.022760769120300662,1,0
2026-01-05 03:00:00,27.868862101835557,2.0628347067462136,23.949211651829806,4.765220678795662,28.08486308834576,0.0525432652926172,0,0
2026-01-05 03:01:00,27.939239905917162,2.007802449406362,24.447500709179415,4.7062673678070555,28.27793397540766,0.0055952101625410845,0,0
2026-01-05 03:02:00,28.331934944520107,2.5076377432644597,24.375219917953476,4.66684821632269,28.073193568320633,0.02681892887850505,0,0
2026-01-05 03:03:00,27.718654587888288,1.8387681335351012,24.209627092757977,4.538076092846071,28.097269898657395,0.0341433211102465,0,0
2026-01-05 03:04:00,28.445484442540774,1.9185495602626765,24.95152070167384,4.457825255537602,28.023223219679586,0.0006973682393165183,0,0
2026-01-05 03:05:00,27.903059586145943,1.9156945025829328,23.0411419293427,5.286327729379857,28.228198155499896,0.014850846753092641,0,0
2026-01-05 03:06:00,28.38922618489369,2.482683180990773,23.70007463813534,4.489715096219619,27.824080781995097,0.00543505462321122,0,0
2026-01-05 03:07:00,28.083600708751682,1.9651954077357292,23.2233615868501,4.703348179431074,27.79151178322382,0.022038428551944437,0,0
2026-01-05 03:08:00,28.438417392777946,1.7585746615546411,22.64402100081326,4.786322662999342,28.018363927558312,0.010762119292281441,0,0
2026-01-05 03:09:00,28.83309202349246,2.2114112765893563,23.37943573564596,5.047198117260953,28.079217062182835,0.028738342682552015,0,0
2026-01-05 03:10:00,27.85239165237682,1.7392847295203397,25.16421966723496,4.5018593805812674,27.691046127818566,0.036426853828009205,0,0
2026-01-05 03:11:00,28.39259707342978,2.229845459075521,23.743243338043104,5.142323807525095,27.999587724657708,0.049995318403807956,0,0
2026-01-05 03:12:00,27.947743307306766,2.204945015866717,25.264465155294054,4.597116773456352,27.978341228963405,0.06698105373012553,0,0
2026-01-05 03:13:00,28.355725212421188,2.0095128300300815,25.347515836273235,4.743335990760254,28.089298982621198,0.02873859731189082,0,0
2026-01-05 03:14:00,28.247285891862116,2.2881972006246474,25.995557473179552,5.375084504980936,28.051448264958463,0.019301737236537164,0,0
2026-01-05 03:15:00,28.313360818043133,1.5823824157166362,25.244435638891915,4.460770300415466,27.78301337741596,0.01825602738315428,0,0
2026-01-05 03:16:00,28.13128193782289,2.1716146586684517,25.57300021277624,5.052316649354236,27.870393131013312,0.007632406262878602,0,0
2026-01-05 03:17:00,28.4411521223341,1.9625464644650115,24.161733791579344,5.151613803820842,27.90318523935556,0.03306678436351579,0,0
2026-01-05 03:18:00,28.045096934577973,3.1346620327528862,24.105844241781334,4.908464230784113,28.088673416312247,0.01609226340462755,0,0
2026-01-05 03:19:00,28.534313772880388,2.194142278570668,24.16438747714762,4.758864212235189,28.044957547841825,0.03432494039390877,0,0
2026-01-05 03:20:00,28.24203671455375,1.9359454961300713,23.970114501715365,5.543996412278759,27.92551303815741,0.008205522574576015,0,0
2026-01-05 03:21:00,28.067959187212036,1.6656770557603164,24.08698986923541,4.7951541119532255,28.017345668316196,0.01661061887110814,0,0
2026-01-05 03:22:00,28.612127134883945,2.606678958334677,24.520989948923756,4.871427125011481,27.873039211268008,0.03278236150872037,0,0
2026-01-05 03:23:00,28.31735948655531,2.0272753376233617,23.68070596359339,4.682215629142865,28.245956644073683,0.022751705114308917,0,0
2026-01-05 03:24:00,28.67714054326549,1.8711094399025008,23.054835690217875,4.852878650082902,28.068922888078845,0.009565785899553411,0,0
2026-01-05 03:25:00,28.557732103037818,2.2623874384574423,24.286175937579195,5.137441292547258,28.094341237173133,0.024726529265963262,0,0
2026-01-05 03:26:00,28.198175708787648,2.3670050951885804,23.559223476880014,4.703643130681088,28.16521732412625,0.010568072845811205,0,0
2026-01-05 03:27:00,28.330324894818876,2.354753307326635,23.644311472485036,4.062014338557696,28.121949183186167,0.04626573129726383,0,0
2026-01-05 03:28:00,28.37101359219935,2.1314269971691533,23.96956170525915,4.979749563985887,28.003783157358587,0.04248000048222786,0,0
2026-01-05 03:29:00,28.627383233305714,2.170294464115069,23.821742741252294,4.422582945611915,26.1560748215151,0.01609274709792225,0,1
2026-01-05 03:30:00,28.434637761087277,2.184321867812798,24.872092736808543,5.05965675468571,28.15459412982144,0.03942698011904771,0,0
2026-01-05 03:31:00,28.39066323851197,2.2079018433643776,23.991227855749084,4.799536343895654,28.00318423387444,0.03200739255265978,0,0
2026-01-05 03:32:00,28.325804602656156,2.224513582327865,24.93320753102174,5.13008818615903,27.91011786585876,0.0017127704392311954,0,0
2026-01-05 03:33:00,28.355337915921833,2.443159151874033,24.27810987528422,4.468079681228976,28.235995897108257,0.04080982214736177,0,0
2026-01-05 03:34:00,28.601719669244115,2.062875631369713,24.08499172785709,4.612672578657985,27.88768865386164,0.0019620772916701078,0,0
2026-01-05 03:35:00,25.172374447961914,1.7390945203496613,24.27083564658831,4.680987390902327,27.791835390993597,0.04561680606501728,0,1
2026-01-05 03:36:00,28.300090664099454,1.9552227422159665,23.269113355450735,4.281201229084017,28.11913316307242,0.013368609438472104,0,0
2026-01-05 03:37:00,28.271415815458433,2.2492950290388642,24.423132843912523,5.188997073050382,27.91225043312288,0.002324851396645851,0,0
2026-01-05 03:38:00,28.27497550303917,1.3390302615403735,24.794185378351415,4.231101979361034,28.0522116020996,0.06317346227318117,0,0
2026-01-05 03:39:00,28.123689288844385,1.3190945566963668,24.90666964187346,5.1840597662923615,28.218065300342662,0.0028339130171166,0,0
2026-01-05 03:40:00,28.24219784004343,2.2411036926512993,23.27991926435415,4.94853946753578,27.835018425375416,0.010491565802404356,0,0
2026-01-05 03:41:00,28.64796390199054,2.4285160604339318,23.17656496170381,4.730396433680001,27.995090155157047,0.014021432661415957,0,0
2026-01-05 03:42:00,28.34182607426414,1.429949079529395,23.87752919539909,4.9207906520221725,28.178009106763824,0.01679796949252812,0,0
2026-01-05 03:43:00,26.79860568419464,1.8838713301275474,25.23605582968074,4.911206650915613,28.081826370807768,0.0375780647585751,0,1
2026-01-05 03:44:00,24.709000228996594,1.6845739762894767,24.435001796940334,4.659850230947693,27.97842149518648,0.02604241483937888,0,1
2026-01-05 03:45:00,28.482296035613857,1.708709460715436,23.751593886131964,4.904352435025931,28.286725545238912,0.043077451795591984,0,0
2026-01-05 03:46:00,28.350846862076995,1.8825210872543225,23.290417008275924,5.055914164980952,27.988561906919756,0.03169450918813566,0,1
2026-01-05 03:47:00,28.292902324926477,1.2987848345102126,23.842306605168094,4.4693610550626435,28.047624943423425,0.005113999100093997,0,0
2026-01-05 03:48:00,28.41158673350209,1.3397047830414577,23.808666062008005,4.921168233318851,28.197922539509218,0.03489742994385166,0,0
2026-01-05 03:49:00,28.288999706687317,1.5980890149416125,25.003363083298574,3.880786216313458,28.117703628566392,0.029208517404345064,0,0
2026-01-05 03:50:00,27.99496790996229,1.6294114905730666,25.070914417650187,4.124640035034979,28.1586063520267,0.01375668393110954,0,0
2026-01-05 03:51:00,28.542071197543034,1.2635578879340317,32.41340411843504,4.99758432804475,27.892055260382048,0.0623270559853655,0,1
2026-01-05 03:52:00,28.41839639177235,1.912061639201153,24.916818356770786,4.653759768854529,28.147380973862514,0.035950266042763926,0,0
2026-01-05 03:53:00,28.316517463414282,1.4683819169295307,24.858893512866977,4.5012966396272684,28.020351050916876,0.041951081375400504,0,0
2026-01-05 03:54:00,28.197276805960087,1.446638999574233,23.591363943585222,4.781441084255068,27.910506530266787,0.042578313326138616,0,0
2026-01-05 03:55:00,27.304570318842178,-1.926045086809816,26.372257339338216,0.0,28.026633309212755,0.017439036764295993,1,0
2026-01-05 03:56:00,27.607193781094274,-2.088248326284255,26.68330524171243,0.0,28.022829554578827,0.03640093257589041,1,0
2026-01-05 03:57:00,27.85485755521623,-1.7669838044000516,26.572805592165214,0.0,28.224170620302786,0.030688484267084856,1,0
2026-01-05 03:58:00,27.59835289414724,-2.402501651992574,25.27497814124634,0.0,28.045755484675386,0.014973542476680375,1,0
2026-01-05 03:59:00,27.310033477617896,-2.5792484593664824,26.578005074289948,0.2585773348409493,27.906303424673908,0.003011507804956407,1,0
